Bwd Packet Length Std,Bwd Packet Length Mean,Bwd Packet Length Max,Packet Length Std,Fwd IAT Std,Max Packet Length,Packet Length Variance,Idle Min,Idle Mean,Average Packet Size,Idle Max,Packet Length Mean,Flow IAT Max,Fwd IAT Max,Flow IAT Std,PSH Flag Count,Fwd IAT Total,Flow Duration,FIN Flag Count,min_seg_size_forward,Bwd IAT Std,Flow IAT Mean,Min Packet Length,ACK Flag Count,Bwd Packet Length Min,Fwd IAT Mean,Bwd IAT Max,Flow IAT Min,Idle Std,Init_Win_bytes_forward,Label,_row_hash,_dataset
-0.40118011873256,-0.5079938642590249,-0.4496293109643878,-0.4686314183190865,-0.3378076683812179,-0.4676915470807261,-0.2963929877022355,-0.3386466567372986,-0.3509324100615936,-0.5538430523058961,-0.3549638210716314,-0.545372356354676,-0.3732584065549472,-0.3664552539420096,-0.3620028167560174,-0.6484466292680843,-0.4291894154403735,-0.4372272495326662,-0.1920223529146078,-0.9241262771572012,-0.2378962583894591,-0.2852546761750271,-0.4191927610052267,1.475962593537489,-0.599359767458393,-0.2741229572045423,-0.2715149221930298,-0.0544745256991189,-0.1054751099787656,-0.4662053497727551,0,6792609695267291303,TRAIN
-0.40118011873256,-0.5079938642590249,-0.4496293109643878,-0.4686314183190865,-0.3378074890106277,-0.4460650143740527,-0.2963929877022355,-0.3386466567372986,-0.3509324100615936,-0.4189308793257164,-0.3549638210716314,-0.4016861168890022,-0.3732625117091424,-0.3664593472530729,-0.3620025997559415,-0.6484466292680843,-0.4291920137503562,-0.437229841627139,-0.1920223529146078,0.90342218917247,-0.2378962583894591,-0.2852783728768637,1.331663444062535,-0.6775239456463912,-0.599359767458393,-0.2741342638969005,-0.2715149221930298,-0.0545103444377266,-0.1054751099787656,-0.4841466134411829,0,3439545459716259957,TRAIN
-0.40118011873256,-0.5079938642590249,-0.4496293109643878,-0.4686314183190865,-0.3378076683812179,-0.4676915470807261,-0.2963929877022355,-0.3386466567372986,-0.3509324100615936,-0.5538430523058961,-0.3549638210716314,-0.545372356354676,-0.3732584065549472,-0.3664552539420096,-0.3620028167560174,-0.6484466292680843,-0.4291894154403735,-0.4372272495326662,-0.1920223529146078,-0.9241262771572012,-0.2378962583894591,-0.2852546761750271,-0.4191927610052267,1.475962593537489,-0.599359767458393,-0.2741229572045423,-0.2715149221930298,-0.0544745256991189,-0.1054751099787656,-0.4662053497727551,0,6792609695267291303,TRAIN
-0.40118011873256,-0.4091687626187532,-0.4189056555717458,-0.4548071348901686,-0.3378076683812179,-0.4411498933043543,-0.2963465410176479,-0.3386466567372986,-0.3509324100615936,-0.391393060155015,-0.3549638210716314,-0.4003798783484051,-0.3732570518540628,-0.3664595109855155,-0.3619928566546726,-0.6484466292680843,-0.4291925214661,-0.4372260875592818,-0.1920223529146078,-0.9241262771572012,-0.2378962583894591,-0.2852677993485119,1.0929103251896586,-0.6775239456463912,0.2693308038612708,-0.2741341207742125,-0.2715147448067069,-0.0545096686124699,-0.1054751099787656,-0.4841466134411829,0,2094685658787217629,TRAIN
-0.40118011873256,-0.4289337829468075,-0.4250503866502743,-0.4548071348901686,-0.3378076683812179,-0.4470480385879924,-0.2963465410176479,-0.3386466567372986,-0.3509324100615936,-0.4365180579747043,-0.3549638210716314,-0.4395670345663162,-0.3732581191941536,-0.3664594700524048,-0.3619958449921115,-0.6484466292680843,-0.429192491600468,-0.4372254916754949,-0.1920223529146078,0.90342218917247,-0.2378962583894591,-0.2852662995572578,0.6154040874439054,-0.6775239456463912,0.095592689597338,-0.2741340134321964,-0.2715120840118628,-0.0545093306998415,-0.1054751099787656,-0.4841466134411829,0,8562596694476980318,TRAIN
-0.40118011873256,-0.5079938642590249,-0.4496293109643878,-0.4441805820546621,-0.3377852938597835,-0.4554037444064799,-0.2962476906192643,-0.3386466567372986,-0.3509324100615936,-0.5498319413986182,-0.3549638210716314,-0.5396575627395639,-0.3732501962465569,-0.3664470673198829,-0.3619757483673706,-0.6484466292680843,-0.4291833527170802,-0.4372212013122295,-0.1920223529146078,-0.9241262771572012,-0.2378962583894591,-0.2852438776779876,-0.6579458798781034,1.475962593537489,-0.599359767458393,-0.2741178047877714,-0.2715149221930298,-0.0545096686124699,-0.1054751099787656,4.000541010385554,0,9430219138086731806,TRAIN
-0.40118011873256,-0.5079938642590249,-0.4496293109643878,-0.4686314183190865,-0.3378076683812179,-0.4706406197225452,-0.2963929877022355,-0.3386466567372986,-0.3509324100615936,-0.5809180509977097,-0.3549638210716314,-0.5649659344636314,-0.3732570108025209,-0.3664538622162481,-0.3620028167560174,-0.6484466292680843,-0.4291884000088859,-0.4372262365302286,-0.1920223529146078,0.90342218917247,-0.2378962583894591,-0.2852470272396241,-0.6579458798781034,1.475962593537489,-0.599359767458393,-0.2741193075759962,-0.2715149221930298,-0.0544630366697541,-0.1054751099787656,-0.4611091931665479,0,516750434422227158,TRAIN
-0.40118011873256,-0.4981113540949978,-0.4465569454251236,-0.4686314183190865,-0.3378076683812179,-0.4676915470807261,-0.2963929877022355,-0.3386466567372986,-0.3509324100615936,-0.5538430523058961,-0.3549638210716314,-0.545372356354676,-0.3732626759153102,-0.3664596337848474,-0.3620028167560174,-0.6484466292680843,-0.429192611062996,-0.4372303481283579,-0.1920223529146078,-0.9241262771572012,-0.2378962583894591,-0.2852780729186127,-0.4191927610052267,1.475962593537489,-0.5124907103264267,-0.2741344428002606,-0.2715149221930298,-0.0545096686124699,-0.1054751099787656,-0.4766769044430437,0,15564636983479894257,TRAIN
-0.40118011873256,-0.4701109086302541,-0.4378519097305417,-0.4686314183190865,-0.3378076683812179,-0.4593358412622387,-0.2963929877022355,-0.3386466567372986,-0.3509324100615936,-0.4944284718433053,-0.3549638210716314,-0.489857218379302,-0.3732567644932691,-0.3664595928517367,-0.3619921658046169,-0.6484466292680843,-0.429192581197364,-0.4372260279709031,-0.1920223529146078,0.90342218917247,-0.2378962583894591,-0.2852676493693878,0.2572744091345904,-0.6775239456463912,-0.2663617151191885,-0.2741343354582446,-0.2715149221930298,-0.054510682350355,-0.1054751099787656,-0.4841466134411829,0,239575852119228456,TRAIN
-0.40118011873256,-0.5079938642590249,-0.4496293109643878,-0.4686314183190865,-0.3378076683812179,-0.4706406197225452,-0.2963929877022355,-0.3386466567372986,-0.3509324100615936,-0.5809180509977097,-0.3549638210716314,-0.5649659344636314,-0.3732607875443804,-0.3664596337848474,-0.3620028167560174,-0.6484466292680843,-0.429192611062996,-0.4372289775956481,-0.1920223529146078,0.90342218917247,-0.2378962583894591,-0.2852677243589498,-0.6579458798781034,1.475962593537489,-0.599359767458393,-0.2741344428002606,-0.2715149221930298,-0.0544941246315646,-0.1054751099787656,-0.4753505075181405,0,16782952135519240414,TRAIN
-0.40118011873256,-0.4981113540949978,-0.4465569454251236,-0.4686314183190865,-0.3378076683812179,-0.4676915470807261,-0.2963929877022355,-0.3386466567372986,-0.3509324100615936,-0.5538430523058961,-0.3549638210716314,-0.545372356354676,-0.3732605822866707,-0.3664596337848474,-0.3620028167560174,-0.6484466292680843,-0.429192611062996,-0.4372288286247014,-0.1920223529146078,-0.9241262771572012,-0.2378962583894591,-0.2852665995155082,-0.4191927610052267,1.475962593537489,-0.5124907103264267,-0.2741344428002606,-0.2715149221930298,-0.0544924350684227,-0.1054751099787656,-0.4818428714137194,0,2645769624765857911,TRAIN
-0.40118011873256,-0.4981113540949978,-0.4465569454251236,-0.4686314183190865,-0.3378076683812179,-0.4676915470807261,-0.2963929877022355,-0.3386466567372986,-0.3509324100615936,-0.5568513854938754,-0.3549638210716314,-0.545372356354676,-0.3732617727813873,-0.3664596337848474,-0.3620006797779663,-0.6484466292680843,-0.429192611062996,-0.437229662862003,-0.1920223529146078,-0.9241262771572012,-0.2378962583894591,-0.2852758232317294,-0.4191927610052267,1.475962593537489,-0.5124907103264267,-0.2741344428002606,-0.2715148630642555,-0.0545103444377266,-0.1054751099787656,-0.468090229613407,0,14098881056475709653,TRAIN
-0.40118011873256,-0.4981113540949978,-0.4465569454251236,-0.465175347461857,-0.3378076683812179,-0.4676915470807261,-0.2963900847844488,-0.3386466567372986,-0.3509324100615936,-0.5673805516518029,-0.3549638210716314,-0.5532097875982582,-0.3732592686373282,-0.3664595109855155,-0.361996818554317,1.5421469630102351,-0.4291925214661,-0.437227666651317,-0.1920223529146078,-0.3149434550473107,-0.2378962583894591,-0.2852717737953396,-0.5783615069204778,-0.6775239456463912,-0.5124907103264267,-0.2741341207742125,-0.2715146856779326,-0.0545096686124699,-0.1054751099787656,-0.4125909898608774,0,16261496183555883026,TRAIN
-0.40118011873256,-0.5079938642590249,-0.4496293109643878,-0.4686314183190865,-0.3378076683812179,-0.4706406197225452,-0.2963929877022355,-0.3386466567372986,-0.3509324100615936,-0.5809180509977097,-0.3549638210716314,-0.5649659344636314,-0.373222855919617,-0.3664198058682011,-0.3620028167560174,-0.6484466292680843,-0.4291635518030735,-0.4372014477646949,-0.1920223529146078,0.90342218917247,-0.2378962583894591,-0.2850598532909394,-0.6579458798781034,1.475962593537489,-0.599359767458393,-0.2740299990186347,-0.2715149221930298,-0.054181893362946,-0.1054751099787656,-0.4665544015950981,1,1497845503681495151,TRAIN
-0.40118011873256,-0.5079938642590249,-0.4496293109643878,-0.4686314183190865,-0.3378074890106277,-0.4460650143740527,-0.2963929877022355,-0.3386466567372986,-0.3509324100615936,-0.4189308793257164,-0.3549638210716314,-0.4016861168890022,-0.3732625117091424,-0.3664593472530729,-0.3620025997559415,-0.6484466292680843,-0.4291920137503562,-0.437229841627139,-0.1920223529146078,0.90342218917247,-0.2378962583894591,-0.2852783728768637,1.331663444062535,-0.6775239456463912,-0.599359767458393,-0.2741342638969005,-0.2715149221930298,-0.0545103444377266,-0.1054751099787656,-0.4841466134411829,0,3439545459716259957,TRAIN
-0.40118011873256,-0.4981113540949978,-0.4465569454251236,-0.465175347461857,-0.3378076683812179,-0.4676915470807261,-0.2963900847844488,-0.3386466567372986,-0.3509324100615936,-0.5673805516518029,-0.3549638210716314,-0.5532097875982582,-0.3732604591320448,-0.3664595928517367,-0.3619987813332543,1.5421469630102351,-0.429192581197364,-0.4372286498595654,-0.1920223529146078,-0.3149434550473107,-0.2378962583894591,-0.2852742484509112,-0.5783615069204778,-0.6775239456463912,-0.5124907103264267,-0.2741343354582446,-0.2715148039354812,-0.0545103444377266,-0.1054751099787656,-0.4125909898608774,0,7367513017677381781,TRAIN
-0.40118011873256,-0.4157571027281046,-0.4209538992645887,-0.4548071348901686,-0.3378076683812179,-0.4431159417322337,-0.2963465410176479,-0.3386466567372986,-0.3509324100615936,-0.4064347260949115,-0.3549638210716314,-0.4134422637543755,-0.3732580781426116,-0.3664594700524048,-0.3619957782173834,-0.6484466292680843,-0.429192491600468,-0.4372254618813056,-0.1920223529146078,-0.9241262771572012,-0.2378962583894591,-0.2852662245676935,0.9337415792744076,-0.6775239456463912,0.2114180991066265,-0.2741340134321964,-0.2715120840118628,-0.0545093306998415,-0.1054751099787656,-0.4841466134411829,0,10823106279071809637,TRAIN
-0.40118011873256,-0.3894037422906988,-0.4127609244932175,-0.454059344100635,-0.3378076683812179,-0.4352517480207161,-0.2963413802749179,-0.3386466567372986,-0.3509324100615936,-0.304151397703616,-0.3549638210716314,-0.3646760249163049,-0.372291806948151,-0.3664596337848474,-0.3620028167560174,-0.6484466292680843,-0.429192611062996,-0.436525715550388,-0.1920223529146078,-0.9241262771572012,-0.2378962583894591,-0.2799575634397745,1.5704165629354117,-0.6775239456463912,0.4430689181252036,-0.2741344428002606,-0.2715149221930298,-0.0465180349513982,-0.1054751099787656,-0.4841466134411829,0,5973099795185401905,TRAIN
-0.40118011873256,-0.4981113540949978,-0.4465569454251236,-0.4686314183190865,-0.3378076683812179,-0.4676915470807261,-0.2963929877022355,-0.3386466567372986,-0.3509324100615936,-0.5538430523058961,-0.3549638210716314,-0.545372356354676,-0.3732605822866707,-0.3664596337848474,-0.3620028167560174,-0.6484466292680843,-0.429192611062996,-0.4372288286247014,-0.1920223529146078,-0.9241262771572012,-0.2378962583894591,-0.2852665995155082,-0.4191927610052267,1.475962593537489,-0.5124907103264267,-0.2741344428002606,-0.2715149221930298,-0.0544924350684227,-0.1054751099787656,-0.4818428714137194,0,2645769624765857911,TRAIN
-0.40118011873256,-0.4981113540949978,-0.4465569454251236,-0.4686314183190865,-0.3378076683812179,-0.4676915470807261,-0.2963929877022355,-0.3386466567372986,-0.3509324100615936,-0.5538430523058961,-0.3549638210716314,-0.545372356354676,-0.3732605822866707,-0.3664596337848474,-0.3620028167560174,-0.6484466292680843,-0.429192611062996,-0.4372288286247014,-0.1920223529146078,-0.9241262771572012,-0.2378962583894591,-0.2852665995155082,-0.4191927610052267,1.475962593537489,-0.5124907103264267,-0.2741344428002606,-0.2715149221930298,-0.0544924350684227,-0.1054751099787656,-0.4818428714137194,0,2645769624765857911,TRAIN
-0.40118011873256,-0.4981113540949978,-0.4465569454251236,-0.4686314183190865,-0.3378076683812179,-0.4676915470807261,-0.2963929877022355,-0.3386466567372986,-0.3509324100615936,-0.5538430523058961,-0.3549638210716314,-0.545372356354676,-0.3732595970496638,-0.3664596337848474,-0.3620028167560174,-0.6484466292680843,-0.429192611062996,-0.4372281135641572,-0.1920223529146078,-0.9241262771572012,-0.2378962583894591,-0.2852612002669885,-0.4191927610052267,1.475962593537489,-0.5124907103264267,-0.2741344428002606,-0.2715149221930298,-0.0544843251653417,-0.1054751099787656,-0.420339940316891,0,3492594118871351361,TRAIN
-0.40118011873256,-0.4289337829468075,-0.4250503866502743,-0.4548071348900108,-0.3378076683812179,-0.4470480385879924,-0.2963465410176479,-0.3386466567372986,-0.3509324100615936,-0.4365180579747043,-0.3549638210716314,-0.4395670345663162,-0.3732553687408428,-0.3664595109855155,-0.3619898758944163,-0.6484466292680843,-0.4291925214661,-0.4372248659975187,-0.1920223529146078,0.90342218917247,-0.2378962583894591,-0.2852647247764389,0.6154040874439054,-0.6775239456463912,0.095592689597338,-0.2741341207742125,-0.2715147448067069,-0.0545096686124699,-0.1054751099787656,-0.4841466134411829,0,14378605593718292494,TRAIN
-0.40118011873256,-0.5079938642590249,-0.4496293109643878,-0.4686314183190865,-0.3378076683812179,-0.4706406197225452,-0.2963929877022355,-0.3386466567372986,-0.3509324100615936,-0.5809180509977097,-0.3549638210716314,-0.5649659344636314,-0.373222855919617,-0.3664198058682011,-0.3620028167560174,-0.6484466292680843,-0.4291635518030735,-0.4372014477646949,-0.1920223529146078,0.90342218917247,-0.2378962583894591,-0.2850598532909394,-0.6579458798781034,1.475962593537489,-0.599359767458393,-0.2740299990186347,-0.2715149221930298,-0.054181893362946,-0.1054751099787656,-0.4665544015950981,1,1497845503681495151,TRAIN
-0.40118011873256,-0.5079938642590249,-0.4496293109643878,-0.4686314183190865,-0.3378074890106277,-0.4460650143740527,-0.2963929877022355,-0.3386466567372986,-0.3509324100615936,-0.4189308793257164,-0.3549638210716314,-0.4016861168890022,-0.3732625117091424,-0.3664593472530729,-0.3620025997559415,-0.6484466292680843,-0.4291920137503562,-0.437229841627139,-0.1920223529146078,0.90342218917247,-0.2378962583894591,-0.2852783728768637,1.331663444062535,-0.6775239456463912,-0.599359767458393,-0.2741342638969005,-0.2715149221930298,-0.0545103444377266,-0.1054751099787656,-0.4841466134411829,0,3439545459716259957,TRAIN
-0.40118011873256,-0.4981113540949978,-0.4465569454251236,-0.4686314183190865,-0.3378076683812179,-0.4676915470807261,-0.2963929877022355,-0.3386466567372986,-0.3509324100615936,-0.5538430523058961,-0.3549638210716314,-0.545372356354676,-0.3732595970496638,-0.3664596337848474,-0.3620028167560174,-0.6484466292680843,-0.429192611062996,-0.4372281135641572,-0.1920223529146078,-0.9241262771572012,-0.2378962583894591,-0.2852612002669885,-0.4191927610052267,1.475962593537489,-0.5124907103264267,-0.2741344428002606,-0.2715149221930298,-0.0544843251653417,-0.1054751099787656,-0.420339940316891,0,3492594118871351361,TRAIN
-0.40118011873256,-0.5079938642590249,-0.4496293109643878,-0.4686314183190865,-0.3378076683812179,-0.4706406197225452,-0.2963929877022355,-0.3386466567372986,-0.3509324100615936,-0.5809180509977097,-0.3549638210716314,-0.5649659344636314,-0.373222855919617,-0.3664198058682011,-0.3620028167560174,-0.6484466292680843,-0.4291635518030735,-0.4372014477646949,-0.1920223529146078,0.90342218917247,-0.2378962583894591,-0.2850598532909394,-0.6579458798781034,1.475962593537489,-0.599359767458393,-0.2740299990186347,-0.2715149221930298,-0.054181893362946,-0.1054751099787656,-0.4665544015950981,1,1497845503681495151,TRAIN
-0.40118011873256,-0.5079938642590249,-0.4496293109643878,-0.4686314183190865,-0.3378076683812179,-0.4706406197225452,-0.2963929877022355,-0.3386466567372986,-0.3509324100615936,-0.5809180509977097,-0.3549638210716314,-0.5649659344636314,-0.373222855919617,-0.3664198058682011,-0.3620028167560174,-0.6484466292680843,-0.4291635518030735,-0.4372014477646949,-0.1920223529146078,0.90342218917247,-0.2378962583894591,-0.2850598532909394,-0.6579458798781034,1.475962593537489,-0.599359767458393,-0.2740299990186347,-0.2715149221930298,-0.054181893362946,-0.1054751099787656,-0.4665544015950981,1,1497845503681495151,TRAIN
-0.40118011873256,-0.4981113540949978,-0.4465569454251236,-0.4686314183190865,-0.3378076683812179,-0.4676915470807261,-0.2963929877022355,-0.3386466567372986,-0.3509324100615936,-0.5538430523058961,-0.3549638210716314,-0.545372356354676,-0.3732595970496638,-0.3664596337848474,-0.3620028167560174,-0.6484466292680843,-0.429192611062996,-0.4372281135641572,-0.1920223529146078,-0.9241262771572012,-0.2378962583894591,-0.2852612002669885,-0.4191927610052267,1.475962593537489,-0.5124907103264267,-0.2741344428002606,-0.2715149221930298,-0.0544843251653417,-0.1054751099787656,-0.420339940316891,0,3492594118871351361,TRAIN
-0.40118011873256,-0.4075216775914153,-0.4183935946485352,-0.4548071348901686,-0.3378076683812179,-0.4406583811973844,-0.2963465410176479,-0.3386466567372986,-0.3509324100615936,-0.387632643670041,-0.3549638210716314,-0.3971142819969125,-0.3732579139364438,-0.3664595109855155,-0.3619954523447453,-0.6484466292680843,-0.4291925214661,-0.4372253724987376,-0.1920223529146078,-0.9241262771572012,-0.2378962583894591,-0.2852659995990053,1.1327025116684717,-0.6775239456463912,0.2838089800499319,-0.2741341207742125,-0.2715120840118628,-0.0545096686124699,-0.1054751099787656,-0.4841466134411829,0,8370284566369271805,TRAIN
-0.40118011873256,-0.3531678716892658,-0.4014955841825821,-0.4254305325958305,-0.3378076683812179,-0.4244384816673794,-0.2959394067980591,-0.3386466567372986,-0.3509324100615936,-0.3402513959593674,-0.3549638210716314,-0.355967767968106,-0.3732555739985526,-0.3664595109855155,-0.3619902755944534,-0.6484466292680843,-0.4291925214661,-0.4372249851742761,-0.1920223529146078,0.90342218917247,-0.2378962583894591,-0.2852650247346899,1.0929103251896586,-0.6775239456463912,0.761588794275747,-0.2741341207742125,-0.2715146856779326,-0.0545096686124699,-0.1054751099787656,-0.4841466134411829,0,14689578513408458881,TRAIN
-0.40118011873256,-0.4981113540949978,-0.4465569454251236,-0.4686314183190865,-0.3378076683812179,-0.4676915470807261,-0.2963929877022355,-0.3386466567372986,-0.3509324100615936,-0.5538430523058961,-0.3549638210716314,-0.545372356354676,-0.3732605822866707,-0.3664596337848474,-0.3620028167560174,-0.6484466292680843,-0.429192611062996,-0.4372288286247014,-0.1920223529146078,-0.9241262771572012,-0.2378962583894591,-0.2852665995155082,-0.4191927610052267,1.475962593537489,-0.5124907103264267,-0.2741344428002606,-0.2715149221930298,-0.0544924350684227,-0.1054751099787656,-0.4818428714137194,0,2645769624765857911,TRAIN
-0.40118011873256,-0.4981113540949978,-0.4465569454251236,-0.4686314183190865,-0.3378076683812179,-0.4676915470807261,-0.2963929877022355,-0.3386466567372986,-0.3509324100615936,-0.5538430523058961,-0.3549638210716314,-0.545372356354676,-0.3732595970496638,-0.3664596337848474,-0.3620028167560174,-0.6484466292680843,-0.429192611062996,-0.4372281135641572,-0.1920223529146078,-0.9241262771572012,-0.2378962583894591,-0.2852612002669885,-0.4191927610052267,1.475962593537489,-0.5124907103264267,-0.2741344428002606,-0.2715149221930298,-0.0544843251653417,-0.1054751099787656,-0.420339940316891,0,3492594118871351361,TRAIN
-0.40118011873256,-0.5079938642590249,-0.4496293109643878,-0.4686314183190865,-0.3378076683812179,-0.4706406197225452,-0.2963929877022355,-0.3386466567372986,-0.3509324100615936,-0.5809180509977097,-0.3549638210716314,-0.5649659344636314,-0.3732626759153102,-0.3664595109855155,-0.3620028167560174,-0.6484466292680843,-0.4291925214661,-0.4372303481283579,-0.1920223529146078,-0.9241262771572012,-0.2378962583894591,-0.2852780729186127,-0.6579458798781034,1.475962593537489,-0.599359767458393,-0.2741341207742125,-0.2715149221930298,-0.0545096686124699,-0.1054751099787656,-0.4754901282470776,0,15873444851147210944,TRAIN
-0.40118011873256,-0.4981113540949978,-0.4465569454251236,-0.4649883997640792,-0.3378076683812179,-0.4676915470807261,-0.2963897622380282,-0.3386466567372986,-0.3509324100615936,-0.5658763850578132,-0.3549638210716314,-0.554080613293078,-0.3732580370910697,-0.3664596337848474,-0.3620028167560174,1.5421469630102351,-0.429192611062996,-0.4372269813849621,-0.1920223529146078,-0.3149434550473107,-0.2378962583894591,-0.2852526514568322,-0.5783615069204778,-0.6775239456463912,-0.5124907103264267,-0.2741344428002606,-0.2715149221930298,-0.0544714844854635,-0.1054751099787656,-0.4125909898608774,3,14212154446403338436,TRAIN
-0.40118011873256,-0.4981113540949978,-0.4465569454251236,-0.4686314183190865,-0.3378076683812179,-0.4676915470807261,-0.2963929877022355,-0.3386466567372986,-0.3509324100615936,-0.5538430523058961,-0.3549638210716314,-0.545372356354676,-0.3732595970496638,-0.3664596337848474,-0.3620028167560174,-0.6484466292680843,-0.429192611062996,-0.4372281135641572,-0.1920223529146078,-0.9241262771572012,-0.2378962583894591,-0.2852612002669885,-0.4191927610052267,1.475962593537489,-0.5124907103264267,-0.2741344428002606,-0.2715149221930298,-0.0544843251653417,-0.1054751099787656,-0.420339940316891,0,3492594118871351361,TRAIN
-0.40118011873256,-0.4981113540949978,-0.4465569454251236,-0.465175347461857,-0.3378076683812179,-0.4676915470807261,-0.2963900847844488,-0.3386466567372986,-0.3509324100615936,-0.5673805516518029,-0.3549638210716314,-0.5532097875982582,-0.3732607875443804,-0.3664576280624264,-0.3619997632942908,1.5421469630102351,-0.4291911476470286,-0.4372283817118613,-0.1920223529146078,-0.3149434550473107,-0.2378962583894591,-0.2852735735448462,-0.5783615069204778,-0.6775239456463912,-0.5124907103264267,-0.2741291830414737,-0.2715148630642555,-0.0545103444377266,-0.1054751099787656,-0.4125909898608774,0,9578959622884163697,TRAIN
-0.40118011873256,-0.1192817978072892,-0.3287829330866629,-0.3027400171704935,-0.3378076683812179,-0.3546437624776609,-0.2897046651216116,-0.3386466567372986,-0.3509324100615936,-0.1266597396128386,-0.3549638210716314,-0.1704818952033271,-0.3732549992769652,-0.3664595109855155,-0.3619892215811893,-0.6484466292680843,-0.4291925214661,-0.4372245978498146,-0.1920223529146078,-0.9241262771572012,-0.2378962583894591,-0.2852640498703739,1.0929103251896586,-0.6775239456463912,2.817489813065618,-0.2741341207742125,-0.2715147448067069,-0.0545096686124699,-0.1054751099787656,-0.4841466134411829,0,659485523058098361,TRAIN
-0.40118011873256,-0.5079938642590249,-0.4496293109643878,-0.4686314183190865,-0.3378074890106277,-0.4460650143740527,-0.2963929877022355,-0.3386466567372986,-0.3509324100615936,-0.4189308793257164,-0.3549638210716314,-0.4016861168890022,-0.3732625117091424,-0.3664593472530729,-0.3620025997559415,-0.6484466292680843,-0.4291920137503562,-0.437229841627139,-0.1920223529146078,0.90342218917247,-0.2378962583894591,-0.2852783728768637,1.331663444062535,-0.6775239456463912,-0.599359767458393,-0.2741342638969005,-0.2715149221930298,-0.0545103444377266,-0.1054751099787656,-0.4841466134411829,0,3439545459716259957,TRAIN
-0.40118011873256,-0.4701109086302541,-0.4378519097305417,-0.4686314183190865,-0.3378076683812179,-0.4593358412622387,-0.2963929877022355,-0.3386466567372986,-0.3509324100615936,-0.4944284718433053,-0.3549638210716314,-0.489857218379302,-0.3732561487201399,-0.3664595928517367,-0.3619923742837679,-0.6484466292680843,-0.429192581197364,-0.4372241807311638,-0.1920223529146078,0.90342218917247,-0.2378962583894591,-0.285263000016495,0.2572744091345904,-0.6775239456463912,-0.2663617151191885,-0.2741343354582446,-0.2715121431406371,-0.0545103444377266,-0.1054751099787656,-0.4841466134411829,0,8661695051829477467,TRAIN
-0.40118011873256,-0.5079938642590249,-0.4496293109643878,-0.4686314183190865,-0.3378076683812179,-0.4706406197225452,-0.2963929877022355,-0.3386466567372986,-0.3509324100615936,-0.5809180509977097,-0.3549638210716314,-0.5649659344636314,-0.3732592275857863,-0.3664596337848474,-0.3620028167560174,-0.6484466292680843,-0.429192611062996,-0.4372278454164531,-0.1920223529146078,-0.9241262771572012,-0.2378962583894591,-0.2852591755487935,-0.6579458798781034,1.475962593537489,-0.599359767458393,-0.2741344428002606,-0.2715149221930298,-0.0544812839516864,-0.1054751099787656,-0.459573365148239,0,1630980420615143584,TRAIN
-0.40118011873256,-0.5079938642590249,-0.4496293109643878,-0.4686314183190865,-0.3378076683812179,-0.4706406197225452,-0.2963929877022355,-0.3386466567372986,-0.3509324100615936,-0.5809180509977097,-0.3549638210716314,-0.5649659344636314,-0.3732608285959224,-0.3664596337848474,-0.3620028167560174,-0.6484466292680843,-0.429192611062996,-0.4372290073898375,-0.1920223529146078,0.90342218917247,-0.2378962583894591,-0.2852679493276381,-0.6579458798781034,1.475962593537489,-0.599359767458393,-0.2741344428002606,-0.2715149221930298,-0.054494462544193,-0.1054751099787656,-0.4208984232326397,0,15508384312669765716,TRAIN
-0.40118011873256,-0.290578640650427,-0.3820372691005755,-0.3805016114589457,-0.3378076683812179,-0.4057610216025252,-0.2945053654114149,-0.3386466567372986,-0.3509324100615936,-0.3146805638615435,-0.3549638210716314,-0.3337617127779564,-0.3732564360809335,-0.3664595109855155,-0.3619917661326278,-0.6484466292680843,-0.4291925214661,-0.4372256406464417,-0.1920223529146078,-0.9241262771572012,-0.2378962583894591,-0.285266674505071,0.5358197144862799,-0.6775239456463912,1.3117594894448674,-0.2741341207742125,-0.2715147448067069,-0.0545096686124699,-0.1054751099787656,-0.4841466134411829,0,2948154413744390382,TRAIN
-0.40118011873256,-0.5079938642590249,-0.4496293109643878,-0.4686314183190865,-0.3378076683812179,-0.4676915470807261,-0.2963929877022355,-0.3386466567372986,-0.3509324100615936,-0.5538430523058961,-0.3549638210716314,-0.545372356354676,-0.3732620601421809,-0.366458896988856,-0.3620028167560174,-0.6484466292680843,-0.4291920734816202,-0.4372299012155178,-0.1920223529146078,-0.9241262771572012,-0.2378962583894591,-0.2852746983882878,-0.4191927610052267,1.475962593537489,-0.599359767458393,-0.2741325106439716,-0.2715149221930298,-0.0545045999230443,-0.1054751099787656,-0.4662751601372237,0,14360694348866125941,TRAIN
-0.40118011873256,-0.5079938642590249,-0.4496293109643878,-0.4686314183190865,-0.3378076683812179,-0.4706406197225452,-0.2963929877022355,-0.3386466567372986,-0.3509324100615936,-0.5809180509977097,-0.3549638210716314,-0.5649659344636314,-0.3732607054412965,-0.3664596337848474,-0.3620028167560174,-0.6484466292680843,-0.429192611062996,-0.4372289180072694,-0.1920223529146078,0.90342218917247,-0.2378962583894591,-0.2852672744215732,-0.6579458798781034,1.475962593537489,-0.599359767458393,-0.2741344428002606,-0.2715149221930298,-0.0544934488063079,-0.1054751099787656,-0.4759788007983578,0,12934349058531262553,TRAIN
-0.40118011873256,-0.4075216775914153,-0.4183935946485352,-0.4548071348901686,-0.3378076683812179,-0.4406583811973844,-0.2963465410176479,-0.3386466567372986,-0.3509324100615936,-0.387632643670041,-0.3549638210716314,-0.3971142819969125,-0.3732579139364438,-0.3664595109855155,-0.3619954523447453,-0.6484466292680843,-0.4291925214661,-0.4372253724987376,-0.1920223529146078,-0.9241262771572012,-0.2378962583894591,-0.2852659995990053,1.1327025116684717,-0.6775239456463912,0.2838089800499319,-0.2741341207742125,-0.2715120840118628,-0.0545096686124699,-0.1054751099787656,-0.4841466134411829,0,8370284566369271805,TRAIN
-0.40118011873256,-0.4981113540949978,-0.4465569454251236,-0.4686314183190865,-0.3378076683812179,-0.4676915470807261,-0.2963929877022355,-0.3386466567372986,-0.3509324100615936,-0.5538430523058961,-0.3549638210716314,-0.545372356354676,-0.3732609517505482,-0.3664596337848474,-0.3620028167560174,-0.6484466292680843,-0.429192611062996,-0.4372290967724055,-0.1920223529146078,-0.9241262771572012,-0.2378962583894591,-0.2852686242337031,-0.4191927610052267,1.475962593537489,-0.5124907103264267,-0.2741344428002606,-0.2715149221930298,-0.0544954762820781,-0.1054751099787656,-0.4639714181097602,0,8146268394037051501,TRAIN
-0.40118011873256,-0.5079938642590249,-0.4496293109643878,-0.4686314183190865,-0.3378076683812179,-0.4706406197225452,-0.2963929877022355,-0.3386466567372986,-0.3509324100615936,-0.5809180509977097,-0.3549638210716314,-0.5649659344636314,-0.3732613622659678,-0.3664596337848474,-0.3620028167560174,-0.6484466292680843,-0.429192611062996,-0.4372293947142989,-0.1920223529146078,0.90342218917247,-0.2378962583894591,-0.2852708739205863,-0.6579458798781034,1.475962593537489,-0.599359767458393,-0.2741344428002606,-0.2715149221930298,-0.0544988554083619,-0.1054751099787656,-0.4659959186793493,6,5354798063977103372,TRAIN
-0.40118011873256,-0.5079938642590249,-0.4496293109643878,-0.4686314183190865,-0.3378076683812179,-0.4706406197225452,-0.2963929877022355,-0.3386466567372986,-0.3509324100615936,-0.5809180509977097,-0.3549638210716314,-0.5649659344636314,-0.373222855919617,-0.3664198058682011,-0.3620028167560174,-0.6484466292680843,-0.4291635518030735,-0.4372014477646949,-0.1920223529146078,0.90342218917247,-0.2378962583894591,-0.2850598532909394,-0.6579458798781034,1.475962593537489,-0.599359767458393,-0.2740299990186347,-0.2715149221930298,-0.054181893362946,-0.1054751099787656,-0.4665544015950981,1,1497845503681495151,TRAIN
-0.40118011873256,-0.5079938642590249,-0.4496293109643878,-0.4686314183190865,-0.3378076683812179,-0.4706406197225452,-0.2963929877022355,-0.3386466567372986,-0.3509324100615936,-0.5809180509977097,-0.3549638210716314,-0.5649659344636314,-0.3732608285959224,-0.3664596337848474,-0.3620028167560174,-0.6484466292680843,-0.429192611062996,-0.4372290073898375,-0.1920223529146078,0.90342218917247,-0.2378962583894591,-0.2852679493276381,-0.6579458798781034,1.475962593537489,-0.599359767458393,-0.2741344428002606,-0.2715149221930298,-0.054494462544193,-0.1054751099787656,-0.4208984232326397,0,15508384312669765716,TRAIN
-0.40118011873256,-0.4981113540949978,-0.4465569454251236,-0.465175347461857,-0.3378076683812179,-0.4676915470807261,-0.2963900847844488,-0.3386466567372986,-0.3509324100615936,-0.5673805516518029,-0.3549638210716314,-0.5532097875982582,-0.3732607464928384,-0.3664576280624264,-0.3619992901726583,1.5421469630102351,-0.4291911476470286,-0.4372274580919916,-0.1920223529146078,-0.3149434550473107,-0.2378962583894591,-0.285271248868401,-0.5783615069204778,-0.6775239456463912,-0.5124907103264267,-0.2741291830414737,-0.2715119657543142,-0.0545103444377266,-0.1054751099787656,-0.4125909898608774,0,7737363831643046036,TRAIN
-0.40118011873256,-0.4981113540949978,-0.4465569454251236,-0.465175347461857,-0.3378076683812179,-0.4676915470807261,-0.2963900847844488,-0.3386466567372986,-0.3509324100615936,-0.5673805516518029,-0.3549638210716314,-0.5532097875982582,-0.3732607875443804,-0.3664576280624264,-0.3619997632942908,1.5421469630102351,-0.4291911476470286,-0.4372283817118613,-0.1920223529146078,-0.3149434550473107,-0.2378962583894591,-0.2852735735448462,-0.5783615069204778,-0.6775239456463912,-0.5124907103264267,-0.2741291830414737,-0.2715148630642555,-0.0545103444377266,-0.1054751099787656,-0.4125909898608774,0,9578959622884163697,TRAIN
-0.40118011873256,-0.4981113540949978,-0.4465569454251236,-0.465175347461857,-0.3378076683812179,-0.4676915470807261,-0.2963900847844488,-0.3386466567372986,-0.3509324100615936,-0.5673805516518029,-0.3549638210716314,-0.5532097875982582,-0.3732592686373282,-0.3664595109855155,-0.361996818554317,1.5421469630102351,-0.4291925214661,-0.437227666651317,-0.1920223529146078,-0.3149434550473107,-0.2378962583894591,-0.2852717737953396,-0.5783615069204778,-0.6775239456463912,-0.5124907103264267,-0.2741341207742125,-0.2715146856779326,-0.0545096686124699,-0.1054751099787656,-0.4125909898608774,0,16261496183555883026,TRAIN
-0.40118011873256,-0.3251674262245221,-0.3927905484880002,-0.4139861400018652,-0.3378076683812179,-0.416082775848892,-0.2956672582555532,-0.3386466567372986,-0.3509324100615936,-0.2605305664779165,-0.3549638210716314,-0.3331085935076579,-0.3722916427419832,-0.3664596337848474,-0.3620028167560174,-0.6484466292680843,-0.429192611062996,-0.4365255963736306,-0.1920223529146078,0.90342218917247,-0.2378962583894591,-0.2799566635650213,1.371455630541348,-0.6775239456463912,1.007717789482985,-0.2741344428002606,-0.2715149221930298,-0.0465166833008847,-0.1054751099787656,-0.4841466134411829,0,3523387789304266994,TRAIN
-0.40118011873256,-0.5079938642590249,-0.4496293109643878,-0.4686314183190865,-0.3378076683812179,-0.4706406197225452,-0.2963929877022355,-0.3386466567372986,-0.3509324100615936,-0.5809180509977097,-0.3549638210716314,-0.5649659344636314,-0.373222855919617,-0.3664198058682011,-0.3620028167560174,-0.6484466292680843,-0.4291635518030735,-0.4372014477646949,-0.1920223529146078,0.90342218917247,-0.2378962583894591,-0.2850598532909394,-0.6579458798781034,1.475962593537489,-0.599359767458393,-0.2740299990186347,-0.2715149221930298,-0.054181893362946,-0.1054751099787656,-0.4665544015950981,1,1497845503681495151,TRAIN
-0.40118011873256,-0.5079938642590249,-0.4496293109643878,-0.4686314183190865,-0.3378076683812179,-0.4706406197225452,-0.2963929877022355,-0.3386466567372986,-0.3509324100615936,-0.5809180509977097,-0.3549638210716314,-0.5649659344636314,-0.373222855919617,-0.3664198058682011,-0.3620028167560174,-0.6484466292680843,-0.4291635518030735,-0.4372014477646949,-0.1920223529146078,0.90342218917247,-0.2378962583894591,-0.2850598532909394,-0.6579458798781034,1.475962593537489,-0.599359767458393,-0.2740299990186347,-0.2715149221930298,-0.054181893362946,-0.1054751099787656,-0.4665544015950981,1,1497845503681495151,TRAIN
-0.40118011873256,-0.5079938642590249,-0.4496293109643878,-0.4686314183190865,-0.3378076683812179,-0.4706406197225452,-0.2963929877022355,-0.3386466567372986,-0.3509324100615936,-0.5809180509977097,-0.3549638210716314,-0.5649659344636314,-0.373222855919617,-0.3664198058682011,-0.3620028167560174,-0.6484466292680843,-0.4291635518030735,-0.4372014477646949,-0.1920223529146078,0.90342218917247,-0.2378962583894591,-0.2850598532909394,-0.6579458798781034,1.475962593537489,-0.599359767458393,-0.2740299990186347,-0.2715149221930298,-0.054181893362946,-0.1054751099787656,-0.4665544015950981,1,1497845503681495151,TRAIN
-0.40118011873256,-0.4981113540949978,-0.4465569454251236,-0.4649883997640792,-0.3378076683812179,-0.4676915470807261,-0.2963897622380282,-0.3386466567372986,-0.3509324100615936,-0.5658763850578132,-0.3549638210716314,-0.554080613293078,-0.3732580370910697,-0.3664596337848474,-0.3620028167560174,1.5421469630102351,-0.429192611062996,-0.4372269813849621,-0.1920223529146078,-0.3149434550473107,-0.2378962583894591,-0.2852526514568322,-0.5783615069204778,-0.6775239456463912,-0.5124907103264267,-0.2741344428002606,-0.2715149221930298,-0.0544714844854635,-0.1054751099787656,-0.4125909898608774,3,14212154446403338436,TRAIN
-0.40118011873256,-0.5079938642590249,-0.4496293109643878,-0.4686314183190865,-0.3378076683812179,-0.4676915470807261,-0.2963929877022355,-0.3386466567372986,-0.3509324100615936,-0.5538430523058961,-0.3549638210716314,-0.545372356354676,-0.3732584065549472,-0.3664552539420096,-0.3620028167560174,-0.6484466292680843,-0.4291894154403735,-0.4372272495326662,-0.1920223529146078,-0.9241262771572012,-0.2378962583894591,-0.2852546761750271,-0.4191927610052267,1.475962593537489,-0.599359767458393,-0.2741229572045423,-0.2715149221930298,-0.0544745256991189,-0.1054751099787656,-0.4662053497727551,0,6792609695267291303,TRAIN
-0.40118011873256,-0.5079938642590249,-0.4496293109643878,-0.4686314183190865,-0.3378076683812179,-0.4706406197225452,-0.2963929877022355,-0.3386466567372986,-0.3509324100615936,-0.5809180509977097,-0.3549638210716314,-0.5649659344636314,-0.3732626759153102,-0.3664595109855155,-0.3620028167560174,-0.6484466292680843,-0.4291925214661,-0.4372303481283579,-0.1920223529146078,-0.9241262771572012,-0.2378962583894591,-0.2852780729186127,-0.6579458798781034,1.475962593537489,-0.599359767458393,-0.2741341207742125,-0.2715149221930298,-0.0545096686124699,-0.1054751099787656,-0.4754901282470776,0,15873444851147210944,TRAIN
-0.40118011873256,-0.5079938642590249,-0.4496293109643878,-0.4686314183190865,-0.3378076683812179,-0.4706406197225452,-0.2963929877022355,-0.3386466567372986,-0.3509324100615936,-0.5809180509977097,-0.3549638210716314,-0.5649659344636314,-0.3732607875443804,-0.3664596337848474,-0.3620028167560174,-0.6484466292680843,-0.429192611062996,-0.4372289775956481,-0.1920223529146078,0.90342218917247,-0.2378962583894591,-0.2852677243589498,-0.6579458798781034,1.475962593537489,-0.599359767458393,-0.2741344428002606,-0.2715149221930298,-0.0544941246315646,-0.1054751099787656,-0.137189102032287,0,14381731653621383348,TRAIN
-0.40118011873256,-0.5046996942043492,-0.4486051891179664,-0.465175347461857,-0.3378076683812179,-0.4676915470807261,-0.2963900847844488,-0.3386466567372986,-0.3509324100615936,-0.5643722184638236,-0.3549638210716314,-0.5505973105170641,-0.3732613212144258,-0.3664576280624264,-0.3620005630104583,-0.6484466292680843,-0.4291911476470286,-0.4372289775956481,5.2077270423027215,-0.9241262771572012,-0.2378962583894591,-0.2852750733361024,-0.5783615069204778,1.475962593537489,-0.570403415081071,-0.2741291830414737,-0.2715148630642555,-0.0545103444377266,-0.1054751099787656,-0.4840768030767143,0,6838455251038240890,TRAIN
-0.40118011873256,-0.5079938642590249,-0.4496293109643878,-0.4686314183190865,-0.3378076683812179,-0.4706406197225452,-0.2963929877022355,-0.3386466567372986,-0.3509324100615936,-0.5809180509977097,-0.3549638210716314,-0.5649659344636314,-0.373222855919617,-0.3664198058682011,-0.3620028167560174,-0.6484466292680843,-0.4291635518030735,-0.4372014477646949,-0.1920223529146078,0.90342218917247,-0.2378962583894591,-0.2850598532909394,-0.6579458798781034,1.475962593537489,-0.599359767458393,-0.2740299990186347,-0.2715149221930298,-0.054181893362946,-0.1054751099787656,-0.4665544015950981,1,1497845503681495151,TRAIN
-0.40118011873256,-0.4981113540949978,-0.4465569454251236,-0.4686314183190865,-0.3378076683812179,-0.4676915470807261,-0.2963929877022355,-0.3386466567372986,-0.3509324100615936,-0.5538430523058961,-0.3549638210716314,-0.545372356354676,-0.3732595970496638,-0.3664596337848474,-0.3620028167560174,-0.6484466292680843,-0.429192611062996,-0.4372281135641572,-0.1920223529146078,-0.9241262771572012,-0.2378962583894591,-0.2852612002669885,-0.4191927610052267,1.475962593537489,-0.5124907103264267,-0.2741344428002606,-0.2715149221930298,-0.0544843251653417,-0.1054751099787656,-0.420339940316891,0,3492594118871351361,TRAIN
-0.40118011873256,-0.5014055241496735,-0.447581067271545,-0.465175347461857,-0.3378000875400747,-0.4686745712946658,-0.2963900847844488,-0.3386466567372986,-0.3509324100615936,-0.5718930514337718,-0.3549638210716314,-0.5571285032200493,-0.3732585297095731,-0.3664552539420096,-0.3619955099870466,-0.6484466292680843,-0.4291892959778455,-0.4372271303559089,-0.1920223529146078,0.90342218917247,-0.2378962583894591,-0.2852704239832097,-0.6579458798781034,1.475962593537489,-0.5414470627037488,-0.2741284853183693,-0.2715149221930298,-0.0545096686124699,-0.1054751099787656,-0.4613884346244223,0,17812161796231266409,TRAIN
-0.40118011873256,-0.4981113540949978,-0.4465569454251236,-0.4686314183190865,-0.3378076683812179,-0.4676915470807261,-0.2963929877022355,-0.3386466567372986,-0.3509324100615936,-0.5538430523058961,-0.3549638210716314,-0.545372356354676,-0.3732612391113419,-0.3664596337848474,-0.3620028167560174,-0.6484466292680843,-0.429192611062996,-0.4372293053317309,-0.1920223529146078,-0.9241262771572012,-0.2378962583894591,-0.2852701990145214,-0.4191927610052267,1.475962593537489,-0.5124907103264267,-0.2741344428002606,-0.2715149221930298,-0.0544978416704768,-0.1054751099787656,-0.481912681778188,0,1085546133084963025,TRAIN
-0.40118011873256,-0.5079938642590249,-0.4496293109643878,-0.4686314183190865,-0.3378076683812179,-0.4706406197225452,-0.2963929877022355,-0.3386466567372986,-0.3509324100615936,-0.5809180509977097,-0.3549638210716314,-0.5649659344636314,-0.3732613622659678,-0.3664596337848474,-0.3620028167560174,-0.6484466292680843,-0.429192611062996,-0.4372293947142989,-0.1920223529146078,0.90342218917247,-0.2378962583894591,-0.2852708739205863,-0.6579458798781034,1.475962593537489,-0.599359767458393,-0.2741344428002606,-0.2715149221930298,-0.0544988554083619,-0.1054751099787656,-0.4659959186793493,6,5354798063977103372,TRAIN
-0.40118011873256,-0.4981113540949978,-0.4465569454251236,-0.4686314183190865,-0.3378076683812179,-0.4676915470807261,-0.2963929877022355,-0.3386466567372986,-0.3509324100615936,-0.5538430523058961,-0.3549638210716314,-0.545372356354676,-0.3732588581219087,-0.3664596337848474,-0.3620028167560174,-0.6484466292680843,-0.429192611062996,-0.437227577268749,-0.1920223529146078,-0.9241262771572012,-0.2378962583894591,-0.2852571508305986,-0.4191927610052267,1.475962593537489,-0.5124907103264267,-0.2741344428002606,-0.2715149221930298,-0.054478242738031,-0.1054751099787656,-0.4601318480639877,0,13751588174306607277,TRAIN
-0.40118011873256,-0.4981113540949978,-0.4465569454251236,-0.465175347461857,-0.3378076683812179,-0.4676915470807261,-0.2963900847844488,-0.3386466567372986,-0.3509324100615936,-0.5673805516518029,-0.3549638210716314,-0.5532097875982582,-0.3732607875443804,-0.3664576280624264,-0.3619997632942908,1.5421469630102351,-0.4291911476470286,-0.4372283817118613,-0.1920223529146078,-0.3149434550473107,-0.2378962583894591,-0.2852735735448462,-0.5783615069204778,-0.6775239456463912,-0.5124907103264267,-0.2741291830414737,-0.2715148630642555,-0.0545103444377266,-0.1054751099787656,-0.4125909898608774,0,9578959622884163697,TRAIN
-0.40118011873256,-0.5079938642590249,-0.4496293109643878,-0.4686314183190865,-0.3378074890106277,-0.4460650143740527,-0.2963929877022355,-0.3386466567372986,-0.3509324100615936,-0.4189308793257164,-0.3549638210716314,-0.4016861168890022,-0.3732625117091424,-0.3664593472530729,-0.3620025997559415,-0.6484466292680843,-0.4291920137503562,-0.437229841627139,-0.1920223529146078,0.90342218917247,-0.2378962583894591,-0.2852783728768637,1.331663444062535,-0.6775239456463912,-0.599359767458393,-0.2741342638969005,-0.2715149221930298,-0.0545103444377266,-0.1054751099787656,-0.4841466134411829,0,3439545459716259957,TRAIN
-0.40118011873256,-0.5079938642590249,-0.4496293109643878,-0.4686314183190865,-0.3378076683812179,-0.4676915470807261,-0.2963929877022355,-0.3386466567372986,-0.3509324100615936,-0.5538430523058961,-0.3549638210716314,-0.545372356354676,-0.3732584065549472,-0.3664552539420096,-0.3620028167560174,-0.6484466292680843,-0.4291894154403735,-0.4372272495326662,-0.1920223529146078,-0.9241262771572012,-0.2378962583894591,-0.2852546761750271,-0.4191927610052267,1.475962593537489,-0.599359767458393,-0.2741229572045423,-0.2715149221930298,-0.0544745256991189,-0.1054751099787656,-0.4662053497727551,0,6792609695267291303,TRAIN
-0.40118011873256,-0.5079938642590249,-0.4496293109643878,-0.4686314183190865,-0.3378074890106277,-0.4460650143740527,-0.2963929877022355,-0.3386466567372986,-0.3509324100615936,-0.4189308793257164,-0.3549638210716314,-0.4016861168890022,-0.3732625117091424,-0.3664593472530729,-0.3620025997559415,-0.6484466292680843,-0.4291920137503562,-0.437229841627139,-0.1920223529146078,0.90342218917247,-0.2378962583894591,-0.2852783728768637,1.331663444062535,-0.6775239456463912,-0.599359767458393,-0.2741342638969005,-0.2715149221930298,-0.0545103444377266,-0.1054751099787656,-0.4841466134411829,0,3439545459716259957,TRAIN
-0.40118011873256,-0.5079938642590249,-0.4496293109643878,-0.4686314183190865,-0.3378076683812179,-0.4706406197225452,-0.2963929877022355,-0.3386466567372986,-0.3509324100615936,-0.5809180509977097,-0.3549638210716314,-0.5649659344636314,-0.3732626759153102,-0.3664595109855155,-0.3620028167560174,-0.6484466292680843,-0.4291925214661,-0.4372303481283579,-0.1920223529146078,-0.9241262771572012,-0.2378962583894591,-0.2852780729186127,-0.6579458798781034,1.475962593537489,-0.599359767458393,-0.2741341207742125,-0.2715149221930298,-0.0545096686124699,-0.1054751099787656,-0.4754901282470776,0,15873444851147210944,TRAIN
-0.40118011873256,-0.5079938642590249,-0.4496293109643878,-0.4686314183190865,-0.3378076683812179,-0.4706406197225452,-0.2963929877022355,-0.3386466567372986,-0.3509324100615936,-0.5809180509977097,-0.3549638210716314,-0.5649659344636314,-0.3732626759153102,-0.3664595109855155,-0.3620028167560174,-0.6484466292680843,-0.4291925214661,-0.4372303481283579,-0.1920223529146078,-0.9241262771572012,-0.2378962583894591,-0.2852780729186127,-0.6579458798781034,1.475962593537489,-0.599359767458393,-0.2741341207742125,-0.2715149221930298,-0.0545096686124699,-0.1054751099787656,-0.4754901282470776,0,15873444851147210944,TRAIN
-0.40118011873256,-0.4091687626187532,-0.4189056555717458,-0.4548071348901686,-0.3378076683812179,-0.4411498933043543,-0.2963465410176479,-0.3386466567372986,-0.3509324100615936,-0.391393060155015,-0.3549638210716314,-0.4003798783484051,-0.3732570518540628,-0.3664595109855155,-0.3619928566546726,-0.6484466292680843,-0.4291925214661,-0.4372260875592818,-0.1920223529146078,-0.9241262771572012,-0.2378962583894591,-0.2852677993485119,1.0929103251896586,-0.6775239456463912,0.2693308038612708,-0.2741341207742125,-0.2715147448067069,-0.0545096686124699,-0.1054751099787656,-0.4841466134411829,0,2094685658787217629,TRAIN
-0.40118011873256,-0.5079938642590249,-0.4496293109643878,-0.4686314183190865,-0.3378076683812179,-0.4706406197225452,-0.2963929877022355,-0.3386466567372986,-0.3509324100615936,-0.5809180509977097,-0.3549638210716314,-0.5649659344636314,-0.3732626759153102,-0.3664595109855155,-0.3620028167560174,-0.6484466292680843,-0.4291925214661,-0.4372303481283579,-0.1920223529146078,-0.9241262771572012,-0.2378962583894591,-0.2852780729186127,-0.6579458798781034,1.475962593537489,-0.599359767458393,-0.2741341207742125,-0.2715149221930298,-0.0545096686124699,-0.1054751099787656,-0.4754901282470776,0,15873444851147210944,TRAIN
-0.40118011873256,-0.5079938642590249,-0.4496293109643878,-0.4686314183190865,-0.3378076683812179,-0.4706406197225452,-0.2963929877022355,-0.3386466567372986,-0.3509324100615936,-0.5809180509977097,-0.3549638210716314,-0.5649659344636314,-0.3732626759153102,-0.3664595109855155,-0.3620028167560174,-0.6484466292680843,-0.4291925214661,-0.4372303481283579,-0.1920223529146078,-0.9241262771572012,-0.2378962583894591,-0.2852780729186127,-0.6579458798781034,1.475962593537489,-0.599359767458393,-0.2741341207742125,-0.2715149221930298,-0.0545096686124699,-0.1054751099787656,-0.4754901282470776,0,15873444851147210944,TRAIN
-0.40118011873256,-0.5079938642590249,-0.4496293109643878,-0.4686314183190865,-0.3378076683812179,-0.4706406197225452,-0.2963929877022355,-0.3386466567372986,-0.3509324100615936,-0.5809180509977097,-0.3549638210716314,-0.5649659344636314,-0.3732626759153102,-0.3664595109855155,-0.3620028167560174,-0.6484466292680843,-0.4291925214661,-0.4372303481283579,-0.1920223529146078,-0.9241262771572012,-0.2378962583894591,-0.2852780729186127,-0.6579458798781034,1.475962593537489,-0.599359767458393,-0.2741341207742125,-0.2715149221930298,-0.0545096686124699,-0.1054751099787656,-0.4754901282470776,0,15873444851147210944,TRAIN
-0.40118011873256,-0.4981113540949978,-0.4465569454251236,-0.4686314183190865,-0.3378076683812179,-0.4676915470807261,-0.2963929877022355,-0.3386466567372986,-0.3509324100615936,-0.5538430523058961,-0.3549638210716314,-0.545372356354676,-0.3732605822866707,-0.3664596337848474,-0.3620028167560174,-0.6484466292680843,-0.429192611062996,-0.4372288286247014,-0.1920223529146078,-0.9241262771572012,-0.2378962583894591,-0.2852665995155082,-0.4191927610052267,1.475962593537489,-0.5124907103264267,-0.2741344428002606,-0.2715149221930298,-0.0544924350684227,-0.1054751099787656,-0.4818428714137194,0,2645769624765857911,TRAIN
-0.40118011873256,-0.3729328920173201,-0.4076403152611105,-0.4262945503140816,-0.3378076683812179,-0.4303366269510176,-0.2959573686018645,-0.3386466567372986,-0.3509324100615936,-0.3831201438880721,-0.3549638210716314,-0.3931955663751215,-0.3732549171738814,-0.3664595928517367,-0.3619889307753125,-0.6484466292680843,-0.429192581197364,-0.4372246574381933,-0.1920223529146078,-0.9241262771572012,-0.2378962583894591,-0.2852641998494987,0.6551962739227182,-0.6775239456463912,0.5878506800118143,-0.2741343354582446,-0.2715148630642555,-0.0545103444377266,-0.1054751099787656,-0.4841466134411829,0,16106803596795576357,TRAIN
-0.40118011873256,-0.422345442837456,-0.4230021429574315,-0.4548071348901686,-0.3378076683812179,-0.4450819901601131,-0.2963465410176479,-0.3386466567372986,-0.3509324100615936,-0.4214763920348078,-0.3549638210716314,-0.4265046491603458,-0.373256846596353,-0.3664594700524048,-0.3619925293053889,-0.6484466292680843,-0.429192491600468,-0.4372259087941458,-0.1920223529146078,0.90342218917247,-0.2378962583894591,-0.2852673494111352,0.7745728333591564,-0.6775239456463912,0.1535053943519823,-0.2741340134321964,-0.2715147448067069,-0.0545096686124699,-0.1054751099787656,-0.4841466134411829,0,12163802498776694898,TRAIN
-0.40118011873256,-0.4981113540949978,-0.4465569454251236,-0.465175347461857,-0.3378076683812179,-0.4676915470807261,-0.2963900847844488,-0.3386466567372986,-0.3509324100615936,-0.5673805516518029,-0.3549638210716314,-0.5532097875982582,-0.3732592686373282,-0.3664595109855155,-0.361996818554317,1.5421469630102351,-0.4291925214661,-0.437227666651317,-0.1920223529146078,-0.3149434550473107,-0.2378962583894591,-0.2852717737953396,-0.5783615069204778,-0.6775239456463912,-0.5124907103264267,-0.2741341207742125,-0.2715146856779326,-0.0545096686124699,-0.1054751099787656,-0.4125909898608774,0,16261496183555883026,TRAIN
-0.40118011873256,-0.5079938642590249,-0.4496293109643878,-0.4686314183190865,-0.3378076683812179,-0.4706406197225452,-0.2963929877022355,-0.3386466567372986,-0.3509324100615936,-0.5809180509977097,-0.3549638210716314,-0.5649659344636314,-0.3732608285959224,-0.3664596337848474,-0.3620028167560174,-0.6484466292680843,-0.429192611062996,-0.4372290073898375,-0.1920223529146078,0.90342218917247,-0.2378962583894591,-0.2852679493276381,-0.6579458798781034,1.475962593537489,-0.599359767458393,-0.2741344428002606,-0.2715149221930298,-0.054494462544193,-0.1054751099787656,-0.4208984232326397,0,15508384312669765716,TRAIN
-0.40118011873256,-0.5079938642590249,-0.4496293109643878,-0.4686314183190865,-0.3378076683812179,-0.4676915470807261,-0.2963929877022355,-0.3386466567372986,-0.3509324100615936,-0.5538430523058961,-0.3549638210716314,-0.545372356354676,-0.3732584065549472,-0.3664552539420096,-0.3620028167560174,-0.6484466292680843,-0.4291894154403735,-0.4372272495326662,-0.1920223529146078,-0.9241262771572012,-0.2378962583894591,-0.2852546761750271,-0.4191927610052267,1.475962593537489,-0.599359767458393,-0.2741229572045423,-0.2715149221930298,-0.0544745256991189,-0.1054751099787656,-0.4662053497727551,0,6792609695267291303,TRAIN
-0.40118011873256,-0.3399911914705629,-0.3973990967968965,-0.408150178309683,-0.3378076683812179,-0.4205063848116206,-0.2955039691300497,-0.3386466567372986,-0.3509324100615936,-0.3552930618992637,-0.3549638210716314,-0.3690301533740763,-0.3732564771324755,-0.3664595109855155,-0.3619930706908187,-0.6484466292680843,-0.4291925214661,-0.4372242999079212,-0.1920223529146078,-0.9241262771572012,-0.2378962583894591,-0.2852632999747453,0.6154040874439054,-0.6775239456463912,0.8774142037850355,-0.2741341207742125,-0.2715120248830885,-0.0545096686124699,-0.1054751099787656,-0.4841466134411829,0,17790487705224347715,TRAIN
-0.40118011873256,-0.5079938642590249,-0.4496293109643878,-0.4686314183190865,-0.3378076683812179,-0.4706406197225452,-0.2963929877022355,-0.3386466567372986,-0.3509324100615936,-0.5809180509977097,-0.3549638210716314,-0.5649659344636314,-0.373222855919617,-0.3664198058682011,-0.3620028167560174,-0.6484466292680843,-0.4291635518030735,-0.4372014477646949,-0.1920223529146078,0.90342218917247,-0.2378962583894591,-0.2850598532909394,-0.6579458798781034,1.475962593537489,-0.599359767458393,-0.2740299990186347,-0.2715149221930298,-0.054181893362946,-0.1054751099787656,-0.4665544015950981,1,1497845503681495151,TRAIN
-0.40118011873256,-0.5046996942043492,-0.4486051891179664,-0.465175347461857,-0.3378076683812179,-0.4676915470807261,-0.2963900847844488,-0.3386466567372986,-0.3509324100615936,-0.5643722184638236,-0.3549638210716314,-0.5505973105170641,-0.3732613212144258,-0.3664576280624264,-0.3620005630104583,-0.6484466292680843,-0.4291911476470286,-0.4372289775956481,5.2077270423027215,-0.9241262771572012,-0.2378962583894591,-0.2852750733361024,-0.5783615069204778,1.475962593537489,-0.570403415081071,-0.2741291830414737,-0.2715148630642555,-0.0545103444377266,-0.1054751099787656,-0.4840768030767143,0,6838455251038240890,TRAIN
-0.40118011873256,-0.5079938642590249,-0.4496293109643878,-0.4686314183190865,-0.3378076683812179,-0.4676915470807261,-0.2963929877022355,-0.3386466567372986,-0.3509324100615936,-0.5538430523058961,-0.3549638210716314,-0.545372356354676,-0.3732580370910697,-0.3664548855440139,-0.3620028167560174,-0.6484466292680843,-0.4291891466496856,-0.4372269813849621,-0.1920223529146078,-0.9241262771572012,-0.2378962583894591,-0.2852526514568322,-0.4191927610052267,1.475962593537489,-0.599359767458393,-0.2741219911263977,-0.2715149221930298,-0.0544714844854635,-0.1054751099787656,3.998376889087028,0,16771329045148598419,TRAIN
-0.40118011873256,-0.5079938642590249,-0.4496293109643878,-0.4686314183190865,-0.3378076683812179,-0.4706406197225452,-0.2963929877022355,-0.3386466567372986,-0.3509324100615936,-0.5809180509977097,-0.3549638210716314,-0.5649659344636314,-0.3732626759153102,-0.3664595109855155,-0.3620028167560174,-0.6484466292680843,-0.4291925214661,-0.4372303481283579,-0.1920223529146078,-0.9241262771572012,-0.2378962583894591,-0.2852780729186127,-0.6579458798781034,1.475962593537489,-0.599359767458393,-0.2741341207742125,-0.2715149221930298,-0.0545096686124699,-0.1054751099787656,-0.4754901282470776,0,15873444851147210944,TRAIN
-0.40118011873256,-0.4981113540949978,-0.4465569454251236,-0.4686314183190865,-0.3378076683812179,-0.4676915470807261,-0.2963929877022355,-0.3386466567372986,-0.3509324100615936,-0.5538430523058961,-0.3549638210716314,-0.545372356354676,-0.3732588581219087,-0.3664596337848474,-0.3620028167560174,-0.6484466292680843,-0.429192611062996,-0.437227577268749,-0.1920223529146078,-0.9241262771572012,-0.2378962583894591,-0.2852571508305986,-0.4191927610052267,1.475962593537489,-0.5124907103264267,-0.2741344428002606,-0.2715149221930298,-0.054478242738031,-0.1054751099787656,-0.4601318480639877,0,13751588174306607277,TRAIN
-0.40118011873256,-0.4701109086302541,-0.4378519097305417,-0.4686314183190865,-0.3378076683812179,-0.4593358412622387,-0.2963929877022355,-0.3386466567372986,-0.3509324100615936,-0.4944284718433053,-0.3549638210716314,-0.489857218379302,-0.3732561487201399,-0.3664595928517367,-0.3619923742837679,-0.6484466292680843,-0.429192581197364,-0.4372241807311638,-0.1920223529146078,0.90342218917247,-0.2378962583894591,-0.285263000016495,0.2572744091345904,-0.6775239456463912,-0.2663617151191885,-0.2741343354582446,-0.2715121431406371,-0.0545103444377266,-0.1054751099787656,-0.4841466134411829,0,8661695051829477467,TRAIN
-0.40118011873256,-0.5079938642590249,-0.4496293109643878,-0.4686314183190865,-0.3378074890106277,-0.4460650143740527,-0.2963929877022355,-0.3386466567372986,-0.3509324100615936,-0.4189308793257164,-0.3549638210716314,-0.4016861168890022,-0.3732625117091424,-0.3664593472530729,-0.3620025997559415,-0.6484466292680843,-0.4291920137503562,-0.437229841627139,-0.1920223529146078,0.90342218917247,-0.2378962583894591,-0.2852783728768637,1.331663444062535,-0.6775239456463912,-0.599359767458393,-0.2741342638969005,-0.2715149221930298,-0.0545103444377266,-0.1054751099787656,-0.4841466134411829,0,3439545459716259957,TRAIN
-0.40118011873256,-0.5079938642590249,-0.4496293109643878,-0.4686314183190865,-0.3378076683812179,-0.4676915470807261,-0.2963929877022355,-0.3386466567372986,-0.3509324100615936,-0.5538430523058961,-0.3549638210716314,-0.545372356354676,-0.3732607875443804,-0.3664576280624264,-0.3620028167560174,-0.6484466292680843,-0.4291911476470286,-0.4372289775956481,-0.1920223529146078,-0.9241262771572012,-0.2378962583894591,-0.2852677243589498,-0.4191927610052267,1.475962593537489,-0.599359767458393,-0.2741291830414737,-0.2715149221930298,-0.0544941246315646,-0.1054751099787656,-0.4569205712984325,0,14427947703314153551,TRAIN
-0.40118011873256,-0.5079938642590249,-0.4496293109643878,-0.4686314183190865,-0.3378076683812179,-0.4706406197225452,-0.2963929877022355,-0.3386466567372986,-0.3509324100615936,-0.5809180509977097,-0.3549638210716314,-0.5649659344636314,-0.3732609928020902,-0.3664596337848474,-0.3620028167560174,-0.6484466292680843,-0.429192611062996,-0.4372291265665948,-0.1920223529146078,-0.9241262771572012,-0.2378962583894591,-0.2852688492023914,-0.6579458798781034,1.475962593537489,-0.599359767458393,-0.2741344428002606,-0.2715149221930298,-0.0544958141947065,-0.1054751099787656,1.5543858394061347,0,15776308001658503411,TRAIN
-0.40118011873256,-0.5079938642590249,-0.4496293109643878,-0.4686314183190865,-0.3378076683812179,-0.4676915470807261,-0.2963929877022355,-0.3386466567372986,-0.3509324100615936,-0.5538430523058961,-0.3549638210716314,-0.545372356354676,-0.3732584065549472,-0.3664552539420096,-0.3620028167560174,-0.6484466292680843,-0.4291894154403735,-0.4372272495326662,-0.1920223529146078,-0.9241262771572012,-0.2378962583894591,-0.2852546761750271,-0.4191927610052267,1.475962593537489,-0.599359767458393,-0.2741229572045423,-0.2715149221930298,-0.0544745256991189,-0.1054751099787656,-0.4662053497727551,0,6792609695267291303,TRAIN
-0.40118011873256,-0.5079938642590249,-0.4496293109643878,-0.4686314183190865,-0.3378076683812179,-0.4706406197225452,-0.2963929877022355,-0.3386466567372986,-0.3509324100615936,-0.5809180509977097,-0.3549638210716314,-0.5649659344636314,-0.373222855919617,-0.3664198058682011,-0.3620028167560174,-0.6484466292680843,-0.4291635518030735,-0.4372014477646949,-0.1920223529146078,0.90342218917247,-0.2378962583894591,-0.2850598532909394,-0.6579458798781034,1.475962593537489,-0.599359767458393,-0.2740299990186347,-0.2715149221930298,-0.054181893362946,-0.1054751099787656,-0.4665544015950981,1,1497845503681495151,TRAIN
-0.40118011873256,-0.5079938642590249,-0.4496293109643878,-0.4686314183190865,-0.3378074890106277,-0.4460650143740527,-0.2963929877022355,-0.3386466567372986,-0.3509324100615936,-0.4189308793257164,-0.3549638210716314,-0.4016861168890022,-0.3732625117091424,-0.3664593472530729,-0.3620025997559415,-0.6484466292680843,-0.4291920137503562,-0.437229841627139,-0.1920223529146078,0.90342218917247,-0.2378962583894591,-0.2852783728768637,1.331663444062535,-0.6775239456463912,-0.599359767458393,-0.2741342638969005,-0.2715149221930298,-0.0545103444377266,-0.1054751099787656,-0.4841466134411829,0,3439545459716259957,TRAIN
-0.40118011873256,-0.4981113540949978,-0.4465569454251236,-0.4686314183190865,-0.3378076683812179,-0.4676915470807261,-0.2963929877022355,-0.3386466567372986,-0.3509324100615936,-0.5538430523058961,-0.3549638210716314,-0.545372356354676,-0.3732612391113419,-0.3664596337848474,-0.3620028167560174,-0.6484466292680843,-0.429192611062996,-0.4372293053317309,-0.1920223529146078,-0.9241262771572012,-0.2378962583894591,-0.2852701990145214,-0.4191927610052267,1.475962593537489,-0.5124907103264267,-0.2741344428002606,-0.2715149221930298,-0.0544978416704768,-0.1054751099787656,-0.481912681778188,0,1085546133084963025,TRAIN
-0.40118011873256,-0.5079938642590249,-0.4496293109643878,-0.4686314183190865,-0.3378076683812179,-0.4706406197225452,-0.2963929877022355,-0.3386466567372986,-0.3509324100615936,-0.5809180509977097,-0.3549638210716314,-0.5649659344636314,-0.3732626759153102,-0.3664595109855155,-0.3620028167560174,-0.6484466292680843,-0.4291925214661,-0.4372303481283579,-0.1920223529146078,-0.9241262771572012,-0.2378962583894591,-0.2852780729186127,-0.6579458798781034,1.475962593537489,-0.599359767458393,-0.2741341207742125,-0.2715149221930298,-0.0545096686124699,-0.1054751099787656,-0.4754901282470776,0,15873444851147210944,TRAIN
-0.40118011873256,-0.4981113540949978,-0.4465569454251236,-0.465175347461857,-0.3378076683812179,-0.4676915470807261,-0.2963900847844488,-0.3386466567372986,-0.3509324100615936,-0.5673805516518029,-0.3549638210716314,-0.5532097875982582,-0.3732607875443804,-0.3664576280624264,-0.3619997632942908,1.5421469630102351,-0.4291911476470286,-0.4372283817118613,-0.1920223529146078,-0.3149434550473107,-0.2378962583894591,-0.2852735735448462,-0.5783615069204778,-0.6775239456463912,-0.5124907103264267,-0.2741291830414737,-0.2715148630642555,-0.0545103444377266,-0.1054751099787656,-0.4125909898608774,0,9578959622884163697,TRAIN
-0.40118011873256,-0.4981113540949978,-0.4465569454251236,-0.4686314183190865,-0.3378076683812179,-0.4676915470807261,-0.2963929877022355,-0.3386466567372986,-0.3509324100615936,-0.5538430523058961,-0.3549638210716314,-0.545372356354676,-0.3732609517505482,-0.3664596337848474,-0.3620028167560174,-0.6484466292680843,-0.429192611062996,-0.4372290967724055,-0.1920223529146078,-0.9241262771572012,-0.2378962583894591,-0.2852686242337031,-0.4191927610052267,1.475962593537489,-0.5124907103264267,-0.2741344428002606,-0.2715149221930298,-0.0544954762820781,-0.1054751099787656,-0.4639714181097602,0,8146268394037051501,TRAIN
-0.40118011873256,-0.5079938642590249,-0.4496293109643878,-0.4686314183190865,-0.3378074890106277,-0.4460650143740527,-0.2963929877022355,-0.3386466567372986,-0.3509324100615936,-0.4189308793257164,-0.3549638210716314,-0.4016861168890022,-0.3732625117091424,-0.3664593472530729,-0.3620025997559415,-0.6484466292680843,-0.4291920137503562,-0.437229841627139,-0.1920223529146078,0.90342218917247,-0.2378962583894591,-0.2852783728768637,1.331663444062535,-0.6775239456463912,-0.599359767458393,-0.2741342638969005,-0.2715149221930298,-0.0545103444377266,-0.1054751099787656,-0.4841466134411829,0,3439545459716259957,TRAIN
-0.40118011873256,-0.5079938642590249,-0.4496293109643878,-0.4686314183190865,-0.3378076683812179,-0.4706406197225452,-0.2963929877022355,-0.3386466567372986,-0.3509324100615936,-0.5809180509977097,-0.3549638210716314,-0.5649659344636314,-0.3693562932862644,-0.3664596337848474,-0.3620028167560174,-0.6484466292680843,-0.429192611062996,-0.4343951926588247,-0.1920223529146078,0.90342218917247,-0.2378962583894591,-0.2638705024751761,-0.6579458798781034,1.475962593537489,-0.599359767458393,-0.2741344428002606,-0.2715149221930298,-0.02235457872155,-0.1054751099787656,-0.4628544522782628,0,15767898975089590355,TRAIN
-0.40118011873256,-0.4981113540949978,-0.4465569454251236,-0.4686314183190865,-0.3378076683812179,-0.4676915470807261,-0.2963929877022355,-0.3386466567372986,-0.3509324100615936,-0.5538430523058961,-0.3549638210716314,-0.545372356354676,-0.3732595970496638,-0.3664596337848474,-0.3620028167560174,-0.6484466292680843,-0.429192611062996,-0.4372281135641572,-0.1920223529146078,-0.9241262771572012,-0.2378962583894591,-0.2852612002669885,-0.4191927610052267,1.475962593537489,-0.5124907103264267,-0.2741344428002606,-0.2715149221930298,-0.0544843251653417,-0.1054751099787656,-0.420339940316891,0,3492594118871351361,TRAIN
-0.40118011873256,-0.4981113540949978,-0.4465569454251236,-0.4686314183190865,-0.3378076683812179,-0.4676915470807261,-0.2963929877022355,-0.3386466567372986,-0.3509324100615936,-0.5538430523058961,-0.3549638210716314,-0.545372356354676,-0.3732595970496638,-0.3664596337848474,-0.3620028167560174,-0.6484466292680843,-0.429192611062996,-0.4372281135641572,-0.1920223529146078,-0.9241262771572012,-0.2378962583894591,-0.2852612002669885,-0.4191927610052267,1.475962593537489,-0.5124907103264267,-0.2741344428002606,-0.2715149221930298,-0.0544843251653417,-0.1054751099787656,-0.420339940316891,0,3492594118871351361,TRAIN
-0.40118011873256,-0.5079938642590249,-0.4496293109643878,-0.4686314183190865,-0.3378076683812179,-0.4706406197225452,-0.2963929877022355,-0.3386466567372986,-0.3509324100615936,-0.5809180509977097,-0.3549638210716314,-0.5649659344636314,-0.3732626759153102,-0.3664595109855155,-0.3620028167560174,-0.6484466292680843,-0.4291925214661,-0.4372303481283579,-0.1920223529146078,-0.9241262771572012,-0.2378962583894591,-0.2852780729186127,-0.6579458798781034,1.475962593537489,-0.599359767458393,-0.2741341207742125,-0.2715149221930298,-0.0545096686124699,-0.1054751099787656,-0.4754901282470776,0,15873444851147210944,TRAIN
-0.40118011873256,-0.3531678716892658,-0.4014955841825821,-0.4254305325958305,-0.3378076683812179,-0.4244384816673794,-0.2959394067980591,-0.3386466567372986,-0.3509324100615936,-0.3402513959593674,-0.3549638210716314,-0.355967767968106,-0.3732555739985526,-0.3664595109855155,-0.3619902755944534,-0.6484466292680843,-0.4291925214661,-0.4372249851742761,-0.1920223529146078,0.90342218917247,-0.2378962583894591,-0.2852650247346899,1.0929103251896586,-0.6775239456463912,0.761588794275747,-0.2741341207742125,-0.2715146856779326,-0.0545096686124699,-0.1054751099787656,-0.4841466134411829,0,14689578513408458881,TRAIN
-0.40118011873256,-0.4981113540949978,-0.4465569454251236,-0.4686314183190865,-0.3378076683812179,-0.4676915470807261,-0.2963929877022355,-0.3386466567372986,-0.3509324100615936,-0.5538430523058961,-0.3549638210716314,-0.545372356354676,-0.3732612391113419,-0.3664596337848474,-0.3620028167560174,-0.6484466292680843,-0.429192611062996,-0.4372293053317309,-0.1920223529146078,-0.9241262771572012,-0.2378962583894591,-0.2852701990145214,-0.4191927610052267,1.475962593537489,-0.5124907103264267,-0.2741344428002606,-0.2715149221930298,-0.0544978416704768,-0.1054751099787656,-0.481912681778188,0,1085546133084963025,TRAIN
-0.40118011873256,-0.4981113540949978,-0.4465569454251236,-0.4686314183190865,-0.3378076683812179,-0.4676915470807261,-0.2963929877022355,-0.3386466567372986,-0.3509324100615936,-0.5538430523058961,-0.3549638210716314,-0.545372356354676,-0.3732595970496638,-0.3664596337848474,-0.3620028167560174,-0.6484466292680843,-0.429192611062996,-0.4372281135641572,-0.1920223529146078,-0.9241262771572012,-0.2378962583894591,-0.2852612002669885,-0.4191927610052267,1.475962593537489,-0.5124907103264267,-0.2741344428002606,-0.2715149221930298,-0.0544843251653417,-0.1054751099787656,-0.420339940316891,0,3492594118871351361,TRAIN
-0.40118011873256,-0.229636494638926,-0.3630910149417797,-0.3580371508877428,-0.3378076683812179,-0.3875750736446408,-0.2934203998886249,-0.3386466567372986,-0.3509324100615936,-0.2342076510830978,-0.3549638210716314,-0.2638779508560151,-0.3732561076685979,-0.3664595109855155,-0.3619924265484681,-0.6484466292680843,-0.4291925214661,-0.4372240615544064,-0.1920223529146078,0.90342218917247,-0.2378962583894591,-0.2852627000582447,0.9735337657532204,-0.6775239456463912,1.8474520084253268,-0.2741341207742125,-0.2715120840118628,-0.0545096686124699,-0.1054751099787656,-0.4841466134411829,0,6294656846150893582,TRAIN
-0.40118011873256,-0.4981113540949978,-0.4465569454251236,-0.4686314183190865,-0.3378076683812179,-0.4676915470807261,-0.2963929877022355,-0.3386466567372986,-0.3509324100615936,-0.5538430523058961,-0.3549638210716314,-0.545372356354676,-0.3732605822866707,-0.3664596337848474,-0.3620028167560174,-0.6484466292680843,-0.429192611062996,-0.4372288286247014,-0.1920223529146078,-0.9241262771572012,-0.2378962583894591,-0.2852665995155082,-0.4191927610052267,1.475962593537489,-0.5124907103264267,-0.2741344428002606,-0.2715149221930298,-0.0544924350684227,-0.1054751099787656,-0.4818428714137194,0,2645769624765857911,TRAIN
-0.40118011873256,-0.4981113540949978,-0.4465569454251236,-0.4686314183190865,-0.3378076683812179,-0.4676915470807261,-0.2963929877022355,-0.3386466567372986,-0.3509324100615936,-0.5538430523058961,-0.3549638210716314,-0.545372356354676,-0.3732605822866707,-0.3664596337848474,-0.3620028167560174,-0.6484466292680843,-0.429192611062996,-0.4372288286247014,-0.1920223529146078,-0.9241262771572012,-0.2378962583894591,-0.2852665995155082,-0.4191927610052267,1.475962593537489,-0.5124907103264267,-0.2741344428002606,-0.2715149221930298,-0.0544924350684227,-0.1054751099787656,-0.4818428714137194,0,2645769624765857911,TRAIN
-0.40118011873256,-0.5079938642590249,-0.4496293109643878,-0.4686314183190865,-0.3378076683812179,-0.4676915470807261,-0.2963929877022355,-0.3386466567372986,-0.3509324100615936,-0.5538430523058961,-0.3549638210716314,-0.545372356354676,-0.3732620601421809,-0.366458896988856,-0.3620028167560174,-0.6484466292680843,-0.4291920734816202,-0.4372299012155178,-0.1920223529146078,-0.9241262771572012,-0.2378962583894591,-0.2852746983882878,-0.4191927610052267,1.475962593537489,-0.599359767458393,-0.2741325106439716,-0.2715149221930298,-0.0545045999230443,-0.1054751099787656,-0.4662751601372237,0,14360694348866125941,TRAIN
-0.40118011873256,-0.4981113540949978,-0.4465569454251236,-0.4649883997640792,-0.3378076683812179,-0.4676915470807261,-0.2963897622380282,-0.3386466567372986,-0.3509324100615936,-0.5658763850578132,-0.3549638210716314,-0.554080613293078,-0.3732580370910697,-0.3664596337848474,-0.3620028167560174,1.5421469630102351,-0.429192611062996,-0.4372269813849621,-0.1920223529146078,-0.3149434550473107,-0.2378962583894591,-0.2852526514568322,-0.5783615069204778,-0.6775239456463912,-0.5124907103264267,-0.2741344428002606,-0.2715149221930298,-0.0544714844854635,-0.1054751099787656,-0.4125909898608774,3,14212154446403338436,TRAIN
-0.40118011873256,-0.5079938642590249,-0.4496293109643878,-0.4686314183190865,-0.3378076683812179,-0.4676915470807261,-0.2963929877022355,-0.3386466567372986,-0.3509324100615936,-0.5538430523058961,-0.3549638210716314,-0.545372356354676,-0.3732584065549472,-0.3664552539420096,-0.3620028167560174,-0.6484466292680843,-0.4291894154403735,-0.4372272495326662,-0.1920223529146078,-0.9241262771572012,-0.2378962583894591,-0.2852546761750271,-0.4191927610052267,1.475962593537489,-0.599359767458393,-0.2741229572045423,-0.2715149221930298,-0.0544745256991189,-0.1054751099787656,-0.4662053497727551,0,6792609695267291303,TRAIN
-0.40118011873256,-0.4981113540949978,-0.4465569454251236,-0.465175347461857,-0.3378076683812179,-0.4676915470807261,-0.2963900847844488,-0.3386466567372986,-0.3509324100615936,-0.5673805516518029,-0.3549638210716314,-0.5532097875982582,-0.3732609106990063,-0.3664576280624264,-0.361999690592821,1.5421469630102351,-0.4291911476470286,-0.4372276070629383,-0.1920223529146078,-0.3149434550473107,-0.2378962583894591,-0.2852716238162133,-0.5783615069204778,-0.6775239456463912,-0.5124907103264267,-0.2741291830414737,-0.2715120248830885,-0.0545096686124699,-0.1054751099787656,-0.4125909898608774,0,15373769209021726958,TRAIN
-0.40118011873256,-0.290578640650427,-0.3820372691005755,-0.3805016114518471,-0.3378076683812179,-0.4057610216025252,-0.2945053654114149,-0.3386466567372986,-0.3509324100615936,-0.3146805638615435,-0.3549638210716314,-0.3337617127779564,-0.3732549992769652,-0.3664595109855155,-0.361989257785741,-0.6484466292680843,-0.4291925214661,-0.4372245680556253,-0.1920223529146078,-0.9241262771572012,-0.2378962583894591,-0.2852639748808103,0.5358197144862799,-0.6775239456463912,1.3117594894448674,-0.2741341207742125,-0.2715146856779326,-0.0545096686124699,-0.1054751099787656,-0.4841466134411829,0,8070352391376601223,TRAIN
-0.40118011873256,-0.5079938642590249,-0.4496293109643878,-0.4686314183190865,-0.3378076683812179,-0.4706406197225452,-0.2963929877022355,-0.3386466567372986,-0.3509324100615936,-0.5809180509977097,-0.3549638210716314,-0.5649659344636314,-0.3732570108025209,-0.3664596337848474,-0.3620028167560174,-0.6484466292680843,-0.429192611062996,-0.4372262365302286,-0.1920223529146078,0.90342218917247,-0.2378962583894591,-0.2852470272396241,-0.6579458798781034,1.475962593537489,-0.599359767458393,-0.2741344428002606,-0.2715149221930298,-0.0544630366697541,-0.1054751099787656,-0.4588054511390845,0,7623988293224366087,TRAIN
-0.40118011873256,-0.4981113540949978,-0.4465569454251236,-0.465175347461857,-0.3378076683812179,-0.4676915470807261,-0.2963900847844488,-0.3386466567372986,-0.3509324100615936,-0.5673805516518029,-0.3549638210716314,-0.5532097875982582,-0.3732592686373282,-0.3664595109855155,-0.361996818554317,1.5421469630102351,-0.4291925214661,-0.437227666651317,-0.1920223529146078,-0.3149434550473107,-0.2378962583894591,-0.2852717737953396,-0.5783615069204778,-0.6775239456463912,-0.5124907103264267,-0.2741341207742125,-0.2715146856779326,-0.0545096686124699,-0.1054751099787656,-0.4125909898608774,0,16261496183555883026,TRAIN
-0.40118011873256,-0.4981113540949978,-0.4465569454251236,-0.465175347461857,-0.3378076683812179,-0.4676915470807261,-0.2963900847844488,-0.3386466567372986,-0.3509324100615936,-0.5673805516518029,-0.3549638210716314,-0.5532097875982582,-0.3732607875443804,-0.3664576280624264,-0.3619997632942908,1.5421469630102351,-0.4291911476470286,-0.4372283817118613,-0.1920223529146078,-0.3149434550473107,-0.2378962583894591,-0.2852735735448462,-0.5783615069204778,-0.6775239456463912,-0.5124907103264267,-0.2741291830414737,-0.2715148630642555,-0.0545103444377266,-0.1054751099787656,-0.4125909898608774,0,9578959622884163697,TRAIN
-0.40118011873256,-0.4981113540949978,-0.4465569454251236,-0.4649883997640792,-0.3378076683812179,-0.4676915470807261,-0.2963897622380282,-0.3386466567372986,-0.3509324100615936,-0.5658763850578132,-0.3549638210716314,-0.554080613293078,-0.3732580370910697,-0.3664596337848474,-0.3620028167560174,1.5421469630102351,-0.429192611062996,-0.4372269813849621,-0.1920223529146078,-0.3149434550473107,-0.2378962583894591,-0.2852526514568322,-0.5783615069204778,-0.6775239456463912,-0.5124907103264267,-0.2741344428002606,-0.2715149221930298,-0.0544714844854635,-0.1054751099787656,-0.4125909898608774,3,14212154446403338436,TRAIN
-0.40118011873256,-0.1192817978072892,-0.3287829330866629,-0.3027400171704935,-0.3378076683812179,-0.3546437624776609,-0.2897046651216116,-0.3386466567372986,-0.3509324100615936,-0.1266597396128386,-0.3549638210716314,-0.1704818952033271,-0.3732549992769652,-0.3664595109855155,-0.3619892215811893,-0.6484466292680843,-0.4291925214661,-0.4372245978498146,-0.1920223529146078,-0.9241262771572012,-0.2378962583894591,-0.2852640498703739,1.0929103251896586,-0.6775239456463912,2.817489813065618,-0.2741341207742125,-0.2715147448067069,-0.0545096686124699,-0.1054751099787656,-0.4841466134411829,0,659485523058098361,TRAIN
-0.40118011873256,-0.5079938642590249,-0.4496293109643878,-0.4686314183190865,-0.3378076683812179,-0.4706406197225452,-0.2963929877022355,-0.3386466567372986,-0.3509324100615936,-0.5809180509977097,-0.3549638210716314,-0.5649659344636314,-0.373222855919617,-0.3664198058682011,-0.3620028167560174,-0.6484466292680843,-0.4291635518030735,-0.4372014477646949,-0.1920223529146078,0.90342218917247,-0.2378962583894591,-0.2850598532909394,-0.6579458798781034,1.475962593537489,-0.599359767458393,-0.2740299990186347,-0.2715149221930298,-0.054181893362946,-0.1054751099787656,-0.4665544015950981,1,1497845503681495151,TRAIN
-0.40118011873256,-0.4981113540949978,-0.4465569454251236,-0.4686314183190865,-0.3378076683812179,-0.4676915470807261,-0.2963929877022355,-0.3386466567372986,-0.3509324100615936,-0.5538430523058961,-0.3549638210716314,-0.545372356354676,-0.3732595970496638,-0.3664596337848474,-0.3620028167560174,-0.6484466292680843,-0.429192611062996,-0.4372281135641572,-0.1920223529146078,-0.9241262771572012,-0.2378962583894591,-0.2852612002669885,-0.4191927610052267,1.475962593537489,-0.5124907103264267,-0.2741344428002606,-0.2715149221930298,-0.0544843251653417,-0.1054751099787656,-0.420339940316891,0,3492594118871351361,TRAIN
-0.40118011873256,-0.4981113540949978,-0.4465569454251236,-0.4686314183190865,-0.3378076683812179,-0.4676915470807261,-0.2963929877022355,-0.3386466567372986,-0.3509324100615936,-0.5538430523058961,-0.3549638210716314,-0.545372356354676,-0.3732605822866707,-0.3664596337848474,-0.3620028167560174,-0.6484466292680843,-0.429192611062996,-0.4372288286247014,-0.1920223529146078,-0.9241262771572012,-0.2378962583894591,-0.2852665995155082,-0.4191927610052267,1.475962593537489,-0.5124907103264267,-0.2741344428002606,-0.2715149221930298,-0.0544924350684227,-0.1054751099787656,-0.4818428714137194,0,2645769624765857911,TRAIN
-0.40118011873256,-0.5079938642590249,-0.4496293109643878,-0.4686314183190865,-0.3378074890106277,-0.4460650143740527,-0.2963929877022355,-0.3386466567372986,-0.3509324100615936,-0.4189308793257164,-0.3549638210716314,-0.4016861168890022,-0.3732625117091424,-0.3664593472530729,-0.3620025997559415,-0.6484466292680843,-0.4291920137503562,-0.437229841627139,-0.1920223529146078,0.90342218917247,-0.2378962583894591,-0.2852783728768637,1.331663444062535,-0.6775239456463912,-0.599359767458393,-0.2741342638969005,-0.2715149221930298,-0.0545103444377266,-0.1054751099787656,-0.4841466134411829,0,3439545459716259957,TRAIN
-0.40118011873256,-0.5079938642590249,-0.4496293109643878,-0.4686314183190865,-0.3378076683812179,-0.4706406197225452,-0.2963929877022355,-0.3386466567372986,-0.3509324100615936,-0.5809180509977097,-0.3549638210716314,-0.5649659344636314,-0.3732626759153102,-0.3664595109855155,-0.3620028167560174,-0.6484466292680843,-0.4291925214661,-0.4372303481283579,-0.1920223529146078,0.90342218917247,-0.2378962583894591,-0.2852780729186127,-0.6579458798781034,1.475962593537489,-0.599359767458393,-0.2741341207742125,-0.2715149221930298,-0.0545096686124699,-0.1054751099787656,-0.0899274852870511,0,5496464567001415860,TRAIN
-0.40118011873256,-0.5079938642590249,-0.4496293109643878,-0.4686314183190865,-0.3378076683812179,-0.4706406197225452,-0.2963929877022355,-0.3386466567372986,-0.3509324100615936,-0.5809180509977097,-0.3549638210716314,-0.5649659344636314,-0.3732626759153102,-0.3664595109855155,-0.3620028167560174,-0.6484466292680843,-0.4291925214661,-0.4372303481283579,-0.1920223529146078,-0.9241262771572012,-0.2378962583894591,-0.2852780729186127,-0.6579458798781034,1.475962593537489,-0.599359767458393,-0.2741341207742125,-0.2715149221930298,-0.0545096686124699,-0.1054751099787656,-0.4754901282470776,0,15873444851147210944,TRAIN
-0.40118011873256,-0.4981113540949978,-0.4465569454251236,-0.4686314183190865,-0.3378076683812179,-0.4676915470807261,-0.2963929877022355,-0.3386466567372986,-0.3509324100615936,-0.5538430523058961,-0.3549638210716314,-0.545372356354676,-0.3732609106990063,-0.3664596337848474,-0.3620028167560174,-0.6484466292680843,-0.429192611062996,-0.4372290669782162,-0.1920223529146078,-0.9241262771572012,-0.2378962583894591,-0.2852683992650148,-0.4191927610052267,1.475962593537489,-0.5124907103264267,-0.2741344428002606,-0.2715149221930298,-0.0544951383694497,-0.1054751099787656,-0.4109853514780998,0,10242597751369760923,TRAIN
-0.40118011873256,-0.5079938642590249,-0.4496293109643878,-0.4686314183190865,-0.3378076683812179,-0.4706406197225452,-0.2963929877022355,-0.3386466567372986,-0.3509324100615936,-0.5809180509977097,-0.3549638210716314,-0.5649659344636314,-0.3732607875443804,-0.3664596337848474,-0.3620028167560174,-0.6484466292680843,-0.429192611062996,-0.4372289775956481,-0.1920223529146078,0.90342218917247,-0.2378962583894591,-0.2852677243589498,-0.6579458798781034,1.475962593537489,-0.599359767458393,-0.2741344428002606,-0.2715149221930298,-0.0544941246315646,-0.1054751099787656,-0.137189102032287,0,14381731653621383348,TRAIN
-0.40118011873256,-0.4981113540949978,-0.4465569454251236,-0.4686314183190865,-0.3378076683812179,-0.4676915470807261,-0.2963929877022355,-0.3386466567372986,-0.3509324100615936,-0.5538430523058961,-0.3549638210716314,-0.545372356354676,-0.3732588581219087,-0.3664596337848474,-0.3620028167560174,-0.6484466292680843,-0.429192611062996,-0.437227577268749,-0.1920223529146078,-0.9241262771572012,-0.2378962583894591,-0.2852571508305986,-0.4191927610052267,1.475962593537489,-0.5124907103264267,-0.2741344428002606,-0.2715149221930298,-0.054478242738031,-0.1054751099787656,-0.4601318480639877,0,13751588174306607277,TRAIN
-0.40118011873256,-0.3778741470993337,-0.4091764980307426,-0.4280225857505837,-0.3378076683812179,-0.4318111632719272,-0.2959922036153052,-0.3386466567372986,-0.3509324100615936,-0.3898888935610254,-0.3549638210716314,-0.3990736398078081,-0.3732527824936998,-0.3664595928517367,-0.3619851502988895,-0.6484466292680843,-0.429192581197364,-0.4372231081403475,-0.1920223529146078,-0.9241262771572012,-0.2378962583894591,-0.2852603003922351,0.6154040874439054,-0.6775239456463912,0.5444161514458311,-0.2741343354582446,-0.2715148630642555,-0.0545103444377266,-0.1054751099787656,-0.4841466134411829,0,7572067939009036376,TRAIN
-0.40118011873256,-0.5079938642590249,-0.4496293109643878,-0.4349334966888188,-0.3378076683812179,-0.4524546717646608,-0.2961170089210034,-0.3386466567372986,-0.3509324100615936,-0.4696097230424763,-0.3549638210716314,-0.4844145577825957,-0.3732610338536322,-0.3664578736610901,-0.3620028167560174,-0.6484466292680843,-0.4291913268408205,-0.4372291563607842,-0.1920223529146078,0.90342218917247,-0.2378962583894591,-0.2852690741710798,-0.6579458798781034,1.475962593537489,-0.599359767458393,-0.2741298270935701,-0.2715149221930298,-0.0544961521073349,-0.1054751099787656,-0.462645021184857,0,16927526917322834111,TRAIN
-0.40118011873256,-0.5079938642590249,-0.4496293109643878,-0.4686314183190865,-0.3378076683812179,-0.4676915470807261,-0.2963929877022355,-0.3386466567372986,-0.3509324100615936,-0.5538430523058961,-0.3549638210716314,-0.545372356354676,-0.3732584065549472,-0.3664552539420096,-0.3620028167560174,-0.6484466292680843,-0.4291894154403735,-0.4372272495326662,-0.1920223529146078,-0.9241262771572012,-0.2378962583894591,-0.2852546761750271,-0.4191927610052267,1.475962593537489,-0.599359767458393,-0.2741229572045423,-0.2715149221930298,-0.0544745256991189,-0.1054751099787656,-0.4662053497727551,0,6792609695267291303,TRAIN
-0.40118011873256,-0.4981113540949978,-0.4465569454251236,-0.4686314183190865,-0.3378076683812179,-0.4676915470807261,-0.2963929877022355,-0.3386466567372986,-0.3509324100615936,-0.5538430523058961,-0.3549638210716314,-0.545372356354676,-0.3732588991734507,-0.3664596337848474,-0.3620028167560174,-0.6484466292680843,-0.429192611062996,-0.4372276070629383,-0.1920223529146078,-0.9241262771572012,-0.2378962583894591,-0.2852573757992869,-0.4191927610052267,1.475962593537489,-0.5124907103264267,-0.2741344428002606,-0.2715149221930298,-0.0544785806506594,-0.1054751099787656,1.8358612289434928,0,8530256536715788384,TRAIN
-0.40118011873256,-0.5079938642590249,-0.4496293109643878,-0.4686314183190865,-0.3378076683812179,-0.4706406197225452,-0.2963929877022355,-0.3386466567372986,-0.3509324100615936,-0.5809180509977097,-0.3549638210716314,-0.5649659344636314,-0.3732608285959224,-0.3664596337848474,-0.3620028167560174,-0.6484466292680843,-0.429192611062996,-0.4372290073898375,-0.1920223529146078,0.90342218917247,-0.2378962583894591,-0.2852679493276381,-0.6579458798781034,1.475962593537489,-0.599359767458393,-0.2741344428002606,-0.2715149221930298,-0.054494462544193,-0.1054751099787656,-0.4208984232326397,0,15508384312669765716,TRAIN
-0.40118011873256,-0.5079938642590249,-0.4496293109643878,-0.4686314183190865,-0.3378076683812179,-0.4676915470807261,-0.2963929877022355,-0.3386466567372986,-0.3509324100615936,-0.5538430523058961,-0.3549638210716314,-0.545372356354676,-0.3732584065549472,-0.3664552539420096,-0.3620028167560174,-0.6484466292680843,-0.4291894154403735,-0.4372272495326662,-0.1920223529146078,-0.9241262771572012,-0.2378962583894591,-0.2852546761750271,-0.4191927610052267,1.475962593537489,-0.599359767458393,-0.2741229572045423,-0.2715149221930298,-0.0544745256991189,-0.1054751099787656,-0.4662053497727551,0,6792609695267291303,TRAIN
-0.40118011873256,-0.4981113540949978,-0.4465569454251236,-0.465175347461857,-0.3378076683812179,-0.4676915470807261,-0.2963900847844488,-0.3386466567372986,-0.3509324100615936,-0.5673805516518029,-0.3549638210716314,-0.5532097875982582,-0.3732609106990063,-0.3664576280624264,-0.361999690592821,1.5421469630102351,-0.4291911476470286,-0.4372276070629383,-0.1920223529146078,-0.3149434550473107,-0.2378962583894591,-0.2852716238162133,-0.5783615069204778,-0.6775239456463912,-0.5124907103264267,-0.2741291830414737,-0.2715120248830885,-0.0545096686124699,-0.1054751099787656,-0.4125909898608774,0,15373769209021726958,TRAIN
-0.40118011873256,-0.5079938642590249,-0.4496293109643878,-0.4686314183190865,-0.3378076683812179,-0.4706406197225452,-0.2963929877022355,-0.3386466567372986,-0.3509324100615936,-0.5809180509977097,-0.3549638210716314,-0.5649659344636314,-0.3732626759153102,-0.3664595109855155,-0.3620028167560174,-0.6484466292680843,-0.4291925214661,-0.4372303481283579,-0.1920223529146078,-0.9241262771572012,-0.2378962583894591,-0.2852780729186127,-0.6579458798781034,1.475962593537489,-0.599359767458393,-0.2741341207742125,-0.2715149221930298,-0.0545096686124699,-0.1054751099787656,-0.4754901282470776,0,15873444851147210944,TRAIN
-0.40118011873256,-0.5079938642590249,-0.4496293109643878,-0.4686314183190865,-0.3378076683812179,-0.4676915470807261,-0.2963929877022355,-0.3386466567372986,-0.3509324100615936,-0.5538430523058961,-0.3549638210716314,-0.545372356354676,-0.3732584065549472,-0.3664552539420096,-0.3620028167560174,-0.6484466292680843,-0.4291894154403735,-0.4372272495326662,-0.1920223529146078,-0.9241262771572012,-0.2378962583894591,-0.2852546761750271,-0.4191927610052267,1.475962593537489,-0.599359767458393,-0.2741229572045423,-0.2715149221930298,-0.0544745256991189,-0.1054751099787656,-0.4662053497727551,0,6792609695267291303,TRAIN
-0.40118011873256,-0.5079938642590249,-0.4496293109643878,-0.4686314183190865,-0.3378076683812179,-0.4676915470807261,-0.2963929877022355,-0.3386466567372986,-0.3509324100615936,-0.5538430523058961,-0.3549638210716314,-0.545372356354676,-0.3732584065549472,-0.3664552539420096,-0.3620028167560174,-0.6484466292680843,-0.4291894154403735,-0.4372272495326662,-0.1920223529146078,-0.9241262771572012,-0.2378962583894591,-0.2852546761750271,-0.4191927610052267,1.475962593537489,-0.599359767458393,-0.2741229572045423,-0.2715149221930298,-0.0544745256991189,-0.1054751099787656,-0.4662053497727551,0,6792609695267291303,TRAIN
-0.40118011873256,-0.4981113540949978,-0.4465569454251236,-0.4686314183190865,-0.3378076683812179,-0.4676915470807261,-0.2963929877022355,-0.3386466567372986,-0.3509324100615936,-0.5538430523058961,-0.3549638210716314,-0.545372356354676,-0.3732605822866707,-0.3664596337848474,-0.3620028167560174,-0.6484466292680843,-0.429192611062996,-0.4372288286247014,-0.1920223529146078,-0.9241262771572012,-0.2378962583894591,-0.2852665995155082,-0.4191927610052267,1.475962593537489,-0.5124907103264267,-0.2741344428002606,-0.2715149221930298,-0.0544924350684227,-0.1054751099787656,-0.4818428714137194,0,2645769624765857911,TRAIN
-0.40118011873256,-0.4981113540949978,-0.4465569454251236,-0.4686314183190865,-0.3378076683812179,-0.4676915470807261,-0.2963929877022355,-0.3386466567372986,-0.3509324100615936,-0.5538430523058961,-0.3549638210716314,-0.545372356354676,-0.3732595970496638,-0.3664596337848474,-0.3620028167560174,-0.6484466292680843,-0.429192611062996,-0.4372281135641572,-0.1920223529146078,-0.9241262771572012,-0.2378962583894591,-0.2852612002669885,-0.4191927610052267,1.475962593537489,-0.5124907103264267,-0.2741344428002606,-0.2715149221930298,-0.0544843251653417,-0.1054751099787656,-0.420339940316891,0,3492594118871351361,TRAIN
-0.40118011873256,-0.4981113540949978,-0.4465569454251236,-0.465175347461857,-0.3378076683812179,-0.4676915470807261,-0.2963900847844488,-0.3386466567372986,-0.3509324100615936,-0.5673805516518029,-0.3549638210716314,-0.5532097875982582,-0.3732607875443804,-0.3664576280624264,-0.3619997632942908,1.5421469630102351,-0.4291911476470286,-0.4372283817118613,-0.1920223529146078,-0.3149434550473107,-0.2378962583894591,-0.2852735735448462,-0.5783615069204778,-0.6775239456463912,-0.5124907103264267,-0.2741291830414737,-0.2715148630642555,-0.0545103444377266,-0.1054751099787656,-0.4125909898608774,0,9578959622884163697,TRAIN
-0.40118011873256,-0.4981113540949978,-0.4465569454251236,-0.4686314183190865,-0.3378076683812179,-0.4676915470807261,-0.2963929877022355,-0.3386466567372986,-0.3509324100615936,-0.5538430523058961,-0.3549638210716314,-0.545372356354676,-0.3732605822866707,-0.3664596337848474,-0.3620028167560174,-0.6484466292680843,-0.429192611062996,-0.4372288286247014,-0.1920223529146078,-0.9241262771572012,-0.2378962583894591,-0.2852665995155082,-0.4191927610052267,1.475962593537489,-0.5124907103264267,-0.2741344428002606,-0.2715149221930298,-0.0544924350684227,-0.1054751099787656,-0.4818428714137194,0,2645769624765857911,TRAIN
-0.40118011873256,-0.5079938642590249,-0.4496293109643878,-0.4686314183190865,-0.3378076683812179,-0.4706406197225452,-0.2963929877022355,-0.3386466567372986,-0.3509324100615936,-0.5809180509977097,-0.3549638210716314,-0.5649659344636314,-0.3732608285959224,-0.3664596337848474,-0.3620028167560174,-0.6484466292680843,-0.429192611062996,-0.4372290073898375,-0.1920223529146078,0.90342218917247,-0.2378962583894591,-0.2852679493276381,-0.6579458798781034,1.475962593537489,-0.599359767458393,-0.2741344428002606,-0.2715149221930298,-0.054494462544193,-0.1054751099787656,-0.4208984232326397,0,15508384312669765716,TRAIN
-0.40118011873256,-0.422345442837456,-0.4230021429574315,-0.4548071348901686,-0.3378076683812179,-0.4450819901601131,-0.2963465410176479,-0.3386466567372986,-0.3509324100615936,-0.4214763920348078,-0.3549638210716314,-0.4265046491603458,-0.373256846596353,-0.3664594700524048,-0.3619925293053889,-0.6484466292680843,-0.429192491600468,-0.4372259087941458,-0.1920223529146078,0.90342218917247,-0.2378962583894591,-0.2852673494111352,0.7745728333591564,-0.6775239456463912,0.1535053943519823,-0.2741340134321964,-0.2715147448067069,-0.0545096686124699,-0.1054751099787656,-0.4841466134411829,0,12163802498776694898,TRAIN
-0.40118011873256,-0.5079938642590249,-0.4496293109643878,-0.4686314183190865,-0.3378076683812179,-0.4676915470807261,-0.2963929877022355,-0.3386466567372986,-0.3509324100615936,-0.5538430523058961,-0.3549638210716314,-0.545372356354676,-0.3732584065549472,-0.3664552539420096,-0.3620028167560174,-0.6484466292680843,-0.4291894154403735,-0.4372272495326662,-0.1920223529146078,-0.9241262771572012,-0.2378962583894591,-0.2852546761750271,-0.4191927610052267,1.475962593537489,-0.599359767458393,-0.2741229572045423,-0.2715149221930298,-0.0544745256991189,-0.1054751099787656,-0.4662053497727551,0,6792609695267291303,TRAIN
-0.40118011873256,-0.5079938642590249,-0.4496293109643878,-0.4686314183190865,-0.3378076683812179,-0.4706406197225452,-0.2963929877022355,-0.3386466567372986,-0.3509324100615936,-0.5809180509977097,-0.3549638210716314,-0.5649659344636314,-0.3732607054412965,-0.3664596337848474,-0.3620028167560174,-0.6484466292680843,-0.429192611062996,-0.4372289180072694,-0.1920223529146078,0.90342218917247,-0.2378962583894591,-0.2852672744215732,-0.6579458798781034,1.475962593537489,-0.599359767458393,-0.2741344428002606,-0.2715149221930298,-0.0544934488063079,-0.1054751099787656,-0.4759788007983578,0,12934349058531262553,TRAIN
-0.40118011873256,-0.5079938642590249,-0.4496293109643878,-0.4686314183190865,-0.3378076683812179,-0.4676915470807261,-0.2963929877022355,-0.3386466567372986,-0.3509324100615936,-0.5538430523058961,-0.3549638210716314,-0.545372356354676,-0.3732584065549472,-0.3664552539420096,-0.3620028167560174,-0.6484466292680843,-0.4291894154403735,-0.4372272495326662,-0.1920223529146078,-0.9241262771572012,-0.2378962583894591,-0.2852546761750271,-0.4191927610052267,1.475962593537489,-0.599359767458393,-0.2741229572045423,-0.2715149221930298,-0.0544745256991189,-0.1054751099787656,-0.4662053497727551,0,6792609695267291303,TRAIN
-0.40118011873256,-0.5079938642590249,-0.4496293109643878,-0.4686314183190865,-0.3378074890106277,-0.4460650143740527,-0.2963929877022355,-0.3386466567372986,-0.3509324100615936,-0.4189308793257164,-0.3549638210716314,-0.4016861168890022,-0.3732625117091424,-0.3664593472530729,-0.3620025997559415,-0.6484466292680843,-0.4291920137503562,-0.437229841627139,-0.1920223529146078,0.90342218917247,-0.2378962583894591,-0.2852783728768637,1.331663444062535,-0.6775239456463912,-0.599359767458393,-0.2741342638969005,-0.2715149221930298,-0.0545103444377266,-0.1054751099787656,-0.4841466134411829,0,3439545459716259957,TRAIN
-0.40118011873256,-0.5079938642590249,-0.4496293109643878,-0.4686314183190865,-0.3378076683812179,-0.4706406197225452,-0.2963929877022355,-0.3386466567372986,-0.3509324100615936,-0.5809180509977097,-0.3549638210716314,-0.5649659344636314,-0.3732626759153102,-0.3664595109855155,-0.3620028167560174,-0.6484466292680843,-0.4291925214661,-0.4372303481283579,-0.1920223529146078,-0.9241262771572012,-0.2378962583894591,-0.2852780729186127,-0.6579458798781034,1.475962593537489,-0.599359767458393,-0.2741341207742125,-0.2715149221930298,-0.0545096686124699,-0.1054751099787656,-0.4754901282470776,0,15873444851147210944,TRAIN
-0.40118011873256,-0.5079938642590249,-0.4496293109643878,-0.4686314183190865,-0.3378076683812179,-0.4706406197225452,-0.2963929877022355,-0.3386466567372986,-0.3509324100615936,-0.5809180509977097,-0.3549638210716314,-0.5649659344636314,-0.3732607875443804,-0.3664596337848474,-0.3620028167560174,-0.6484466292680843,-0.429192611062996,-0.4372289775956481,-0.1920223529146078,0.90342218917247,-0.2378962583894591,-0.2852677243589498,-0.6579458798781034,1.475962593537489,-0.599359767458393,-0.2741344428002606,-0.2715149221930298,-0.0544941246315646,-0.1054751099787656,-0.137189102032287,0,14381731653621383348,TRAIN
-0.40118011873256,-0.5079938642590249,-0.4496293109643878,-0.4686314183190865,-0.3378074890106277,-0.4460650143740527,-0.2963929877022355,-0.3386466567372986,-0.3509324100615936,-0.4189308793257164,-0.3549638210716314,-0.4016861168890022,-0.3732625117091424,-0.3664593472530729,-0.3620025997559415,-0.6484466292680843,-0.4291920137503562,-0.437229841627139,-0.1920223529146078,0.90342218917247,-0.2378962583894591,-0.2852783728768637,1.331663444062535,-0.6775239456463912,-0.599359767458393,-0.2741342638969005,-0.2715149221930298,-0.0545103444377266,-0.1054751099787656,-0.4841466134411829,0,3439545459716259957,TRAIN
-0.40118011873256,-0.5079938642590249,-0.4496293109643878,-0.4686314183190865,-0.3378074890106277,-0.4460650143740527,-0.2963929877022355,-0.3386466567372986,-0.3509324100615936,-0.4189308793257164,-0.3549638210716314,-0.4016861168890022,-0.3732625117091424,-0.3664593472530729,-0.3620025997559415,-0.6484466292680843,-0.4291920137503562,-0.437229841627139,-0.1920223529146078,0.90342218917247,-0.2378962583894591,-0.2852783728768637,1.331663444062535,-0.6775239456463912,-0.599359767458393,-0.2741342638969005,-0.2715149221930298,-0.0545103444377266,-0.1054751099787656,-0.4841466134411829,0,3439545459716259957,TRAIN
-0.40118011873256,-0.4981113540949978,-0.4465569454251236,-0.4686314183190865,-0.3378076683812179,-0.4676915470807261,-0.2963929877022355,-0.3386466567372986,-0.3509324100615936,-0.5538430523058961,-0.3549638210716314,-0.545372356354676,-0.3732605822866707,-0.3664596337848474,-0.3620028167560174,-0.6484466292680843,-0.429192611062996,-0.4372288286247014,-0.1920223529146078,-0.9241262771572012,-0.2378962583894591,-0.2852665995155082,-0.4191927610052267,1.475962593537489,-0.5124907103264267,-0.2741344428002606,-0.2715149221930298,-0.0544924350684227,-0.1054751099787656,-0.4818428714137194,0,2645769624765857911,TRAIN
-0.40118011873256,-0.5079938642590249,-0.4496293109643878,-0.4686314183190865,-0.3378076683812179,-0.4706406197225452,-0.2963929877022355,-0.3386466567372986,-0.3509324100615936,-0.5809180509977097,-0.3549638210716314,-0.5649659344636314,-0.3732494573188017,-0.3664463305238916,-0.3620028167560174,-0.6484466292680843,-0.4291829047326004,-0.4372207543993894,-0.1920223529146078,0.90342218917247,-0.2378962583894591,-0.2852056330009727,-0.6579458798781034,1.475962593537489,-0.599359767458393,-0.2740995566450412,-0.2715149221930298,-0.0544008607461331,-0.1054751099787656,-0.4752806971536719,0,12911829287618740308,TRAIN
-0.40118011873256,-0.5079938642590249,-0.4496293109643878,-0.4686314183190865,-0.3378076683812179,-0.4706406197225452,-0.2963929877022355,-0.3386466567372986,-0.3509324100615936,-0.5809180509977097,-0.3549638210716314,-0.5649659344636314,-0.373222855919617,-0.3664198058682011,-0.3620028167560174,-0.6484466292680843,-0.4291635518030735,-0.4372014477646949,-0.1920223529146078,0.90342218917247,-0.2378962583894591,-0.2850598532909394,-0.6579458798781034,1.475962593537489,-0.599359767458393,-0.2740299990186347,-0.2715149221930298,-0.054181893362946,-0.1054751099787656,-0.4665544015950981,1,1497845503681495151,TRAIN
-0.40118011873256,-0.3399911914705629,-0.3973990967968965,-0.408150178309683,-0.3378076683812179,-0.4205063848116206,-0.2955039691300497,-0.3386466567372986,-0.3509324100615936,-0.3552930618992637,-0.3549638210716314,-0.3690301533740763,-0.3732564771324755,-0.3664595109855155,-0.3619930706908187,-0.6484466292680843,-0.4291925214661,-0.4372242999079212,-0.1920223529146078,-0.9241262771572012,-0.2378962583894591,-0.2852632999747453,0.6154040874439054,-0.6775239456463912,0.8774142037850355,-0.2741341207742125,-0.2715120248830885,-0.0545096686124699,-0.1054751099787656,-0.4841466134411829,0,17790487705224347715,TRAIN
-0.40118011873256,-0.4981113540949978,-0.4465569454251236,-0.465175347461857,-0.3378076683812179,-0.4676915470807261,-0.2963900847844488,-0.3386466567372986,-0.3509324100615936,-0.5673805516518029,-0.3549638210716314,-0.5532097875982582,-0.3732604591320448,-0.3664595928517367,-0.3619987813332543,1.5421469630102351,-0.429192581197364,-0.4372286498595654,-0.1920223529146078,-0.3149434550473107,-0.2378962583894591,-0.2852742484509112,-0.5783615069204778,-0.6775239456463912,-0.5124907103264267,-0.2741343354582446,-0.2715148039354812,-0.0545103444377266,-0.1054751099787656,-0.4125909898608774,0,7367513017677381781,TRAIN
-0.40118011873256,-0.5079938642590249,-0.4496293109643878,-0.4686314183190865,-0.3378076683812179,-0.4676915470807261,-0.2963929877022355,-0.3386466567372986,-0.3509324100615936,-0.5538430523058961,-0.3549638210716314,-0.545372356354676,-0.3732620601421809,-0.366458896988856,-0.3620028167560174,-0.6484466292680843,-0.4291920734816202,-0.4372299012155178,-0.1920223529146078,-0.9241262771572012,-0.2378962583894591,-0.2852746983882878,-0.4191927610052267,1.475962593537489,-0.599359767458393,-0.2741325106439716,-0.2715149221930298,-0.0545045999230443,-0.1054751099787656,-0.4662751601372237,0,14360694348866125941,TRAIN
-0.40118011873256,-0.5079938642590249,-0.4496293109643878,-0.4686314183190865,-0.3378076683812179,-0.4706406197225452,-0.2963929877022355,-0.3386466567372986,-0.3509324100615936,-0.5809180509977097,-0.3549638210716314,-0.5649659344636314,-0.373222855919617,-0.3664198058682011,-0.3620028167560174,-0.6484466292680843,-0.4291635518030735,-0.4372014477646949,-0.1920223529146078,0.90342218917247,-0.2378962583894591,-0.2850598532909394,-0.6579458798781034,1.475962593537489,-0.599359767458393,-0.2740299990186347,-0.2715149221930298,-0.054181893362946,-0.1054751099787656,-0.4665544015950981,1,1497845503681495151,TRAIN
-0.40118011873256,-0.5079938642590249,-0.4496293109643878,-0.4686314183190865,-0.3378076683812179,-0.4676915470807261,-0.2963929877022355,-0.3386466567372986,-0.3509324100615936,-0.5538430523058961,-0.3549638210716314,-0.545372356354676,-0.3732620601421809,-0.366458896988856,-0.3620028167560174,-0.6484466292680843,-0.4291920734816202,-0.4372299012155178,-0.1920223529146078,-0.9241262771572012,-0.2378962583894591,-0.2852746983882878,-0.4191927610052267,1.475962593537489,-0.599359767458393,-0.2741325106439716,-0.2715149221930298,-0.0545045999230443,-0.1054751099787656,-0.4662751601372237,0,14360694348866125941,TRAIN
-0.40118011873256,-0.5079938642590249,-0.4496293109643878,-0.4686314183190865,-0.3378076683812179,-0.4706406197225452,-0.2963929877022355,-0.3386466567372986,-0.3509324100615936,-0.5809180509977097,-0.3549638210716314,-0.5649659344636314,-0.3732626759153102,-0.3664595109855155,-0.3620028167560174,-0.6484466292680843,-0.4291925214661,-0.4372303481283579,-0.1920223529146078,0.90342218917247,-0.2378962583894591,-0.2852780729186127,-0.6579458798781034,1.475962593537489,-0.599359767458393,-0.2741341207742125,-0.2715149221930298,-0.0545096686124699,-0.1054751099787656,-0.0903463474738626,0,15405569697603911696,TRAIN
-0.40118011873256,-0.5079938642590249,-0.4496293109643878,-0.4686314183190865,-0.3378076683812179,-0.4706406197225452,-0.2963929877022355,-0.3386466567372986,-0.3509324100615936,-0.5809180509977097,-0.3549638210716314,-0.5649659344636314,-0.3693562932862644,-0.3664596337848474,-0.3620028167560174,-0.6484466292680843,-0.429192611062996,-0.4343951926588247,-0.1920223529146078,0.90342218917247,-0.2378962583894591,-0.2638705024751761,-0.6579458798781034,1.475962593537489,-0.599359767458393,-0.2741344428002606,-0.2715149221930298,-0.02235457872155,-0.1054751099787656,-0.4628544522782628,0,15767898975089590355,TRAIN
-0.40118011873256,-0.4981113540949978,-0.4465569454251236,-0.465175347461857,-0.3378076683812179,-0.4676915470807261,-0.2963900847844488,-0.3386466567372986,-0.3509324100615936,-0.5673805516518029,-0.3549638210716314,-0.5532097875982582,-0.3732607464928384,-0.3664576280624264,-0.3619992901726583,1.5421469630102351,-0.4291911476470286,-0.4372274580919916,-0.1920223529146078,-0.3149434550473107,-0.2378962583894591,-0.285271248868401,-0.5783615069204778,-0.6775239456463912,-0.5124907103264267,-0.2741291830414737,-0.2715119657543142,-0.0545103444377266,-0.1054751099787656,-0.4125909898608774,0,7737363831643046036,TRAIN
-0.40118011873256,-0.1192817978072892,-0.3287829330866629,-0.3027400171704935,-0.3378076683812179,-0.3546437624776609,-0.2897046651216116,-0.3386466567372986,-0.3509324100615936,-0.1266597396128386,-0.3549638210716314,-0.1704818952033271,-0.3732549992769652,-0.3664595109855155,-0.3619892215811893,-0.6484466292680843,-0.4291925214661,-0.4372245978498146,-0.1920223529146078,-0.9241262771572012,-0.2378962583894591,-0.2852640498703739,1.0929103251896586,-0.6775239456463912,2.817489813065618,-0.2741341207742125,-0.2715147448067069,-0.0545096686124699,-0.1054751099787656,-0.4841466134411829,0,659485523058098361,TRAIN
-0.40118011873256,-0.5079938642590249,-0.4496293109643878,-0.4686314183190865,-0.3378074890106277,-0.4460650143740527,-0.2963929877022355,-0.3386466567372986,-0.3509324100615936,-0.4189308793257164,-0.3549638210716314,-0.4016861168890022,-0.3732625117091424,-0.3664593472530729,-0.3620025997559415,-0.6484466292680843,-0.4291920137503562,-0.437229841627139,-0.1920223529146078,0.90342218917247,-0.2378962583894591,-0.2852783728768637,1.331663444062535,-0.6775239456463912,-0.599359767458393,-0.2741342638969005,-0.2715149221930298,-0.0545103444377266,-0.1054751099787656,-0.4841466134411829,0,3439545459716259957,TRAIN
-0.40118011873256,-0.4981113540949978,-0.4465569454251236,-0.465175347461857,-0.3378076683812179,-0.4676915470807261,-0.2963900847844488,-0.3386466567372986,-0.3509324100615936,-0.5673805516518029,-0.3549638210716314,-0.5532097875982582,-0.3732607875443804,-0.3664576280624264,-0.3619997632942908,1.5421469630102351,-0.4291911476470286,-0.4372283817118613,-0.1920223529146078,-0.3149434550473107,-0.2378962583894591,-0.2852735735448462,-0.5783615069204778,-0.6775239456463912,-0.5124907103264267,-0.2741291830414737,-0.2715148630642555,-0.0545103444377266,-0.1054751099787656,-0.4125909898608774,0,9578959622884163697,TRAIN
-0.40118011873256,-0.1192817978072892,-0.3287829330866629,-0.3027400171704935,-0.3378076683812179,-0.3546437624776609,-0.2897046651216116,-0.3386466567372986,-0.3509324100615936,-0.1266597396128386,-0.3549638210716314,-0.1704818952033271,-0.3732549992769652,-0.3664595109855155,-0.3619892215811893,-0.6484466292680843,-0.4291925214661,-0.4372245978498146,-0.1920223529146078,-0.9241262771572012,-0.2378962583894591,-0.2852640498703739,1.0929103251896586,-0.6775239456463912,2.817489813065618,-0.2741341207742125,-0.2715147448067069,-0.0545096686124699,-0.1054751099787656,-0.4841466134411829,0,659485523058098361,TRAIN
-0.40118011873256,-0.4289337829468075,-0.4250503866502743,-0.4548071348900108,-0.3378076683812179,-0.4470480385879924,-0.2963465410176479,-0.3386466567372986,-0.3509324100615936,-0.4365180579747043,-0.3549638210716314,-0.4395670345663162,-0.3732553687408428,-0.3664595109855155,-0.3619898758944163,-0.6484466292680843,-0.4291925214661,-0.4372248659975187,-0.1920223529146078,0.90342218917247,-0.2378962583894591,-0.2852647247764389,0.6154040874439054,-0.6775239456463912,0.095592689597338,-0.2741341207742125,-0.2715147448067069,-0.0545096686124699,-0.1054751099787656,-0.4841466134411829,0,14378605593718292494,TRAIN
-0.40118011873256,-0.5079938642590249,-0.4496293109643878,-0.4686314183190865,-0.3378076683812179,-0.4706406197225452,-0.2963929877022355,-0.3386466567372986,-0.3509324100615936,-0.5809180509977097,-0.3549638210716314,-0.5649659344636314,-0.3732613622659678,-0.3664596337848474,-0.3620028167560174,-0.6484466292680843,-0.429192611062996,-0.4372293947142989,-0.1920223529146078,0.90342218917247,-0.2378962583894591,-0.2852708739205863,-0.6579458798781034,1.475962593537489,-0.599359767458393,-0.2741344428002606,-0.2715149221930298,-0.0544988554083619,-0.1054751099787656,-0.4659959186793493,6,5354798063977103372,TRAIN
-0.40118011873256,-0.4981113540949978,-0.4465569454251236,-0.4686314183190865,-0.3378076683812179,-0.4676915470807261,-0.2963929877022355,-0.3386466567372986,-0.3509324100615936,-0.5538430523058961,-0.3549638210716314,-0.545372356354676,-0.3732626759153102,-0.3664596337848474,-0.3620028167560174,-0.6484466292680843,-0.429192611062996,-0.4372303481283579,-0.1920223529146078,-0.9241262771572012,-0.2378962583894591,-0.2852780729186127,-0.4191927610052267,1.475962593537489,-0.5124907103264267,-0.2741344428002606,-0.2715149221930298,-0.0545096686124699,-0.1054751099787656,-0.4766769044430437,0,15564636983479894257,TRAIN
-0.40118011873256,-0.5079938642590249,-0.4496293109643878,-0.4686314183190865,-0.3378076683812179,-0.4706406197225452,-0.2963929877022355,-0.3386466567372986,-0.3509324100615936,-0.5809180509977097,-0.3549638210716314,-0.5649659344636314,-0.373222855919617,-0.3664198058682011,-0.3620028167560174,-0.6484466292680843,-0.4291635518030735,-0.4372014477646949,-0.1920223529146078,0.90342218917247,-0.2378962583894591,-0.2850598532909394,-0.6579458798781034,1.475962593537489,-0.599359767458393,-0.2740299990186347,-0.2715149221930298,-0.054181893362946,-0.1054751099787656,-0.4665544015950981,1,1497845503681495151,TRAIN
-0.40118011873256,-0.5079938642590249,-0.4496293109643878,-0.4686314183190865,-0.3378074890106277,-0.4460650143740527,-0.2963929877022355,-0.3386466567372986,-0.3509324100615936,-0.4189308793257164,-0.3549638210716314,-0.4016861168890022,-0.3732625117091424,-0.3664593472530729,-0.3620025997559415,-0.6484466292680843,-0.4291920137503562,-0.437229841627139,-0.1920223529146078,0.90342218917247,-0.2378962583894591,-0.2852783728768637,1.331663444062535,-0.6775239456463912,-0.599359767458393,-0.2741342638969005,-0.2715149221930298,-0.0545103444377266,-0.1054751099787656,-0.4841466134411829,0,3439545459716259957,TRAIN
-0.40118011873256,-0.5079938642590249,-0.4496293109643878,-0.4686314183190865,-0.3378076683812179,-0.4706406197225452,-0.2963929877022355,-0.3386466567372986,-0.3509324100615936,-0.5809180509977097,-0.3549638210716314,-0.5649659344636314,-0.3732626759153102,-0.3664595109855155,-0.3620028167560174,-0.6484466292680843,-0.4291925214661,-0.4372303481283579,-0.1920223529146078,-0.9241262771572012,-0.2378962583894591,-0.2852780729186127,-0.6579458798781034,1.475962593537489,-0.599359767458393,-0.2741341207742125,-0.2715149221930298,-0.0545096686124699,-0.1054751099787656,-0.4754901282470776,0,15873444851147210944,TRAIN
-0.40118011873256,-0.5079938642590249,-0.4496293109643878,-0.4686314183190865,-0.3378076683812179,-0.4706406197225452,-0.2963929877022355,-0.3386466567372986,-0.3509324100615936,-0.5809180509977097,-0.3549638210716314,-0.5649659344636314,-0.3732618959360131,-0.3664596337848474,-0.3620028167560174,-0.6484466292680843,-0.429192611062996,-0.4372297820387604,-0.1920223529146078,-0.9241262771572012,-0.2378962583894591,-0.2852737985135345,-0.6579458798781034,1.475962593537489,-0.599359767458393,-0.2741344428002606,-0.2715149221930298,-0.0545032482725308,-0.1054751099787656,-0.4766769044430437,0,14662299357843554344,TRAIN
-0.40118011873256,-0.4981113540949978,-0.4465569454251236,-0.4686314183190865,-0.3378076683812179,-0.4676915470807261,-0.2963929877022355,-0.3386466567372986,-0.3509324100615936,-0.5538430523058961,-0.3549638210716314,-0.545372356354676,-0.3732626759153102,-0.3664596337848474,-0.3620028167560174,-0.6484466292680843,-0.429192611062996,-0.4372303481283579,-0.1920223529146078,-0.9241262771572012,-0.2378962583894591,-0.2852780729186127,-0.4191927610052267,1.475962593537489,-0.5124907103264267,-0.2741344428002606,-0.2715149221930298,-0.0545096686124699,-0.1054751099787656,-0.4766769044430437,0,15564636983479894257,TRAIN
-0.40118011873256,-0.4981113540949978,-0.4465569454251236,-0.4686314183190865,-0.3378076683812179,-0.4676915470807261,-0.2963929877022355,-0.3386466567372986,-0.3509324100615936,-0.5538430523058961,-0.3549638210716314,-0.545372356354676,-0.3732605822866707,-0.3664596337848474,-0.3620028167560174,-0.6484466292680843,-0.429192611062996,-0.4372288286247014,-0.1920223529146078,-0.9241262771572012,-0.2378962583894591,-0.2852665995155082,-0.4191927610052267,1.475962593537489,-0.5124907103264267,-0.2741344428002606,-0.2715149221930298,-0.0544924350684227,-0.1054751099787656,-0.4818428714137194,0,2645769624765857911,TRAIN
-0.40118011873256,-0.5079938642590249,-0.4496293109643878,-0.4686314183190865,-0.3378076683812179,-0.4706406197225452,-0.2963929877022355,-0.3386466567372986,-0.3509324100615936,-0.5809180509977097,-0.3549638210716314,-0.5649659344636314,-0.3732608285959224,-0.3664596337848474,-0.3620028167560174,-0.6484466292680843,-0.429192611062996,-0.4372290073898375,-0.1920223529146078,0.90342218917247,-0.2378962583894591,-0.2852679493276381,-0.6579458798781034,1.475962593537489,-0.599359767458393,-0.2741344428002606,-0.2715149221930298,-0.054494462544193,-0.1054751099787656,-0.4208984232326397,0,15508384312669765716,TRAIN
-0.40118011873256,-0.4981113540949978,-0.4465569454251236,-0.4686314183190865,-0.3378076683812179,-0.4676915470807261,-0.2963929877022355,-0.3386466567372986,-0.3509324100615936,-0.5538430523058961,-0.3549638210716314,-0.545372356354676,-0.3732605822866707,-0.3664596337848474,-0.3620028167560174,-0.6484466292680843,-0.429192611062996,-0.4372288286247014,-0.1920223529146078,-0.9241262771572012,-0.2378962583894591,-0.2852665995155082,-0.4191927610052267,1.475962593537489,-0.5124907103264267,-0.2741344428002606,-0.2715149221930298,-0.0544924350684227,-0.1054751099787656,-0.4818428714137194,0,2645769624765857911,TRAIN
-0.40118011873256,-0.5079938642590249,-0.4496293109643878,-0.4686314183190865,-0.3378076683812179,-0.4676915470807261,-0.2963929877022355,-0.3386466567372986,-0.3509324100615936,-0.5538430523058961,-0.3549638210716314,-0.545372356354676,-0.3732584065549472,-0.3664552539420096,-0.3620028167560174,-0.6484466292680843,-0.4291894154403735,-0.4372272495326662,-0.1920223529146078,-0.9241262771572012,-0.2378962583894591,-0.2852546761750271,-0.4191927610052267,1.475962593537489,-0.599359767458393,-0.2741229572045423,-0.2715149221930298,-0.0544745256991189,-0.1054751099787656,-0.4662053497727551,0,6792609695267291303,TRAIN
-0.40118011873256,-0.5079938642590249,-0.4496293109643878,-0.4686314183190865,-0.3378074890106277,-0.4460650143740527,-0.2963929877022355,-0.3386466567372986,-0.3509324100615936,-0.4189308793257164,-0.3549638210716314,-0.4016861168890022,-0.3732625117091424,-0.3664593472530729,-0.3620025997559415,-0.6484466292680843,-0.4291920137503562,-0.437229841627139,-0.1920223529146078,0.90342218917247,-0.2378962583894591,-0.2852783728768637,1.331663444062535,-0.6775239456463912,-0.599359767458393,-0.2741342638969005,-0.2715149221930298,-0.0545103444377266,-0.1054751099787656,-0.4841466134411829,0,3439545459716259957,TRAIN
-0.40118011873256,-0.4981113540949978,-0.4465569454251236,-0.4686314183190865,-0.3378076683812179,-0.4676915470807261,-0.2963929877022355,-0.3386466567372986,-0.3509324100615936,-0.5538430523058961,-0.3549638210716314,-0.545372356354676,-0.3732595970496638,-0.3664596337848474,-0.3620028167560174,-0.6484466292680843,-0.429192611062996,-0.4372281135641572,-0.1920223529146078,-0.9241262771572012,-0.2378962583894591,-0.2852612002669885,-0.4191927610052267,1.475962593537489,-0.5124907103264267,-0.2741344428002606,-0.2715149221930298,-0.0544843251653417,-0.1054751099787656,-0.420339940316891,0,3492594118871351361,TRAIN
-0.40118011873256,-0.5079938642590249,-0.4496293109643878,-0.4686314183190865,-0.3378076683812179,-0.4676915470807261,-0.2963929877022355,-0.3386466567372986,-0.3509324100615936,-0.5538430523058961,-0.3549638210716314,-0.545372356354676,-0.3732620601421809,-0.366458896988856,-0.3620028167560174,-0.6484466292680843,-0.4291920734816202,-0.4372299012155178,-0.1920223529146078,-0.9241262771572012,-0.2378962583894591,-0.2852746983882878,-0.4191927610052267,1.475962593537489,-0.599359767458393,-0.2741325106439716,-0.2715149221930298,-0.0545045999230443,-0.1054751099787656,-0.4662751601372237,0,14360694348866125941,TRAIN
-0.40118011873256,-0.5079938642590249,-0.4496293109643878,-0.4686314183190865,-0.3378076683812179,-0.4676915470807261,-0.2963929877022355,-0.3386466567372986,-0.3509324100615936,-0.5538430523058961,-0.3549638210716314,-0.545372356354676,-0.3732584065549472,-0.3664552539420096,-0.3620028167560174,-0.6484466292680843,-0.4291894154403735,-0.4372272495326662,-0.1920223529146078,-0.9241262771572012,-0.2378962583894591,-0.2852546761750271,-0.4191927610052267,1.475962593537489,-0.599359767458393,-0.2741229572045423,-0.2715149221930298,-0.0544745256991189,-0.1054751099787656,-0.4662053497727551,0,6792609695267291303,TRAIN
-0.40118011873256,-0.5079938642590249,-0.4496293109643878,-0.4686314183190865,-0.3378076683812179,-0.4706406197225452,-0.2963929877022355,-0.3386466567372986,-0.3509324100615936,-0.5809180509977097,-0.3549638210716314,-0.5649659344636314,-0.3732626759153102,-0.3664595109855155,-0.3620028167560174,-0.6484466292680843,-0.4291925214661,-0.4372303481283579,-0.1920223529146078,-0.9241262771572012,-0.2378962583894591,-0.2852780729186127,-0.6579458798781034,1.475962593537489,-0.599359767458393,-0.2741341207742125,-0.2715149221930298,-0.0545096686124699,-0.1054751099787656,-0.4754901282470776,0,15873444851147210944,TRAIN
-0.40118011873256,-0.4981113540949978,-0.4465569454251236,-0.4686314183190865,-0.3378076683812179,-0.4676915470807261,-0.2963929877022355,-0.3386466567372986,-0.3509324100615936,-0.5538430523058961,-0.3549638210716314,-0.545372356354676,-0.3732626759153102,-0.3664596337848474,-0.3620028167560174,-0.6484466292680843,-0.429192611062996,-0.4372303481283579,-0.1920223529146078,-0.9241262771572012,-0.2378962583894591,-0.2852780729186127,-0.4191927610052267,1.475962593537489,-0.5124907103264267,-0.2741344428002606,-0.2715149221930298,-0.0545096686124699,-0.1054751099787656,-0.4766769044430437,0,15564636983479894257,TRAIN
-0.40118011873256,-0.5079938642590249,-0.4496293109643878,-0.4686314183190865,-0.3378076683812179,-0.4706406197225452,-0.2963929877022355,-0.3386466567372986,-0.3509324100615936,-0.5809180509977097,-0.3549638210716314,-0.5649659344636314,-0.3732608285959224,-0.3664596337848474,-0.3620028167560174,-0.6484466292680843,-0.429192611062996,-0.4372290073898375,-0.1920223529146078,0.90342218917247,-0.2378962583894591,-0.2852679493276381,-0.6579458798781034,1.475962593537489,-0.599359767458393,-0.2741344428002606,-0.2715149221930298,-0.054494462544193,-0.1054751099787656,-0.4208984232326397,0,15508384312669765716,TRAIN
-0.40118011873256,-0.5079938642590249,-0.4496293109643878,-0.4686314183190865,-0.3378076683812179,-0.4706406197225452,-0.2963929877022355,-0.3386466567372986,-0.3509324100615936,-0.5809180509977097,-0.3549638210716314,-0.5649659344636314,-0.373222855919617,-0.3664198058682011,-0.3620028167560174,-0.6484466292680843,-0.4291635518030735,-0.4372014477646949,-0.1920223529146078,0.90342218917247,-0.2378962583894591,-0.2850598532909394,-0.6579458798781034,1.475962593537489,-0.599359767458393,-0.2740299990186347,-0.2715149221930298,-0.054181893362946,-0.1054751099787656,-0.4665544015950981,1,1497845503681495151,TRAIN
-0.40118011873256,-0.4157571027281046,-0.4209538992645887,-0.4548071348901686,-0.3378076683812179,-0.4431159417322337,-0.2963465410176479,-0.3386466567372986,-0.3509324100615936,-0.4064347260949115,-0.3549638210716314,-0.4134422637543755,-0.3732580781426116,-0.3664594700524048,-0.3619957782173834,-0.6484466292680843,-0.429192491600468,-0.4372254618813056,-0.1920223529146078,-0.9241262771572012,-0.2378962583894591,-0.2852662245676935,0.9337415792744076,-0.6775239456463912,0.2114180991066265,-0.2741340134321964,-0.2715120840118628,-0.0545093306998415,-0.1054751099787656,-0.4841466134411829,0,10823106279071809637,TRAIN
-0.40118011873256,-0.4981113540949978,-0.4465569454251236,-0.4686314183190865,-0.3378076683812179,-0.4676915470807261,-0.2963929877022355,-0.3386466567372986,-0.3509324100615936,-0.5538430523058961,-0.3549638210716314,-0.545372356354676,-0.3732614443690517,-0.3664596337848474,-0.3620028167560174,-0.6484466292680843,-0.429192611062996,-0.4372294543026776,-0.1920223529146078,-0.9241262771572012,-0.2378962583894591,-0.285271323857963,-0.4191927610052267,1.475962593537489,-0.5124907103264267,-0.2741344428002606,-0.2715149221930298,-0.0544995312336186,-0.1054751099787656,-0.4752108867892033,0,4727452443563130936,TRAIN
-0.40118011873256,-0.4981113540949978,-0.4465569454251236,-0.4686314183190865,-0.3378076683812179,-0.4676915470807261,-0.2963929877022355,-0.3386466567372986,-0.3509324100615936,-0.5538430523058961,-0.3549638210716314,-0.545372356354676,-0.3732626759153102,-0.3664596337848474,-0.3620028167560174,-0.6484466292680843,-0.429192611062996,-0.4372303481283579,-0.1920223529146078,-0.9241262771572012,-0.2378962583894591,-0.2852780729186127,-0.4191927610052267,1.475962593537489,-0.5124907103264267,-0.2741344428002606,-0.2715149221930298,-0.0545096686124699,-0.1054751099787656,-0.4766769044430437,0,15564636983479894257,TRAIN
-0.40118011873256,-0.5079938642590249,-0.4496293109643878,-0.4686314183190865,-0.3378076683812179,-0.4706406197225452,-0.2963929877022355,-0.3386466567372986,-0.3509324100615936,-0.5809180509977097,-0.3549638210716314,-0.5649659344636314,-0.3732608285959224,-0.3664596337848474,-0.3620028167560174,-0.6484466292680843,-0.429192611062996,-0.4372290073898375,-0.1920223529146078,0.90342218917247,-0.2378962583894591,-0.2852679493276381,-0.6579458798781034,1.475962593537489,-0.599359767458393,-0.2741344428002606,-0.2715149221930298,-0.054494462544193,-0.1054751099787656,-0.4208984232326397,0,15508384312669765716,TRAIN
-0.40118011873256,-0.5079938642590249,-0.4496293109643878,-0.4686314183190865,-0.3378074890106277,-0.4460650143740527,-0.2963929877022355,-0.3386466567372986,-0.3509324100615936,-0.4189308793257164,-0.3549638210716314,-0.4016861168890022,-0.3732625117091424,-0.3664593472530729,-0.3620025997559415,-0.6484466292680843,-0.4291920137503562,-0.437229841627139,-0.1920223529146078,0.90342218917247,-0.2378962583894591,-0.2852783728768637,1.331663444062535,-0.6775239456463912,-0.599359767458393,-0.2741342638969005,-0.2715149221930298,-0.0545103444377266,-0.1054751099787656,-0.4841466134411829,0,3439545459716259957,TRAIN
-0.40118011873256,-0.3646974668806308,-0.405080010645057,-0.4237024971751031,-0.3378076683812179,-0.4278790664161684,-0.2959023945962783,-0.3386466567372986,-0.3509324100615936,-0.371086811136155,-0.3549638210716314,-0.3827456580503452,-0.3732556971531784,-0.3664595109855155,-0.361990457506174,-0.6484466292680843,-0.4291925214661,-0.4372251043510335,-0.1920223529146078,-0.9241262771572012,-0.2378962583894591,-0.2852653246929403,0.7347806468803437,-0.6775239456463912,0.6602415609551195,-0.2741341207742125,-0.2715147448067069,-0.0545096686124699,-0.1054751099787656,-0.4841466134411829,0,7095287923680870432,TRAIN
-0.40118011873256,-0.5079938642590249,-0.4496293109643878,-0.4686314183190865,-0.3378076683812179,-0.4706406197225452,-0.2963929877022355,-0.3386466567372986,-0.3509324100615936,-0.5809180509977097,-0.3549638210716314,-0.5649659344636314,-0.3732626759153102,-0.3664595109855155,-0.3620028167560174,-0.6484466292680843,-0.4291925214661,-0.4372303481283579,-0.1920223529146078,-0.9241262771572012,-0.2378962583894591,-0.2852780729186127,-0.6579458798781034,1.475962593537489,-0.599359767458393,-0.2741341207742125,-0.2715149221930298,-0.0545096686124699,-0.1054751099787656,-0.4754901282470776,0,15873444851147210944,TRAIN
-0.40118011873256,-0.5079938642590249,-0.4496293109643878,-0.4686314183190865,-0.3378076683812179,-0.4706406197225452,-0.2963929877022355,-0.3386466567372986,-0.3509324100615936,-0.5809180509977097,-0.3549638210716314,-0.5649659344636314,-0.373222855919617,-0.3664198058682011,-0.3620028167560174,-0.6484466292680843,-0.4291635518030735,-0.4372014477646949,-0.1920223529146078,0.90342218917247,-0.2378962583894591,-0.2850598532909394,-0.6579458798781034,1.475962593537489,-0.599359767458393,-0.2740299990186347,-0.2715149221930298,-0.054181893362946,-0.1054751099787656,-0.4665544015950981,1,1497845503681495151,TRAIN
-0.40118011873256,-0.4141100177007668,-0.420441838341378,-0.4548071348901686,-0.3378076683812179,-0.4426244296252638,-0.2963465410176479,-0.3386466567372986,-0.3509324100615936,-0.4026743096099374,-0.3549638210716314,-0.4101766674028829,-0.3732582423487794,-0.3664594700524048,-0.3619960445838742,-0.6484466292680843,-0.429192491600468,-0.437225581058063,-0.1920223529146078,-0.9241262771572012,-0.2378962583894591,-0.2852665245259462,0.9735337657532204,-0.6775239456463912,0.2258962752952876,-0.2741340134321964,-0.2715120840118628,-0.0545093306998415,-0.1054751099787656,-0.4841466134411829,0,12047297765991645397,TRAIN
-0.40118011873256,-0.4981113540949978,-0.4465569454251236,-0.4686314183190865,-0.3378076683812179,-0.4676915470807261,-0.2963929877022355,-0.3386466567372986,-0.3509324100615936,-0.5538430523058961,-0.3549638210716314,-0.545372356354676,-0.3732595970496638,-0.3664596337848474,-0.3620028167560174,-0.6484466292680843,-0.429192611062996,-0.4372281135641572,-0.1920223529146078,-0.9241262771572012,-0.2378962583894591,-0.2852612002669885,-0.4191927610052267,1.475962593537489,-0.5124907103264267,-0.2741344428002606,-0.2715149221930298,-0.0544843251653417,-0.1054751099787656,-0.420339940316891,0,3492594118871351361,TRAIN
-0.40118011873256,-0.5079938642590249,-0.4496293109643878,-0.4686314183190865,-0.3378076683812179,-0.4706406197225452,-0.2963929877022355,-0.3386466567372986,-0.3509324100615936,-0.5809180509977097,-0.3549638210716314,-0.5649659344636314,-0.3732626759153102,-0.3664595109855155,-0.3620028167560174,-0.6484466292680843,-0.4291925214661,-0.4372303481283579,-0.1920223529146078,0.90342218917247,-0.2378962583894591,-0.2852780729186127,-0.6579458798781034,1.475962593537489,-0.599359767458393,-0.2741341207742125,-0.2715149221930298,-0.0545096686124699,-0.1054751099787656,-0.0899274852870511,0,5496464567001415860,TRAIN
-0.40118011873256,-0.5046996942043492,-0.4486051891179664,-0.465175347461857,-0.3378076683812179,-0.4676915470807261,-0.2963900847844488,-0.3386466567372986,-0.3509324100615936,-0.5643722184638236,-0.3549638210716314,-0.5505973105170641,-0.3732613212144258,-0.3664576280624264,-0.3620005630104583,-0.6484466292680843,-0.4291911476470286,-0.4372289775956481,5.2077270423027215,-0.9241262771572012,-0.2378962583894591,-0.2852750733361024,-0.5783615069204778,1.475962593537489,-0.570403415081071,-0.2741291830414737,-0.2715148630642555,-0.0545103444377266,-0.1054751099787656,-0.4840768030767143,0,6838455251038240890,TRAIN
-0.40118011873256,-0.422345442837456,-0.4230021429574315,-0.4548071348901686,-0.3378076683812179,-0.4450819901601131,-0.2963465410176479,-0.3386466567372986,-0.3509324100615936,-0.4214763920348078,-0.3549638210716314,-0.4265046491603458,-0.373256846596353,-0.3664594700524048,-0.3619925293053889,-0.6484466292680843,-0.429192491600468,-0.4372259087941458,-0.1920223529146078,0.90342218917247,-0.2378962583894591,-0.2852673494111352,0.7745728333591564,-0.6775239456463912,0.1535053943519823,-0.2741340134321964,-0.2715147448067069,-0.0545096686124699,-0.1054751099787656,-0.4841466134411829,0,12163802498776694898,TRAIN
-0.40118011873256,-0.4981113540949978,-0.4465569454251236,-0.4686314183190865,-0.3378076683812179,-0.4676915470807261,-0.2963929877022355,-0.3386466567372986,-0.3509324100615936,-0.5538430523058961,-0.3549638210716314,-0.545372356354676,-0.3732595970496638,-0.3664596337848474,-0.3620028167560174,-0.6484466292680843,-0.429192611062996,-0.4372281135641572,-0.1920223529146078,-0.9241262771572012,-0.2378962583894591,-0.2852612002669885,-0.4191927610052267,1.475962593537489,-0.5124907103264267,-0.2741344428002606,-0.2715149221930298,-0.0544843251653417,-0.1054751099787656,-0.420339940316891,0,3492594118871351361,TRAIN
-0.40118011873256,-0.5079938642590249,-0.4496293109643878,-0.4686314183190865,-0.3378076683812179,-0.4706406197225452,-0.2963929877022355,-0.3386466567372986,-0.3509324100615936,-0.5809180509977097,-0.3549638210716314,-0.5649659344636314,-0.3732626759153102,-0.3664595109855155,-0.3620028167560174,-0.6484466292680843,-0.4291925214661,-0.4372303481283579,-0.1920223529146078,-0.9241262771572012,-0.2378962583894591,-0.2852780729186127,-0.6579458798781034,1.475962593537489,-0.599359767458393,-0.2741341207742125,-0.2715149221930298,-0.0545096686124699,-0.1054751099787656,-0.4754901282470776,0,15873444851147210944,TRAIN
-0.40118011873256,-0.4981113540949978,-0.4465569454251236,-0.4686314183190865,-0.3378076683812179,-0.4676915470807261,-0.2963929877022355,-0.3386466567372986,-0.3509324100615936,-0.5538430523058961,-0.3549638210716314,-0.545372356354676,-0.3732614443690517,-0.3664596337848474,-0.3620028167560174,-0.6484466292680843,-0.429192611062996,-0.4372294543026776,-0.1920223529146078,-0.9241262771572012,-0.2378962583894591,-0.285271323857963,-0.4191927610052267,1.475962593537489,-0.5124907103264267,-0.2741344428002606,-0.2715149221930298,-0.0544995312336186,-0.1054751099787656,-0.4752108867892033,0,4727452443563130936,TRAIN
-0.40118011873256,-0.5079938642590249,-0.4496293109643878,-0.4268283756734577,-0.3378015595480635,-0.4445904780531432,-0.2959682847822917,-0.3386466567372986,-0.3509324100615936,-0.5277708313333812,-0.3549638210716314,-0.5216967828063547,-0.3732574213179404,-0.3664542715473544,-0.3619954263735913,-0.6484466292680843,-0.4291872651148704,-0.4372251043510335,-0.1920223529146078,-0.9241262771572012,-0.2378962583894591,-0.2852586131270727,-0.6579458798781034,1.475962593537489,-0.599359767458393,-0.2741248356898233,-0.2715149221930298,-0.054494462544193,-0.1054751099787656,-0.4663449705016922,0,10115679708447113444,TRAIN
-0.40118011873256,-0.5079938642590249,-0.4496293109643878,-0.4686314183190865,-0.3378076683812179,-0.4706406197225452,-0.2963929877022355,-0.3386466567372986,-0.3509324100615936,-0.5809180509977097,-0.3549638210716314,-0.5649659344636314,-0.3732598433589155,-0.3664596337848474,-0.3620028167560174,-0.6484466292680843,-0.429192611062996,-0.4372282923292932,-0.1920223529146078,0.90342218917247,-0.2378962583894591,-0.2852625500791184,-0.6579458798781034,1.475962593537489,-0.599359767458393,-0.2741344428002606,-0.2715149221930298,-0.054486352641112,-0.1054751099787656,-0.4785617842836956,0,5256854558435311663,TRAIN
-0.40118011873256,-0.4141100177007668,-0.420441838341378,-0.4548071348901686,-0.3378076683812179,-0.4426244296252638,-0.2963465410176479,-0.3386466567372986,-0.3509324100615936,-0.4026743096099374,-0.3549638210716314,-0.4101766674028829,-0.3732582423487794,-0.3664594700524048,-0.3619960445838742,-0.6484466292680843,-0.429192491600468,-0.437225581058063,-0.1920223529146078,-0.9241262771572012,-0.2378962583894591,-0.2852665245259462,0.9735337657532204,-0.6775239456463912,0.2258962752952876,-0.2741340134321964,-0.2715120840118628,-0.0545093306998415,-0.1054751099787656,-0.4841466134411829,0,12047297765991645397,TRAIN
-0.40118011873256,-0.5079938642590249,-0.4496293109643878,-0.4686314183190865,-0.3378076683812179,-0.4706406197225452,-0.2963929877022355,-0.3386466567372986,-0.3509324100615936,-0.5809180509977097,-0.3549638210716314,-0.5649659344636314,-0.373222855919617,-0.3664198058682011,-0.3620028167560174,-0.6484466292680843,-0.4291635518030735,-0.4372014477646949,-0.1920223529146078,0.90342218917247,-0.2378962583894591,-0.2850598532909394,-0.6579458798781034,1.475962593537489,-0.599359767458393,-0.2740299990186347,-0.2715149221930298,-0.054181893362946,-0.1054751099787656,-0.4665544015950981,1,1497845503681495151,TRAIN
-0.40118011873256,-0.5079938642590249,-0.4496293109643878,-0.4686314183190865,-0.3378074890106277,-0.4460650143740527,-0.2963929877022355,-0.3386466567372986,-0.3509324100615936,-0.4189308793257164,-0.3549638210716314,-0.4016861168890022,-0.3732625117091424,-0.3664593472530729,-0.3620025997559415,-0.6484466292680843,-0.4291920137503562,-0.437229841627139,-0.1920223529146078,0.90342218917247,-0.2378962583894591,-0.2852783728768637,1.331663444062535,-0.6775239456463912,-0.599359767458393,-0.2741342638969005,-0.2715149221930298,-0.0545103444377266,-0.1054751099787656,-0.4841466134411829,0,3439545459716259957,TRAIN
-0.40118011873256,-0.4157571027281046,-0.4209538992645887,-0.4548071348901686,-0.3378076683812179,-0.4431159417322337,-0.2963465410176479,-0.3386466567372986,-0.3509324100615936,-0.4064347260949115,-0.3549638210716314,-0.4134422637543755,-0.3732580781426116,-0.3664594700524048,-0.3619957782173834,-0.6484466292680843,-0.429192491600468,-0.4372254618813056,-0.1920223529146078,-0.9241262771572012,-0.2378962583894591,-0.2852662245676935,0.9337415792744076,-0.6775239456463912,0.2114180991066265,-0.2741340134321964,-0.2715120840118628,-0.0545093306998415,-0.1054751099787656,-0.4841466134411829,0,10823106279071809637,TRAIN
-0.40118011873256,-0.5079938642590249,-0.4496293109643878,-0.4686314183190865,-0.3378076683812179,-0.4706406197225452,-0.2963929877022355,-0.3386466567372986,-0.3509324100615936,-0.5809180509977097,-0.3549638210716314,-0.5649659344636314,-0.373222855919617,-0.3664198058682011,-0.3620028167560174,-0.6484466292680843,-0.4291635518030735,-0.4372014477646949,-0.1920223529146078,0.90342218917247,-0.2378962583894591,-0.2850598532909394,-0.6579458798781034,1.475962593537489,-0.599359767458393,-0.2740299990186347,-0.2715149221930298,-0.054181893362946,-0.1054751099787656,-0.4665544015950981,1,1497845503681495151,TRAIN
-0.40118011873256,-0.4981113540949978,-0.4465569454251236,-0.465175347461857,-0.3378076683812179,-0.4676915470807261,-0.2963900847844488,-0.3386466567372986,-0.3509324100615936,-0.5673805516518029,-0.3549638210716314,-0.5532097875982582,-0.3732592686373282,-0.3664595109855155,-0.361996818554317,1.5421469630102351,-0.4291925214661,-0.437227666651317,-0.1920223529146078,-0.3149434550473107,-0.2378962583894591,-0.2852717737953396,-0.5783615069204778,-0.6775239456463912,-0.5124907103264267,-0.2741341207742125,-0.2715146856779326,-0.0545096686124699,-0.1054751099787656,-0.4125909898608774,0,16261496183555883026,TRAIN
-0.40118011873256,-0.4981113540949978,-0.4465569454251236,-0.465175347461857,-0.3378076683812179,-0.4676915470807261,-0.2963900847844488,-0.3386466567372986,-0.3509324100615936,-0.5673805516518029,-0.3549638210716314,-0.5532097875982582,-0.3732592686373282,-0.3664595109855155,-0.361996818554317,1.5421469630102351,-0.4291925214661,-0.437227666651317,-0.1920223529146078,-0.3149434550473107,-0.2378962583894591,-0.2852717737953396,-0.5783615069204778,-0.6775239456463912,-0.5124907103264267,-0.2741341207742125,-0.2715146856779326,-0.0545096686124699,-0.1054751099787656,-0.4125909898608774,0,16261496183555883026,TRAIN
-0.40118011873256,-0.4091687626187532,-0.4189056555717458,-0.4548071348901686,-0.3378076683812179,-0.4411498933043543,-0.2963465410176479,-0.3386466567372986,-0.3509324100615936,-0.391393060155015,-0.3549638210716314,-0.4003798783484051,-0.3732583244518633,-0.3664595109855155,-0.3619961175611511,-0.6484466292680843,-0.4291925214661,-0.437225670440631,-0.1920223529146078,0.90342218917247,-0.2378962583894591,-0.2852667494946345,1.0929103251896586,-0.6775239456463912,0.2693308038612708,-0.2741341207742125,-0.2715120840118628,-0.0545096686124699,-0.1054751099787656,-0.4841466134411829,0,16645412818067521686,TRAIN
-0.40118011873256,-0.5079938642590249,-0.4496293109643878,-0.4686314183190865,-0.3378076683812179,-0.4706406197225452,-0.2963929877022355,-0.3386466567372986,-0.3509324100615936,-0.5809180509977097,-0.3549638210716314,-0.5649659344636314,-0.3732626759153102,-0.3664595109855155,-0.3620028167560174,-0.6484466292680843,-0.4291925214661,-0.4372303481283579,-0.1920223529146078,-0.9241262771572012,-0.2378962583894591,-0.2852780729186127,-0.6579458798781034,1.475962593537489,-0.599359767458393,-0.2741341207742125,-0.2715149221930298,-0.0545096686124699,-0.1054751099787656,-0.4754901282470776,0,15873444851147210944,TRAIN
-0.40118011873256,-0.5079938642590249,-0.4496293109643878,-0.4686314183190865,-0.3378076683812179,-0.4676915470807261,-0.2963929877022355,-0.3386466567372986,-0.3509324100615936,-0.5538430523058961,-0.3549638210716314,-0.545372356354676,-0.3732620601421809,-0.366458896988856,-0.3620028167560174,-0.6484466292680843,-0.4291920734816202,-0.4372299012155178,-0.1920223529146078,-0.9241262771572012,-0.2378962583894591,-0.2852746983882878,-0.4191927610052267,1.475962593537489,-0.599359767458393,-0.2741325106439716,-0.2715149221930298,-0.0545045999230443,-0.1054751099787656,-0.4662751601372237,0,14360694348866125941,TRAIN
-0.40118011873256,-0.5079938642590249,-0.4496293109643878,-0.4686314183190865,-0.3378074890106277,-0.4460650143740527,-0.2963929877022355,-0.3386466567372986,-0.3509324100615936,-0.4189308793257164,-0.3549638210716314,-0.4016861168890022,-0.3732625117091424,-0.3664593472530729,-0.3620025997559415,-0.6484466292680843,-0.4291920137503562,-0.437229841627139,-0.1920223529146078,0.90342218917247,-0.2378962583894591,-0.2852783728768637,1.331663444062535,-0.6775239456463912,-0.599359767458393,-0.2741342638969005,-0.2715149221930298,-0.0545103444377266,-0.1054751099787656,-0.4841466134411829,0,3439545459716259957,TRAIN
-0.40118011873256,-0.5079938642590249,-0.4496293109643878,-0.4686314183190865,-0.3378076683812179,-0.4676915470807261,-0.2963929877022355,-0.3386466567372986,-0.3509324100615936,-0.5538430523058961,-0.3549638210716314,-0.545372356354676,-0.3732584065549472,-0.3664552539420096,-0.3620028167560174,-0.6484466292680843,-0.4291894154403735,-0.4372272495326662,-0.1920223529146078,-0.9241262771572012,-0.2378962583894591,-0.2852546761750271,-0.4191927610052267,1.475962593537489,-0.599359767458393,-0.2741229572045423,-0.2715149221930298,-0.0544745256991189,-0.1054751099787656,-0.4662053497727551,0,6792609695267291303,TRAIN
-0.40118011873256,-0.5079938642590249,-0.4496293109643878,-0.4686314183190865,-0.3378076683812179,-0.4676915470807261,-0.2963929877022355,-0.3386466567372986,-0.3509324100615936,-0.5538430523058961,-0.3549638210716314,-0.545372356354676,-0.3732584065549472,-0.3664552539420096,-0.3620028167560174,-0.6484466292680843,-0.4291894154403735,-0.4372272495326662,-0.1920223529146078,-0.9241262771572012,-0.2378962583894591,-0.2852546761750271,-0.4191927610052267,1.475962593537489,-0.599359767458393,-0.2741229572045423,-0.2715149221930298,-0.0544745256991189,-0.1054751099787656,-0.4662053497727551,0,6792609695267291303,TRAIN
-0.40118011873256,-0.5079938642590249,-0.4496293109643878,-0.4686314183190865,-0.3378076683812179,-0.4706406197225452,-0.2963929877022355,-0.3386466567372986,-0.3509324100615936,-0.5809180509977097,-0.3549638210716314,-0.5649659344636314,-0.3732626759153102,-0.3664595109855155,-0.3620028167560174,-0.6484466292680843,-0.4291925214661,-0.4372303481283579,-0.1920223529146078,-0.9241262771572012,-0.2378962583894591,-0.2852780729186127,-0.6579458798781034,1.475962593537489,-0.599359767458393,-0.2741341207742125,-0.2715149221930298,-0.0545096686124699,-0.1054751099787656,-0.4754901282470776,0,15873444851147210944,TRAIN
-0.40118011873256,-0.4981113540949978,-0.4465569454251236,-0.4686314183190865,-0.3378076683812179,-0.4676915470807261,-0.2963929877022355,-0.3386466567372986,-0.3509324100615936,-0.5538430523058961,-0.3549638210716314,-0.545372356354676,-0.3732595970496638,-0.3664596337848474,-0.3620028167560174,-0.6484466292680843,-0.429192611062996,-0.4372281135641572,-0.1920223529146078,-0.9241262771572012,-0.2378962583894591,-0.2852612002669885,-0.4191927610052267,1.475962593537489,-0.5124907103264267,-0.2741344428002606,-0.2715149221930298,-0.0544843251653417,-0.1054751099787656,-0.420339940316891,0,3492594118871351361,TRAIN
-0.40118011873256,-0.4981113540949978,-0.4465569454251236,-0.465175347461857,-0.3378076683812179,-0.4676915470807261,-0.2963900847844488,-0.3386466567372986,-0.3509324100615936,-0.5673805516518029,-0.3549638210716314,-0.5532097875982582,-0.3732592686373282,-0.3664595109855155,-0.361996818554317,1.5421469630102351,-0.4291925214661,-0.437227666651317,-0.1920223529146078,-0.3149434550473107,-0.2378962583894591,-0.2852717737953396,-0.5783615069204778,-0.6775239456463912,-0.5124907103264267,-0.2741341207742125,-0.2715146856779326,-0.0545096686124699,-0.1054751099787656,-0.4125909898608774,0,16261496183555883026,TRAIN
-0.40118011873256,-0.5079938642590249,-0.4496293109643878,-0.4686314183190865,-0.3378074890106277,-0.4460650143740527,-0.2963929877022355,-0.3386466567372986,-0.3509324100615936,-0.4189308793257164,-0.3549638210716314,-0.4016861168890022,-0.3732625117091424,-0.3664593472530729,-0.3620025997559415,-0.6484466292680843,-0.4291920137503562,-0.437229841627139,-0.1920223529146078,0.90342218917247,-0.2378962583894591,-0.2852783728768637,1.331663444062535,-0.6775239456463912,-0.599359767458393,-0.2741342638969005,-0.2715149221930298,-0.0545103444377266,-0.1054751099787656,-0.4841466134411829,0,3439545459716259957,TRAIN
-0.40118011873256,-0.4981113540949978,-0.4465569454251236,-0.4686314183190865,-0.3378076683812179,-0.4676915470807261,-0.2963929877022355,-0.3386466567372986,-0.3509324100615936,-0.5538430523058961,-0.3549638210716314,-0.545372356354676,-0.3732612391113419,-0.3664596337848474,-0.3620028167560174,-0.6484466292680843,-0.429192611062996,-0.4372293053317309,-0.1920223529146078,-0.9241262771572012,-0.2378962583894591,-0.2852701990145214,-0.4191927610052267,1.475962593537489,-0.5124907103264267,-0.2741344428002606,-0.2715149221930298,-0.0544978416704768,-0.1054751099787656,-0.481912681778188,0,1085546133084963025,TRAIN
-0.40118011873256,-0.5079938642590249,-0.4496293109643878,-0.4686314183190865,-0.3378076683812179,-0.4676915470807261,-0.2963929877022355,-0.3386466567372986,-0.3509324100615936,-0.5538430523058961,-0.3549638210716314,-0.545372356354676,-0.373257790781818,-0.3664546399453501,-0.3620028167560174,-0.6484466292680843,-0.4291889674558937,-0.437226802619826,-0.1920223529146078,-0.9241262771572012,-0.2378962583894591,-0.2852513016447022,-0.4191927610052267,1.475962593537489,-0.599359767458393,-0.2741213470743014,-0.2715149221930298,-0.0544694570096932,-0.1054751099787656,-0.4629242626427313,0,4995554033983553750,TRAIN
-0.40118011873256,-0.5079938642590249,-0.4496293109643878,-0.4686314183190865,-0.3378076683812179,-0.4676915470807261,-0.2963929877022355,-0.3386466567372986,-0.3509324100615936,-0.5538430523058961,-0.3549638210716314,-0.545372356354676,-0.3732584065549472,-0.3664552539420096,-0.3620028167560174,-0.6484466292680843,-0.4291894154403735,-0.4372272495326662,-0.1920223529146078,-0.9241262771572012,-0.2378962583894591,-0.2852546761750271,-0.4191927610052267,1.475962593537489,-0.599359767458393,-0.2741229572045423,-0.2715149221930298,-0.0544745256991189,-0.1054751099787656,-0.4662053497727551,0,6792609695267291303,TRAIN
-0.40118011873256,-0.5079938642590249,-0.4496293109643878,-0.4686314183190865,-0.3378076683812179,-0.4706406197225452,-0.2963929877022355,-0.3386466567372986,-0.3509324100615936,-0.5809180509977097,-0.3549638210716314,-0.5649659344636314,-0.3732607875443804,-0.3664596337848474,-0.3620028167560174,-0.6484466292680843,-0.429192611062996,-0.4372289775956481,-0.1920223529146078,0.90342218917247,-0.2378962583894591,-0.2852677243589498,-0.6579458798781034,1.475962593537489,-0.599359767458393,-0.2741344428002606,-0.2715149221930298,-0.0544941246315646,-0.1054751099787656,-0.4753505075181405,0,16782952135519240414,TRAIN
-0.40118011873256,-0.5079938642590249,-0.4496293109643878,-0.4686314183190865,-0.3378074890106277,-0.4460650143740527,-0.2963929877022355,-0.3386466567372986,-0.3509324100615936,-0.4189308793257164,-0.3549638210716314,-0.4016861168890022,-0.3732625117091424,-0.3664593472530729,-0.3620025997559415,-0.6484466292680843,-0.4291920137503562,-0.437229841627139,-0.1920223529146078,0.90342218917247,-0.2378962583894591,-0.2852783728768637,1.331663444062535,-0.6775239456463912,-0.599359767458393,-0.2741342638969005,-0.2715149221930298,-0.0545103444377266,-0.1054751099787656,-0.4841466134411829,0,3439545459716259957,TRAIN
-0.40118011873256,-0.4981113540949978,-0.4465569454251236,-0.465175347461857,-0.3378076683812179,-0.4676915470807261,-0.2963900847844488,-0.3386466567372986,-0.3509324100615936,-0.5673805516518029,-0.3549638210716314,-0.5532097875982582,-0.3732592686373282,-0.3664595109855155,-0.361996818554317,1.5421469630102351,-0.4291925214661,-0.437227666651317,-0.1920223529146078,-0.3149434550473107,-0.2378962583894591,-0.2852717737953396,-0.5783615069204778,-0.6775239456463912,-0.5124907103264267,-0.2741341207742125,-0.2715146856779326,-0.0545096686124699,-0.1054751099787656,-0.4125909898608774,0,16261496183555883026,TRAIN
-0.40118011873256,-0.4157571027281046,-0.4209538992645887,-0.4548071348901686,-0.3378076683812179,-0.4431159417322337,-0.2963465410176479,-0.3386466567372986,-0.3509324100615936,-0.4064347260949115,-0.3549638210716314,-0.4134422637543755,-0.3732580781426116,-0.3664594700524048,-0.3619957782173834,-0.6484466292680843,-0.429192491600468,-0.4372254618813056,-0.1920223529146078,-0.9241262771572012,-0.2378962583894591,-0.2852662245676935,0.9337415792744076,-0.6775239456463912,0.2114180991066265,-0.2741340134321964,-0.2715120840118628,-0.0545093306998415,-0.1054751099787656,-0.4841466134411829,0,10823106279071809637,TRAIN
-0.40118011873256,-0.290578640650427,-0.3820372691005755,-0.3805016114589457,-0.3378076683812179,-0.4057610216025252,-0.2945053654114149,-0.3386466567372986,-0.3509324100615936,-0.3146805638615435,-0.3549638210716314,-0.3337617127779564,-0.3732564360809335,-0.3664595109855155,-0.3619917661326278,-0.6484466292680843,-0.4291925214661,-0.4372256406464417,-0.1920223529146078,-0.9241262771572012,-0.2378962583894591,-0.285266674505071,0.5358197144862799,-0.6775239456463912,1.3117594894448674,-0.2741341207742125,-0.2715147448067069,-0.0545096686124699,-0.1054751099787656,-0.4841466134411829,0,2948154413744390382,TRAIN
-0.40118011873256,-0.5079938642590249,-0.4496293109643878,-0.4686314183190865,-0.3378076683812179,-0.4706406197225452,-0.2963929877022355,-0.3386466567372986,-0.3509324100615936,-0.5809180509977097,-0.3549638210716314,-0.5649659344636314,-0.373222855919617,-0.3664198058682011,-0.3620028167560174,-0.6484466292680843,-0.4291635518030735,-0.4372014477646949,-0.1920223529146078,0.90342218917247,-0.2378962583894591,-0.2850598532909394,-0.6579458798781034,1.475962593537489,-0.599359767458393,-0.2740299990186347,-0.2715149221930298,-0.054181893362946,-0.1054751099787656,-0.4665544015950981,1,1497845503681495151,TRAIN
-0.40118011873256,-0.4141100177007668,-0.420441838341378,-0.4548071348900108,-0.3378076683812179,-0.4426244296252638,-0.2963465410176479,-0.3386466567372986,-0.3509324100615936,-0.4026743096099374,-0.3549638210716314,-0.4101766674028829,-0.3732571750086887,-0.3664594700524048,-0.3619931109056011,-0.6484466292680843,-0.429192491600468,-0.4372261471476605,-0.1920223529146078,-0.9241262771572012,-0.2378962583894591,-0.2852679493276381,0.9735337657532204,-0.6775239456463912,0.2258962752952876,-0.2741340134321964,-0.2715147448067069,-0.0545096686124699,-0.1054751099787656,-0.4841466134411829,0,14562031351694622918,TRAIN
-0.40118011873256,-0.4701109086302541,-0.4378519097305417,-0.4686314183190865,-0.3378076683812179,-0.4593358412622387,-0.2963929877022355,-0.3386466567372986,-0.3509324100615936,-0.4944284718433053,-0.3549638210716314,-0.489857218379302,-0.3732567644932691,-0.3664595928517367,-0.3619921658046169,-0.6484466292680843,-0.429192581197364,-0.4372260279709031,-0.1920223529146078,0.90342218917247,-0.2378962583894591,-0.2852676493693878,0.2572744091345904,-0.6775239456463912,-0.2663617151191885,-0.2741343354582446,-0.2715149221930298,-0.054510682350355,-0.1054751099787656,-0.4841466134411829,0,239575852119228456,TRAIN
-0.40118011873256,-0.5079938642590249,-0.4496293109643878,-0.4686314183190865,-0.3378076683812179,-0.4706406197225452,-0.2963929877022355,-0.3386466567372986,-0.3509324100615936,-0.5809180509977097,-0.3549638210716314,-0.5649659344636314,-0.3732608285959224,-0.3664596337848474,-0.3620028167560174,-0.6484466292680843,-0.429192611062996,-0.4372290073898375,-0.1920223529146078,0.90342218917247,-0.2378962583894591,-0.2852679493276381,-0.6579458798781034,1.475962593537489,-0.599359767458393,-0.2741344428002606,-0.2715149221930298,-0.054494462544193,-0.1054751099787656,-0.4208984232326397,0,15508384312669765716,TRAIN
-0.40118011873256,-0.5079938642590249,-0.4496293109643878,-0.4686314183190865,-0.3378076683812179,-0.4706406197225452,-0.2963929877022355,-0.3386466567372986,-0.3509324100615936,-0.5809180509977097,-0.3549638210716314,-0.5649659344636314,-0.3732626759153102,-0.3664595109855155,-0.3620028167560174,-0.6484466292680843,-0.4291925214661,-0.4372303481283579,-0.1920223529146078,-0.9241262771572012,-0.2378962583894591,-0.2852780729186127,-0.6579458798781034,1.475962593537489,-0.599359767458393,-0.2741341207742125,-0.2715149221930298,-0.0545096686124699,-0.1054751099787656,-0.4754901282470776,0,15873444851147210944,TRAIN
-0.40118011873256,-0.5079938642590249,-0.4496293109643878,-0.4686314183190865,-0.3378074890106277,-0.4460650143740527,-0.2963929877022355,-0.3386466567372986,-0.3509324100615936,-0.4189308793257164,-0.3549638210716314,-0.4016861168890022,-0.3732625117091424,-0.3664593472530729,-0.3620025997559415,-0.6484466292680843,-0.4291920137503562,-0.437229841627139,-0.1920223529146078,0.90342218917247,-0.2378962583894591,-0.2852783728768637,1.331663444062535,-0.6775239456463912,-0.599359767458393,-0.2741342638969005,-0.2715149221930298,-0.0545103444377266,-0.1054751099787656,-0.4841466134411829,0,3439545459716259957,TRAIN
-0.40118011873256,-0.5079938642590249,-0.4496293109643878,-0.4686314183190865,-0.3378074890106277,-0.4460650143740527,-0.2963929877022355,-0.3386466567372986,-0.3509324100615936,-0.4189308793257164,-0.3549638210716314,-0.4016861168890022,-0.3732625117091424,-0.3664593472530729,-0.3620025997559415,-0.6484466292680843,-0.4291920137503562,-0.437229841627139,-0.1920223529146078,0.90342218917247,-0.2378962583894591,-0.2852783728768637,1.331663444062535,-0.6775239456463912,-0.599359767458393,-0.2741342638969005,-0.2715149221930298,-0.0545103444377266,-0.1054751099787656,-0.4841466134411829,0,3439545459716259957,TRAIN
-0.40118011873256,-0.4981113540949978,-0.4465569454251236,-0.4686314183190865,-0.3378076683812179,-0.4676915470807261,-0.2963929877022355,-0.3386466567372986,-0.3509324100615936,-0.5592580520442588,-0.3549638210716314,-0.545372356354676,-0.3732608285959224,-0.3664596337848474,-0.3619999317348842,-0.6484466292680843,-0.429192611062996,-0.4372287988305121,-0.1920223529146078,-0.9241262771572012,-0.237891803027589,-0.2852756545052132,-0.4191927610052267,1.475962593537489,-0.5124907103264267,-0.2741344428002606,-0.2715120840118628,-0.0545103444377266,-0.1054751099787656,-0.4662751601372237,0,18419372022883025044,TRAIN
-0.40118011873256,-0.4981113540949978,-0.4465569454251236,-0.4649883997640792,-0.3378076683812179,-0.4676915470807261,-0.2963897622380282,-0.3386466567372986,-0.3509324100615936,-0.5658763850578132,-0.3549638210716314,-0.554080613293078,-0.3732580370910697,-0.3664596337848474,-0.3620028167560174,1.5421469630102351,-0.429192611062996,-0.4372269813849621,-0.1920223529146078,-0.3149434550473107,-0.2378962583894591,-0.2852526514568322,-0.5783615069204778,-0.6775239456463912,-0.5124907103264267,-0.2741344428002606,-0.2715149221930298,-0.0544714844854635,-0.1054751099787656,-0.4125909898608774,3,14212154446403338436,TRAIN
-0.40118011873256,-0.5079938642590249,-0.4496293109643878,-0.4686314183190865,-0.3378076683812179,-0.4706406197225452,-0.2963929877022355,-0.3386466567372986,-0.3509324100615936,-0.5809180509977097,-0.3549638210716314,-0.5649659344636314,-0.3732608285959224,-0.3664596337848474,-0.3620028167560174,-0.6484466292680843,-0.429192611062996,-0.4372290073898375,-0.1920223529146078,0.90342218917247,-0.2378962583894591,-0.2852679493276381,-0.6579458798781034,1.475962593537489,-0.599359767458393,-0.2741344428002606,-0.2715149221930298,-0.054494462544193,-0.1054751099787656,-0.4208984232326397,0,15508384312669765716,TRAIN
-0.40118011873256,-0.5079938642590249,-0.4496293109643878,-0.4686314183190865,-0.3378076683812179,-0.4706406197225452,-0.2963929877022355,-0.3386466567372986,-0.3509324100615936,-0.5809180509977097,-0.3549638210716314,-0.5649659344636314,-0.3732608285959224,-0.3664596337848474,-0.3620028167560174,-0.6484466292680843,-0.429192611062996,-0.4372290073898375,-0.1920223529146078,0.90342218917247,-0.2378962583894591,-0.2852679493276381,-0.6579458798781034,1.475962593537489,-0.599359767458393,-0.2741344428002606,-0.2715149221930298,-0.054494462544193,-0.1054751099787656,-0.4208984232326397,0,15508384312669765716,TRAIN
-0.40118011873256,-0.4141100177007668,-0.420441838341378,-0.4548071348901686,-0.3378076683812179,-0.4426244296252638,-0.2963465410176479,-0.3386466567372986,-0.3509324100615936,-0.4026743096099374,-0.3549638210716314,-0.4101766674028829,-0.3732582423487794,-0.3664594700524048,-0.3619960445838742,-0.6484466292680843,-0.429192491600468,-0.437225581058063,-0.1920223529146078,-0.9241262771572012,-0.2378962583894591,-0.2852665245259462,0.9735337657532204,-0.6775239456463912,0.2258962752952876,-0.2741340134321964,-0.2715120840118628,-0.0545093306998415,-0.1054751099787656,-0.4841466134411829,0,12047297765991645397,TRAIN
-0.40118011873256,-0.5079938642590249,-0.4496293109643878,-0.4686314183190865,-0.3378076683812179,-0.4706406197225452,-0.2963929877022355,-0.3386466567372986,-0.3509324100615936,-0.5809180509977097,-0.3549638210716314,-0.5649659344636314,-0.3732626759153102,-0.3664595109855155,-0.3620028167560174,-0.6484466292680843,-0.4291925214661,-0.4372303481283579,-0.1920223529146078,-0.9241262771572012,-0.2378962583894591,-0.2852780729186127,-0.6579458798781034,1.475962593537489,-0.599359767458393,-0.2741341207742125,-0.2715149221930298,-0.0545096686124699,-0.1054751099787656,-0.4754901282470776,0,15873444851147210944,TRAIN
-0.40118011873256,-0.5079938642590249,-0.4496293109643878,-0.4686314183190865,-0.3378074890106277,-0.4460650143740527,-0.2963929877022355,-0.3386466567372986,-0.3509324100615936,-0.4189308793257164,-0.3549638210716314,-0.4016861168890022,-0.3732625117091424,-0.3664593472530729,-0.3620025997559415,-0.6484466292680843,-0.4291920137503562,-0.437229841627139,-0.1920223529146078,0.90342218917247,-0.2378962583894591,-0.2852783728768637,1.331663444062535,-0.6775239456463912,-0.599359767458393,-0.2741342638969005,-0.2715149221930298,-0.0545103444377266,-0.1054751099787656,-0.4841466134411829,0,3439545459716259957,TRAIN
-0.40118011873256,-0.5079938642590249,-0.4496293109643878,-0.4686314183190865,-0.3378076683812179,-0.4706406197225452,-0.2963929877022355,-0.3386466567372986,-0.3509324100615936,-0.5809180509977097,-0.3549638210716314,-0.5649659344636314,-0.3732607875443804,-0.3664596337848474,-0.3620028167560174,-0.6484466292680843,-0.429192611062996,-0.4372289775956481,-0.1920223529146078,0.90342218917247,-0.2378962583894591,-0.2852677243589498,-0.6579458798781034,1.475962593537489,-0.599359767458393,-0.2741344428002606,-0.2715149221930298,-0.0544941246315646,-0.1054751099787656,-0.4753505075181405,0,16782952135519240414,TRAIN
-0.40118011873256,-0.4981113540949978,-0.4465569454251236,-0.4649883997640792,-0.3378076683812179,-0.4676915470807261,-0.2963897622380282,-0.3386466567372986,-0.3509324100615936,-0.5658763850578132,-0.3549638210716314,-0.554080613293078,-0.3732580370910697,-0.3664596337848474,-0.3620028167560174,1.5421469630102351,-0.429192611062996,-0.4372269813849621,-0.1920223529146078,-0.3149434550473107,-0.2378962583894591,-0.2852526514568322,-0.5783615069204778,-0.6775239456463912,-0.5124907103264267,-0.2741344428002606,-0.2715149221930298,-0.0544714844854635,-0.1054751099787656,-0.4125909898608774,3,14212154446403338436,TRAIN
-0.40118011873256,-0.4289337829468075,-0.4250503866502743,-0.4548071348901686,-0.3378076683812179,-0.4470480385879924,-0.2963465410176479,-0.3386466567372986,-0.3509324100615936,-0.4365180579747043,-0.3549638210716314,-0.4395670345663162,-0.3732590633796184,-0.366457668995537,-0.361999690592821,-0.6484466292680843,-0.4291911775126606,-0.4372248659975187,-0.1920223529146078,-0.9241262771572012,-0.2378962583894591,-0.2852647247764396,0.6154040874439054,-0.6775239456463912,0.095592689597338,-0.2741292903834898,-0.2715120840118628,-0.054494462544193,-0.1054751099787656,-0.4841466134411829,0,3745889634849259548,TRAIN
-0.40118011873256,-0.5079938642590249,-0.4496293109643878,-0.4686314183190865,-0.3378076683812179,-0.4706406197225452,-0.2963929877022355,-0.3386466567372986,-0.3509324100615936,-0.5809180509977097,-0.3549638210716314,-0.5649659344636314,-0.3732608285959224,-0.3664596337848474,-0.3620028167560174,-0.6484466292680843,-0.429192611062996,-0.4372290073898375,-0.1920223529146078,0.90342218917247,-0.2378962583894591,-0.2852679493276381,-0.6579458798781034,1.475962593537489,-0.599359767458393,-0.2741344428002606,-0.2715149221930298,-0.054494462544193,-0.1054751099787656,-0.4208984232326397,0,15508384312669765716,TRAIN
-0.40118011873256,-0.4091687626187532,-0.4189056555717458,-0.4548071348901686,-0.3378076683812179,-0.4411498933043543,-0.2963465410176479,-0.3386466567372986,-0.3509324100615936,-0.391393060155015,-0.3549638210716314,-0.4003798783484051,-0.3732570518540628,-0.3664595109855155,-0.3619928566546726,-0.6484466292680843,-0.4291925214661,-0.4372260875592818,-0.1920223529146078,-0.9241262771572012,-0.2378962583894591,-0.2852677993485119,1.0929103251896586,-0.6775239456463912,0.2693308038612708,-0.2741341207742125,-0.2715147448067069,-0.0545096686124699,-0.1054751099787656,-0.4841466134411829,0,2094685658787217629,TRAIN
-0.40118011873256,-0.5079938642590249,-0.4496293109643878,-0.4686314183190865,-0.3378076683812179,-0.4676915470807261,-0.2963929877022355,-0.3386466567372986,-0.3509324100615936,-0.5538430523058961,-0.3549638210716314,-0.545372356354676,-0.3732584065549472,-0.3664552539420096,-0.3620028167560174,-0.6484466292680843,-0.4291894154403735,-0.4372272495326662,-0.1920223529146078,-0.9241262771572012,-0.2378962583894591,-0.2852546761750271,-0.4191927610052267,1.475962593537489,-0.599359767458393,-0.2741229572045423,-0.2715149221930298,-0.0544745256991189,-0.1054751099787656,-0.4662053497727551,0,6792609695267291303,TRAIN
-0.40118011873256,-0.5079938642590249,-0.4496293109643878,-0.4686314183190865,-0.3378076683812179,-0.4706406197225452,-0.2963929877022355,-0.3386466567372986,-0.3509324100615936,-0.5809180509977097,-0.3549638210716314,-0.5649659344636314,-0.373222855919617,-0.3664198058682011,-0.3620028167560174,-0.6484466292680843,-0.4291635518030735,-0.4372014477646949,-0.1920223529146078,0.90342218917247,-0.2378962583894591,-0.2850598532909394,-0.6579458798781034,1.475962593537489,-0.599359767458393,-0.2740299990186347,-0.2715149221930298,-0.054181893362946,-0.1054751099787656,-0.4665544015950981,1,1497845503681495151,TRAIN
-0.40118011873256,-0.1192817978072892,-0.3287829330866629,-0.3027400171704935,-0.3378076683812179,-0.3546437624776609,-0.2897046651216116,-0.3386466567372986,-0.3509324100615936,-0.1266597396128386,-0.3549638210716314,-0.1704818952033271,-0.3732549992769652,-0.3664595109855155,-0.3619892215811893,-0.6484466292680843,-0.4291925214661,-0.4372245978498146,-0.1920223529146078,-0.9241262771572012,-0.2378962583894591,-0.2852640498703739,1.0929103251896586,-0.6775239456463912,2.817489813065618,-0.2741341207742125,-0.2715147448067069,-0.0545096686124699,-0.1054751099787656,-0.4841466134411829,0,659485523058098361,TRAIN
-0.40118011873256,-0.4701109086302541,-0.4378519097305417,-0.4686314183190865,-0.3378076683812179,-0.4593358412622387,-0.2963929877022355,-0.3386466567372986,-0.3509324100615936,-0.4944284718433053,-0.3549638210716314,-0.489857218379302,-0.3732559434624301,-0.3664595928517367,-0.3619907844980565,-0.6484466292680843,-0.429192581197364,-0.4372253724987376,-0.1920223529146078,0.90342218917247,-0.2378962583894591,-0.2852659995990053,0.2572744091345904,-0.6775239456463912,-0.2663617151191885,-0.2741343354582446,-0.2715148039354812,-0.0545103444377266,-0.1054751099787656,-0.4841466134411829,0,5630409114468221105,TRAIN
-0.40118011873256,-0.5079938642590249,-0.4496293109643878,-0.4403980245284283,-0.3378076683812179,-0.4554037444064799,-0.2961992582582941,-0.3386466567372986,-0.3509324100615936,-0.487659722170352,-0.3549638210716314,-0.497476943188566,-0.3732626759153102,-0.3664595109855155,-0.3620028167560174,-0.6484466292680843,-0.4291925214661,-0.4372303481283579,-0.1920223529146078,0.90342218917247,-0.2378962583894591,-0.2852780729186127,-0.6579458798781034,1.475962593537489,-0.599359767458393,-0.2741341207742125,-0.2715149221930298,-0.0545096686124699,-0.1054751099787656,-0.4629242626427313,0,17864302160861986873,TRAIN
-0.40118011873256,-0.5079938642590249,-0.4496293109643878,-0.4686314183190865,-0.3378076683812179,-0.4706406197225452,-0.2963929877022355,-0.3386466567372986,-0.3509324100615936,-0.5809180509977097,-0.3549638210716314,-0.5649659344636314,-0.3732626759153102,-0.3664595109855155,-0.3620028167560174,-0.6484466292680843,-0.4291925214661,-0.4372303481283579,-0.1920223529146078,-0.9241262771572012,-0.2378962583894591,-0.2852780729186127,-0.6579458798781034,1.475962593537489,-0.599359767458393,-0.2741341207742125,-0.2715149221930298,-0.0545096686124699,-0.1054751099787656,-0.4754901282470776,0,15873444851147210944,TRAIN
-0.40118011873256,-0.5079938642590249,-0.4496293109643878,-0.4686314183190865,-0.3378076683812179,-0.4706406197225452,-0.2963929877022355,-0.3386466567372986,-0.3509324100615936,-0.5809180509977097,-0.3549638210716314,-0.5649659344636314,-0.373222855919617,-0.3664198058682011,-0.3620028167560174,-0.6484466292680843,-0.4291635518030735,-0.4372014477646949,-0.1920223529146078,0.90342218917247,-0.2378962583894591,-0.2850598532909394,-0.6579458798781034,1.475962593537489,-0.599359767458393,-0.2740299990186347,-0.2715149221930298,-0.054181893362946,-0.1054751099787656,-0.4665544015950981,1,1497845503681495151,TRAIN
-0.40118011873256,-0.4075216775914153,-0.4183935946485352,-0.4548071348901686,-0.3378076683812179,-0.4406583811973844,-0.2963465410176479,-0.3386466567372986,-0.3509324100615936,-0.387632643670041,-0.3549638210716314,-0.3971142819969125,-0.3732579139364438,-0.3664595109855155,-0.3619954523447453,-0.6484466292680843,-0.4291925214661,-0.4372253724987376,-0.1920223529146078,-0.9241262771572012,-0.2378962583894591,-0.2852659995990053,1.1327025116684717,-0.6775239456463912,0.2838089800499319,-0.2741341207742125,-0.2715120840118628,-0.0545096686124699,-0.1054751099787656,-0.4841466134411829,0,8370284566369271805,TRAIN
-0.40118011873256,-0.4981113540949978,-0.4465569454251236,-0.4686314183190865,-0.3378076683812179,-0.4676915470807261,-0.2963929877022355,-0.3386466567372986,-0.3509324100615936,-0.5538430523058961,-0.3549638210716314,-0.545372356354676,-0.3732609517505482,-0.3664596337848474,-0.3620028167560174,-0.6484466292680843,-0.429192611062996,-0.4372290967724055,-0.1920223529146078,-0.9241262771572012,-0.2378962583894591,-0.2852686242337031,-0.4191927610052267,1.475962593537489,-0.5124907103264267,-0.2741344428002606,-0.2715149221930298,-0.0544954762820781,-0.1054751099787656,-0.4639714181097602,0,8146268394037051501,TRAIN
-0.40118011873256,-0.5079938642590249,-0.4496293109643878,-0.4686314183190865,-0.3378076683812179,-0.4706406197225452,-0.2963929877022355,-0.3386466567372986,-0.3509324100615936,-0.5809180509977097,-0.3549638210716314,-0.5649659344636314,-0.3732608285959224,-0.3664596337848474,-0.3620028167560174,-0.6484466292680843,-0.429192611062996,-0.4372290073898375,-0.1920223529146078,0.90342218917247,-0.2378962583894591,-0.2852679493276381,-0.6579458798781034,1.475962593537489,-0.599359767458393,-0.2741344428002606,-0.2715149221930298,-0.054494462544193,-0.1054751099787656,-0.4208984232326397,0,15508384312669765716,TRAIN
-0.40118011873256,-0.5079938642590249,-0.4496293109643878,-0.4686314183190865,-0.3378076683812179,-0.4676915470807261,-0.2963929877022355,-0.3386466567372986,-0.3509324100615936,-0.5538430523058961,-0.3549638210716314,-0.545372356354676,-0.3732584065549472,-0.3664552539420096,-0.3620028167560174,-0.6484466292680843,-0.4291894154403735,-0.4372272495326662,-0.1920223529146078,-0.9241262771572012,-0.2378962583894591,-0.2852546761750271,-0.4191927610052267,1.475962593537489,-0.599359767458393,-0.2741229572045423,-0.2715149221930298,-0.0544745256991189,-0.1054751099787656,-0.4662053497727551,0,6792609695267291303,TRAIN
-0.40118011873256,-0.5079938642590249,-0.4496293109643878,-0.4441805820546621,-0.3378073739796201,-0.4554037444064799,-0.2962476906192643,-0.3386466567372986,-0.3509324100615936,-0.5498319413986182,-0.3549638210716314,-0.5396575627395639,-0.3732626348637682,-0.3664594700524048,-0.3620024605930089,-0.6484466292680843,-0.429192491600468,-0.4372303183341686,-0.1920223529146078,0.90342218917247,-0.2378962583894591,-0.285278297887301,-0.6579458798781034,1.475962593537489,-0.599359767458393,-0.2741342281162285,-0.2715149221930298,-0.054510682350355,-0.1054751099787656,-0.4799579915730674,0,10468070615587225815,TRAIN
-0.40118011873256,-0.5079938642590249,-0.4496293109643878,-0.4686314183190865,-0.3378076683812179,-0.4676915470807261,-0.2963929877022355,-0.3386466567372986,-0.3509324100615936,-0.5538430523058961,-0.3549638210716314,-0.545372356354676,-0.3732584065549472,-0.3664552539420096,-0.3620028167560174,-0.6484466292680843,-0.4291894154403735,-0.4372272495326662,-0.1920223529146078,-0.9241262771572012,-0.2378962583894591,-0.2852546761750271,-0.4191927610052267,1.475962593537489,-0.599359767458393,-0.2741229572045423,-0.2715149221930298,-0.0544745256991189,-0.1054751099787656,-0.4662053497727551,0,6792609695267291303,TRAIN
-0.40118011873256,-0.4981113540949978,-0.4465569454251236,-0.4686314183190865,-0.3378076683812179,-0.4676915470807261,-0.2963929877022355,-0.3386466567372986,-0.3509324100615936,-0.5538430523058961,-0.3549638210716314,-0.545372356354676,-0.3732626759153102,-0.3664596337848474,-0.3620028167560174,-0.6484466292680843,-0.429192611062996,-0.4372303481283579,-0.1920223529146078,-0.9241262771572012,-0.2378962583894591,-0.2852780729186127,-0.4191927610052267,1.475962593537489,-0.5124907103264267,-0.2741344428002606,-0.2715149221930298,-0.0545096686124699,-0.1054751099787656,-0.4766769044430437,0,15564636983479894257,TRAIN
-0.40118011873256,-0.5079938642590249,-0.4496293109643878,-0.4686314183190865,-0.3378076683812179,-0.4706406197225452,-0.2963929877022355,-0.3386466567372986,-0.3509324100615936,-0.5809180509977097,-0.3549638210716314,-0.5649659344636314,-0.3732608285959224,-0.3664596337848474,-0.3620028167560174,-0.6484466292680843,-0.429192611062996,-0.4372290073898375,-0.1920223529146078,0.90342218917247,-0.2378962583894591,-0.2852679493276381,-0.6579458798781034,1.475962593537489,-0.599359767458393,-0.2741344428002606,-0.2715149221930298,-0.054494462544193,-0.1054751099787656,-0.4208984232326397,0,15508384312669765716,TRAIN
-0.40118011873256,-0.5079938642590249,-0.4496293109643878,-0.4686314183190865,-0.3378074890106277,-0.4460650143740527,-0.2963929877022355,-0.3386466567372986,-0.3509324100615936,-0.4189308793257164,-0.3549638210716314,-0.4016861168890022,-0.3732625117091424,-0.3664593472530729,-0.3620025997559415,-0.6484466292680843,-0.4291920137503562,-0.437229841627139,-0.1920223529146078,0.90342218917247,-0.2378962583894591,-0.2852783728768637,1.331663444062535,-0.6775239456463912,-0.599359767458393,-0.2741342638969005,-0.2715149221930298,-0.0545103444377266,-0.1054751099787656,-0.4841466134411829,0,3439545459716259957,TRAIN
-0.40118011873256,-0.5079938642590249,-0.4496293109643878,-0.4686314183190865,-0.3378076683812179,-0.4676915470807261,-0.2963929877022355,-0.3386466567372986,-0.3509324100615936,-0.5538430523058961,-0.3549638210716314,-0.545372356354676,-0.3732327082896854,-0.3664296298147532,-0.3620028167560174,-0.6484466292680843,-0.4291707195547501,-0.4372085983701373,-0.1920223529146078,-0.9241262771572012,-0.2378962583894591,-0.2851138457761369,-0.4191927610052267,1.475962593537489,-0.599359767458393,-0.2740557611024889,-0.2715149221930298,-0.054262992393756,-0.1054751099787656,-0.420339940316891,0,9907163879573291185,TRAIN
-0.40118011873256,-0.5079938642590249,-0.4496293109643878,-0.4686314183190865,-0.3378076683812179,-0.4706406197225452,-0.2963929877022355,-0.3386466567372986,-0.3509324100615936,-0.5809180509977097,-0.3549638210716314,-0.5649659344636314,-0.3732607875443804,-0.3664596337848474,-0.3620028167560174,-0.6484466292680843,-0.429192611062996,-0.4372289775956481,-0.1920223529146078,0.90342218917247,-0.2378962583894591,-0.2852677243589498,-0.6579458798781034,1.475962593537489,-0.599359767458393,-0.2741344428002606,-0.2715149221930298,-0.0544941246315646,-0.1054751099787656,-0.137189102032287,0,14381731653621383348,TRAIN
-0.40118011873256,-0.5079938642590249,-0.4496293109643878,-0.4686314183190865,-0.3378074890106277,-0.4460650143740527,-0.2963929877022355,-0.3386466567372986,-0.3509324100615936,-0.4189308793257164,-0.3549638210716314,-0.4016861168890022,-0.3732625117091424,-0.3664593472530729,-0.3620025997559415,-0.6484466292680843,-0.4291920137503562,-0.437229841627139,-0.1920223529146078,0.90342218917247,-0.2378962583894591,-0.2852783728768637,1.331663444062535,-0.6775239456463912,-0.599359767458393,-0.2741342638969005,-0.2715149221930298,-0.0545103444377266,-0.1054751099787656,-0.4841466134411829,0,3439545459716259957,TRAIN
-0.40118011873256,-0.5079938642590249,-0.4496293109643878,-0.4686314183190865,-0.3378076683812179,-0.4706406197225452,-0.2963929877022355,-0.3386466567372986,-0.3509324100615936,-0.5809180509977097,-0.3549638210716314,-0.5649659344636314,-0.3732626759153102,-0.3664595109855155,-0.3620028167560174,-0.6484466292680843,-0.4291925214661,-0.4372303481283579,-0.1920223529146078,-0.9241262771572012,-0.2378962583894591,-0.2852780729186127,-0.6579458798781034,1.475962593537489,-0.599359767458393,-0.2741341207742125,-0.2715149221930298,-0.0545096686124699,-0.1054751099787656,-0.4754901282470776,0,15873444851147210944,TRAIN
-0.40118011873256,-0.5079938642590249,-0.4496293109643878,-0.4686314183190865,-0.3378076683812179,-0.4706406197225452,-0.2963929877022355,-0.3386466567372986,-0.3509324100615936,-0.5809180509977097,-0.3549638210716314,-0.5649659344636314,-0.3732607875443804,-0.3664596337848474,-0.3620028167560174,-0.6484466292680843,-0.429192611062996,-0.4372289775956481,-0.1920223529146078,0.90342218917247,-0.2378962583894591,-0.2852677243589498,-0.6579458798781034,1.475962593537489,-0.599359767458393,-0.2741344428002606,-0.2715149221930298,-0.0544941246315646,-0.1054751099787656,-0.4753505075181405,0,16782952135519240414,TRAIN
-0.40118011873256,-0.4141100177007668,-0.420441838341378,-0.4548071348901686,-0.3378076683812179,-0.4426244296252638,-0.2963465410176479,-0.3386466567372986,-0.3509324100615936,-0.4026743096099374,-0.3549638210716314,-0.4101766674028829,-0.3732582423487794,-0.3664594700524048,-0.3619960445838742,-0.6484466292680843,-0.429192491600468,-0.437225581058063,-0.1920223529146078,-0.9241262771572012,-0.2378962583894591,-0.2852665245259462,0.9735337657532204,-0.6775239456463912,0.2258962752952876,-0.2741340134321964,-0.2715120840118628,-0.0545093306998415,-0.1054751099787656,-0.4841466134411829,0,12047297765991645397,TRAIN
-0.40118011873256,-0.5079938642590249,-0.4496293109643878,-0.4686314183190865,-0.3378076683812179,-0.4676915470807261,-0.2963929877022355,-0.3386466567372986,-0.3509324100615936,-0.5538430523058961,-0.3549638210716314,-0.545372356354676,-0.3732584065549472,-0.3664552539420096,-0.3620028167560174,-0.6484466292680843,-0.4291894154403735,-0.4372272495326662,-0.1920223529146078,-0.9241262771572012,-0.2378962583894591,-0.2852546761750271,-0.4191927610052267,1.475962593537489,-0.599359767458393,-0.2741229572045423,-0.2715149221930298,-0.0544745256991189,-0.1054751099787656,-0.4662053497727551,0,6792609695267291303,TRAIN
-0.40118011873256,-0.5079938642590249,-0.4496293109643878,-0.4686314183190865,-0.3378076683812179,-0.4676915470807261,-0.2963929877022355,-0.3386466567372986,-0.3509324100615936,-0.5538430523058961,-0.3549638210716314,-0.545372356354676,-0.3732584065549472,-0.3664552539420096,-0.3620028167560174,-0.6484466292680843,-0.4291894154403735,-0.4372272495326662,-0.1920223529146078,-0.9241262771572012,-0.2378962583894591,-0.2852546761750271,-0.4191927610052267,1.475962593537489,-0.599359767458393,-0.2741229572045423,-0.2715149221930298,-0.0544745256991189,-0.1054751099787656,-0.4662053497727551,0,6792609695267291303,TRAIN
-0.40118011873256,-0.5079938642590249,-0.4496293109643878,-0.4686314183190865,-0.3378076683812179,-0.4706406197225452,-0.2963929877022355,-0.3386466567372986,-0.3509324100615936,-0.5809180509977097,-0.3549638210716314,-0.5649659344636314,-0.3732626759153102,-0.3664595109855155,-0.3620028167560174,-0.6484466292680843,-0.4291925214661,-0.4372303481283579,-0.1920223529146078,-0.9241262771572012,-0.2378962583894591,-0.2852780729186127,-0.6579458798781034,1.475962593537489,-0.599359767458393,-0.2741341207742125,-0.2715149221930298,-0.0545096686124699,-0.1054751099787656,-0.4754901282470776,0,15873444851147210944,TRAIN
-0.40118011873256,-0.5079938642590249,-0.4496293109643878,-0.4686314183190865,-0.3378074890106277,-0.4460650143740527,-0.2963929877022355,-0.3386466567372986,-0.3509324100615936,-0.4189308793257164,-0.3549638210716314,-0.4016861168890022,-0.3732625117091424,-0.3664593472530729,-0.3620025997559415,-0.6484466292680843,-0.4291920137503562,-0.437229841627139,-0.1920223529146078,0.90342218917247,-0.2378962583894591,-0.2852783728768637,1.331663444062535,-0.6775239456463912,-0.599359767458393,-0.2741342638969005,-0.2715149221930298,-0.0545103444377266,-0.1054751099787656,-0.4841466134411829,0,3439545459716259957,TRAIN
-0.40118011873256,-0.5079938642590249,-0.4496293109643878,-0.4686314183190865,-0.3378076683812179,-0.4676915470807261,-0.2963929877022355,-0.3386466567372986,-0.3509324100615936,-0.5538430523058961,-0.3549638210716314,-0.545372356354676,-0.3732620601421809,-0.366458896988856,-0.3620028167560174,-0.6484466292680843,-0.4291920734816202,-0.4372299012155178,-0.1920223529146078,-0.9241262771572012,-0.2378962583894591,-0.2852746983882878,-0.4191927610052267,1.475962593537489,-0.599359767458393,-0.2741325106439716,-0.2715149221930298,-0.0545045999230443,-0.1054751099787656,-0.4662751601372237,0,14360694348866125941,TRAIN
-0.40118011873256,-0.4157571027281046,-0.4209538992645887,-0.4548071348901686,-0.3378076683812179,-0.4431159417322337,-0.2963465410176479,-0.3386466567372986,-0.3509324100615936,-0.4064347260949115,-0.3549638210716314,-0.4134422637543755,-0.3732580781426116,-0.3664594700524048,-0.3619957782173834,-0.6484466292680843,-0.429192491600468,-0.4372254618813056,-0.1920223529146078,-0.9241262771572012,-0.2378962583894591,-0.2852662245676935,0.9337415792744076,-0.6775239456463912,0.2114180991066265,-0.2741340134321964,-0.2715120840118628,-0.0545093306998415,-0.1054751099787656,-0.4841466134411829,0,10823106279071809637,TRAIN
-0.40118011873256,-0.4701109086302541,-0.4378519097305417,-0.4686314183190865,-0.3378076683812179,-0.4593358412622387,-0.2963929877022355,-0.3386466567372986,-0.3509324100615936,-0.4944284718433053,-0.3549638210716314,-0.489857218379302,-0.3732559434624301,-0.3664595928517367,-0.3619907844980565,-0.6484466292680843,-0.429192581197364,-0.4372253724987376,-0.1920223529146078,0.90342218917247,-0.2378962583894591,-0.2852659995990053,0.2572744091345904,-0.6775239456463912,-0.2663617151191885,-0.2741343354582446,-0.2715148039354812,-0.0545103444377266,-0.1054751099787656,-0.4841466134411829,0,5630409114468221105,TRAIN
-0.40118011873256,-0.5079938642590249,-0.4496293109643878,-0.4686314183190865,-0.3378076683812179,-0.4706406197225452,-0.2963929877022355,-0.3386466567372986,-0.3509324100615936,-0.5809180509977097,-0.3549638210716314,-0.5649659344636314,-0.373222855919617,-0.3664198058682011,-0.3620028167560174,-0.6484466292680843,-0.4291635518030735,-0.4372014477646949,-0.1920223529146078,0.90342218917247,-0.2378962583894591,-0.2850598532909394,-0.6579458798781034,1.475962593537489,-0.599359767458393,-0.2740299990186347,-0.2715149221930298,-0.054181893362946,-0.1054751099787656,-0.4665544015950981,1,1497845503681495151,TRAIN
-0.40118011873256,-0.5079938642590249,-0.4496293109643878,-0.4489130019768088,-0.3378075947808184,-0.4554037444064799,-0.2962984916805321,-0.3386466567372986,-0.3509324100615936,-0.5317819422707426,-0.3549638210716314,-0.5249623791578473,-0.3732627169668522,-0.3664595519186261,-0.3620027277152653,-0.6484466292680843,-0.4291925214661,-0.4372303481283579,-0.1920223529146078,-0.9241262771572012,-0.2378962583894591,-0.2852784103716451,-0.4191927610052267,1.475962593537489,-0.599359767458393,-0.2741342817872366,-0.2715149221930298,-0.0545103444377266,-0.1054751099787656,-0.463831797380823,0,9415614897450385426,TRAIN
-0.40118011873256,-0.4981113540949978,-0.4465569454251236,-0.4686314183190865,-0.3378076683812179,-0.4676915470807261,-0.2963929877022355,-0.3386466567372986,-0.3509324100615936,-0.5538430523058961,-0.3549638210716314,-0.545372356354676,-0.3732626759153102,-0.3664596337848474,-0.3620028167560174,-0.6484466292680843,-0.429192611062996,-0.4372303481283579,-0.1920223529146078,-0.9241262771572012,-0.2378962583894591,-0.2852780729186127,-0.4191927610052267,1.475962593537489,-0.5124907103264267,-0.2741344428002606,-0.2715149221930298,-0.0545096686124699,-0.1054751099787656,-0.4766769044430437,0,15564636983479894257,TRAIN
-0.40118011873256,-0.4157571027281046,-0.4209538992645887,-0.4548071348901686,-0.3378076683812179,-0.4431159417322337,-0.2963465410176479,-0.3386466567372986,-0.3509324100615936,-0.4064347260949115,-0.3549638210716314,-0.4134422637543755,-0.3732580781426116,-0.3664594700524048,-0.3619957782173834,-0.6484466292680843,-0.429192491600468,-0.4372254618813056,-0.1920223529146078,-0.9241262771572012,-0.2378962583894591,-0.2852662245676935,0.9337415792744076,-0.6775239456463912,0.2114180991066265,-0.2741340134321964,-0.2715120840118628,-0.0545093306998415,-0.1054751099787656,-0.4841466134411829,0,10823106279071809637,TRAIN
-0.40118011873256,-0.5079938642590249,-0.4496293109643878,-0.4686314183190865,-0.3378076683812179,-0.4706406197225452,-0.2963929877022355,-0.3386466567372986,-0.3509324100615936,-0.5809180509977097,-0.3549638210716314,-0.5649659344636314,-0.3732608285959224,-0.3664596337848474,-0.3620028167560174,-0.6484466292680843,-0.429192611062996,-0.4372290073898375,-0.1920223529146078,0.90342218917247,-0.2378962583894591,-0.2852679493276381,-0.6579458798781034,1.475962593537489,-0.599359767458393,-0.2741344428002606,-0.2715149221930298,-0.054494462544193,-0.1054751099787656,-0.4208984232326397,0,15508384312669765716,TRAIN
-0.40118011873256,-0.5079938642590249,-0.4496293109643878,-0.4686314183190865,-0.3378076683812179,-0.4676915470807261,-0.2963929877022355,-0.3386466567372986,-0.3509324100615936,-0.5538430523058961,-0.3549638210716314,-0.545372356354676,-0.3732584065549472,-0.3664552539420096,-0.3620028167560174,-0.6484466292680843,-0.4291894154403735,-0.4372272495326662,-0.1920223529146078,-0.9241262771572012,-0.2378962583894591,-0.2852546761750271,-0.4191927610052267,1.475962593537489,-0.599359767458393,-0.2741229572045423,-0.2715149221930298,-0.0544745256991189,-0.1054751099787656,-0.4662053497727551,0,6792609695267291303,TRAIN
-0.40118011873256,-0.4091687626187532,-0.4189056555717458,-0.4444389223183223,-0.3378076683812179,-0.4411498933043543,-0.2962507447306858,-0.3386466567372986,-0.3509324100615936,-0.4184680588468286,-0.3549638210716314,-0.4238921720791517,-0.3732557382047203,-0.3664595928517367,-0.361990384804704,-0.6484466292680843,-0.429192581197364,-0.4372252533219802,-0.1920223529146078,0.90342218917247,-0.2378962583894591,-0.2852656996407549,0.6154040874439054,-0.6775239456463912,0.2693308038612708,-0.2741343354582446,-0.2715148630642555,-0.0545103444377266,-0.1054751099787656,-0.4841466134411829,0,3811376621902888976,TRAIN
-0.40118011873256,-0.5079938642590249,-0.4496293109643878,-0.4349334966888188,-0.3378076683812179,-0.4524546717646608,-0.2961170089210034,-0.3386466567372986,-0.3509324100615936,-0.4696097230424763,-0.3549638210716314,-0.4844145577825957,-0.3732610338536322,-0.3664578736610901,-0.3620028167560174,-0.6484466292680843,-0.4291913268408205,-0.4372291563607842,-0.1920223529146078,0.90342218917247,-0.2378962583894591,-0.2852690741710798,-0.6579458798781034,1.475962593537489,-0.599359767458393,-0.2741298270935701,-0.2715149221930298,-0.0544961521073349,-0.1054751099787656,-0.462645021184857,0,16927526917322834111,TRAIN
-0.40118011873256,-0.5079938642590249,-0.4496293109643878,-0.4686314183190865,-0.3378076683812179,-0.4676915470807261,-0.2963929877022355,-0.3386466567372986,-0.3509324100615936,-0.5538430523058961,-0.3549638210716314,-0.545372356354676,-0.3732584065549472,-0.3664552539420096,-0.3620028167560174,-0.6484466292680843,-0.4291894154403735,-0.4372272495326662,-0.1920223529146078,-0.9241262771572012,-0.2378962583894591,-0.2852546761750271,-0.4191927610052267,1.475962593537489,-0.599359767458393,-0.2741229572045423,-0.2715149221930298,-0.0544745256991189,-0.1054751099787656,-0.4662053497727551,0,6792609695267291303,TRAIN
-0.40118011873256,-0.3449324465525765,-0.3989352795665286,-0.4202464263178737,-0.3378076683812179,-0.4219809211325302,-0.2958240158160366,-0.3386466567372986,-0.3509324100615936,-0.3349868128804036,-0.3549638210716314,-0.3513959330760163,-0.3732572571117726,-0.3664595109855155,-0.3619943796259524,-0.6484466292680843,-0.4291925214661,-0.4372248659975187,-0.1920223529146078,0.90342218917247,-0.2378962583894591,-0.2852647247764396,1.053118138710846,-0.6775239456463912,0.8339796752190524,-0.2741341207742125,-0.2715120248830885,-0.0545096686124699,-0.1054751099787656,-0.4841466134411829,0,8124634703051358247,TRAIN
-0.40118011873256,-0.5079938642590249,-0.4496293109643878,-0.4686314183190865,-0.3378076683812179,-0.4706406197225452,-0.2963929877022355,-0.3386466567372986,-0.3509324100615936,-0.5809180509977097,-0.3549638210716314,-0.5649659344636314,-0.3732626759153102,-0.3664595109855155,-0.3620028167560174,-0.6484466292680843,-0.4291925214661,-0.4372303481283579,-0.1920223529146078,-0.9241262771572012,-0.2378962583894591,-0.2852780729186127,-0.6579458798781034,1.475962593537489,-0.599359767458393,-0.2741341207742125,-0.2715149221930298,-0.0545096686124699,-0.1054751099787656,-0.4754901282470776,0,15873444851147210944,TRAIN
-0.40118011873256,-0.4981113540949978,-0.4465569454251236,-0.4686314183190865,-0.3378076683812179,-0.4676915470807261,-0.2963929877022355,-0.3386466567372986,-0.3509324100615936,-0.5538430523058961,-0.3549638210716314,-0.545372356354676,-0.3732626759153102,-0.3664596337848474,-0.3620028167560174,-0.6484466292680843,-0.429192611062996,-0.4372303481283579,-0.1920223529146078,-0.9241262771572012,-0.2378962583894591,-0.2852780729186127,-0.4191927610052267,1.475962593537489,-0.5124907103264267,-0.2741344428002606,-0.2715149221930298,-0.0545096686124699,-0.1054751099787656,-0.4766769044430437,0,15564636983479894257,TRAIN
-0.40118011873256,-0.3778741470993337,-0.4091764980307426,-0.4280225857505837,-0.3378076683812179,-0.4318111632719272,-0.2959922036153052,-0.3386466567372986,-0.3509324100615936,-0.3898888935610254,-0.3549638210716314,-0.3990736398078081,-0.3732527824936998,-0.3664595928517367,-0.3619851502988895,-0.6484466292680843,-0.429192581197364,-0.4372231081403475,-0.1920223529146078,-0.9241262771572012,-0.2378962583894591,-0.2852603003922351,0.6154040874439054,-0.6775239456463912,0.5444161514458311,-0.2741343354582446,-0.2715148630642555,-0.0545103444377266,-0.1054751099787656,-0.4841466134411829,0,7572067939009036376,TRAIN
-0.40118011873256,-0.4981113540949978,-0.4465569454251236,-0.4649883997640792,-0.3378076683812179,-0.4676915470807261,-0.2963897622380282,-0.3386466567372986,-0.3509324100615936,-0.5658763850578132,-0.3549638210716314,-0.554080613293078,-0.3732580370910697,-0.3664596337848474,-0.3620028167560174,1.5421469630102351,-0.429192611062996,-0.4372269813849621,-0.1920223529146078,-0.3149434550473107,-0.2378962583894591,-0.2852526514568322,-0.5783615069204778,-0.6775239456463912,-0.5124907103264267,-0.2741344428002606,-0.2715149221930298,-0.0544714844854635,-0.1054751099787656,-0.4125909898608774,3,14212154446403338436,TRAIN
-0.40118011873256,-0.4701109086302541,-0.4378519097305417,-0.4686314183190865,-0.3378076683812179,-0.4593358412622387,-0.2963929877022355,-0.3386466567372986,-0.3509324100615936,-0.4944284718433053,-0.3549638210716314,-0.489857218379302,-0.3732559434624301,-0.3664595928517367,-0.3619907844980565,-0.6484466292680843,-0.429192581197364,-0.4372253724987376,-0.1920223529146078,0.90342218917247,-0.2378962583894591,-0.2852659995990053,0.2572744091345904,-0.6775239456463912,-0.2663617151191885,-0.2741343354582446,-0.2715148039354812,-0.0545103444377266,-0.1054751099787656,-0.4841466134411829,0,5630409114468221105,TRAIN
-0.40118011873256,-0.5079938642590249,-0.4496293109643878,-0.4686314183190865,-0.3378074890106277,-0.4460650143740527,-0.2963929877022355,-0.3386466567372986,-0.3509324100615936,-0.4189308793257164,-0.3549638210716314,-0.4016861168890022,-0.3732625117091424,-0.3664593472530729,-0.3620025997559415,-0.6484466292680843,-0.4291920137503562,-0.437229841627139,-0.1920223529146078,0.90342218917247,-0.2378962583894591,-0.2852783728768637,1.331663444062535,-0.6775239456463912,-0.599359767458393,-0.2741342638969005,-0.2715149221930298,-0.0545103444377266,-0.1054751099787656,-0.4841466134411829,0,3439545459716259957,TRAIN
-0.40118011873256,-0.4981113540949978,-0.4465569454251236,-0.4686314183190865,-0.3378076683812179,-0.4676915470807261,-0.2963929877022355,-0.3386466567372986,-0.3509324100615936,-0.5538430523058961,-0.3549638210716314,-0.545372356354676,-0.3732595970496638,-0.3664596337848474,-0.3620028167560174,-0.6484466292680843,-0.429192611062996,-0.4372281135641572,-0.1920223529146078,-0.9241262771572012,-0.2378962583894591,-0.2852612002669885,-0.4191927610052267,1.475962593537489,-0.5124907103264267,-0.2741344428002606,-0.2715149221930298,-0.0544843251653417,-0.1054751099787656,-0.420339940316891,0,3492594118871351361,TRAIN
-0.40118011873256,-0.4091687626187532,-0.4189056555717458,-0.4548071348901686,-0.3378076683812179,-0.4411498933043543,-0.2963465410176479,-0.3386466567372986,-0.3509324100615936,-0.391393060155015,-0.3549638210716314,-0.4003798783484051,-0.3732570518540628,-0.3664595109855155,-0.3619928566546726,-0.6484466292680843,-0.4291925214661,-0.4372260875592818,-0.1920223529146078,-0.9241262771572012,-0.2378962583894591,-0.2852677993485119,1.0929103251896586,-0.6775239456463912,0.2693308038612708,-0.2741341207742125,-0.2715147448067069,-0.0545096686124699,-0.1054751099787656,-0.4841466134411829,0,2094685658787217629,TRAIN
-0.40118011873256,-0.4981113540949978,-0.4465569454251236,-0.465175347461857,-0.3378076683812179,-0.4676915470807261,-0.2963900847844488,-0.3386466567372986,-0.3509324100615936,-0.5673805516518029,-0.3549638210716314,-0.5532097875982582,-0.3732592686373282,-0.3664595109855155,-0.361996818554317,1.5421469630102351,-0.4291925214661,-0.437227666651317,-0.1920223529146078,-0.3149434550473107,-0.2378962583894591,-0.2852717737953396,-0.5783615069204778,-0.6775239456463912,-0.5124907103264267,-0.2741341207742125,-0.2715146856779326,-0.0545096686124699,-0.1054751099787656,-0.4125909898608774,0,16261496183555883026,TRAIN
-0.40118011873256,-0.4981113540949978,-0.4465569454251236,-0.4686314183190865,-0.3378076683812179,-0.4676915470807261,-0.2963929877022355,-0.3386466567372986,-0.3509324100615936,-0.5538430523058961,-0.3549638210716314,-0.545372356354676,-0.3732588581219087,-0.3664596337848474,-0.3620028167560174,-0.6484466292680843,-0.429192611062996,-0.437227577268749,-0.1920223529146078,-0.9241262771572012,-0.2378962583894591,-0.2852571508305986,-0.4191927610052267,1.475962593537489,-0.5124907103264267,-0.2741344428002606,-0.2715149221930298,-0.054478242738031,-0.1054751099787656,-0.4601318480639877,0,13751588174306607277,TRAIN
-0.40118011873256,-0.5079938642590249,-0.4496293109643878,-0.4686314183190865,-0.3378076683812179,-0.4706406197225452,-0.2963929877022355,-0.3386466567372986,-0.3509324100615936,-0.5809180509977097,-0.3549638210716314,-0.5649659344636314,-0.3732626759153102,-0.3664595109855155,-0.3620028167560174,-0.6484466292680843,-0.4291925214661,-0.4372303481283579,-0.1920223529146078,-0.9241262771572012,-0.2378962583894591,-0.2852780729186127,-0.6579458798781034,1.475962593537489,-0.599359767458393,-0.2741341207742125,-0.2715149221930298,-0.0545096686124699,-0.1054751099787656,-0.4754901282470776,0,15873444851147210944,TRAIN
-0.40118011873256,-0.5079938642590249,-0.4496293109643878,-0.4686314183190865,-0.3378076683812179,-0.4706406197225452,-0.2963929877022355,-0.3386466567372986,-0.3509324100615936,-0.5809180509977097,-0.3549638210716314,-0.5649659344636314,-0.3732613622659678,-0.3664596337848474,-0.3620028167560174,-0.6484466292680843,-0.429192611062996,-0.4372293947142989,-0.1920223529146078,0.90342218917247,-0.2378962583894591,-0.2852708739205863,-0.6579458798781034,1.475962593537489,-0.599359767458393,-0.2741344428002606,-0.2715149221930298,-0.0544988554083619,-0.1054751099787656,-0.4659959186793493,6,5354798063977103372,TRAIN
-0.40118011873256,-0.4091687626187532,-0.4189056555717458,-0.4548071348901686,-0.3378076683812179,-0.4411498933043543,-0.2963465410176479,-0.3386466567372986,-0.3509324100615936,-0.391393060155015,-0.3549638210716314,-0.4003798783484051,-0.3732570518540628,-0.3664595109855155,-0.3619928566546726,-0.6484466292680843,-0.4291925214661,-0.4372260875592818,-0.1920223529146078,-0.9241262771572012,-0.2378962583894591,-0.2852677993485119,1.0929103251896586,-0.6775239456463912,0.2693308038612708,-0.2741341207742125,-0.2715147448067069,-0.0545096686124699,-0.1054751099787656,-0.4841466134411829,0,2094685658787217629,TRAIN
-0.40118011873256,-0.5079938642590249,-0.4496293109643878,-0.4686314183190865,-0.3378076683812179,-0.4706406197225452,-0.2963929877022355,-0.3386466567372986,-0.3509324100615936,-0.5809180509977097,-0.3549638210716314,-0.5649659344636314,-0.373222855919617,-0.3664198058682011,-0.3620028167560174,-0.6484466292680843,-0.4291635518030735,-0.4372014477646949,-0.1920223529146078,0.90342218917247,-0.2378962583894591,-0.2850598532909394,-0.6579458798781034,1.475962593537489,-0.599359767458393,-0.2740299990186347,-0.2715149221930298,-0.054181893362946,-0.1054751099787656,-0.4665544015950981,1,1497845503681495151,TRAIN
-0.40118011873256,-0.4981113540949978,-0.4465569454251236,-0.4634473120332423,-0.3378076683812179,-0.4676915470807261,-0.2963864561372154,-0.3386466567372986,-0.3509324100615936,-0.5673805516518029,-0.3549638210716314,-0.5532097875982582,-0.3732601717712511,-0.3664596337848474,-0.3619983075063341,-0.6484466292680843,-0.429192611062996,-0.4372284115060506,-0.1920223529146078,0.90342218917247,-0.2378960261902421,-0.2852736485344082,-0.6579458798781034,1.475962593537489,-0.5124907103264267,-0.2741344428002606,-0.2715147448067069,-0.0545103444377266,-0.1054751099787656,-0.4185248708407076,0,6847418481730125872,TRAIN
-0.40118011873256,-0.3663445519079687,-0.4055920715682677,-0.4332066920285406,-0.3378076683812179,-0.4283705785231382,-0.2960879999022673,-0.3386466567372986,-0.3509324100615936,-0.3500284788203,-0.3549638210716314,-0.3644583184819867,-0.3732562308232238,-0.3664594700524048,-0.3619914388018113,-0.6484466292680843,-0.429192491600468,-0.4372254618813056,-0.1920223529146078,0.90342218917247,-0.2378962583894591,-0.2852662245676935,1.1327025116684717,-0.6775239456463912,0.6457633847664586,-0.2741340134321964,-0.2715147448067069,-0.0545096686124699,-0.1054751099787656,-0.4841466134411829,0,7614232506450968797,TRAIN
-0.40118011873256,-0.5079938642590249,-0.4496293109643878,-0.4686314183190865,-0.3378074890106277,-0.4460650143740527,-0.2963929877022355,-0.3386466567372986,-0.3509324100615936,-0.4189308793257164,-0.3549638210716314,-0.4016861168890022,-0.3732625117091424,-0.3664593472530729,-0.3620025997559415,-0.6484466292680843,-0.4291920137503562,-0.437229841627139,-0.1920223529146078,0.90342218917247,-0.2378962583894591,-0.2852783728768637,1.331663444062535,-0.6775239456463912,-0.599359767458393,-0.2741342638969005,-0.2715149221930298,-0.0545103444377266,-0.1054751099787656,-0.4841466134411829,0,3439545459716259957,TRAIN
-0.40118011873256,-0.5079938642590249,-0.4496293109643878,-0.4686314183190865,-0.3378076683812179,-0.4676915470807261,-0.2963929877022355,-0.3386466567372986,-0.3509324100615936,-0.5538430523058961,-0.3549638210716314,-0.545372356354676,-0.3732584065549472,-0.3664552539420096,-0.3620028167560174,-0.6484466292680843,-0.4291894154403735,-0.4372272495326662,-0.1920223529146078,-0.9241262771572012,-0.2378962583894591,-0.2852546761750271,-0.4191927610052267,1.475962593537489,-0.599359767458393,-0.2741229572045423,-0.2715149221930298,-0.0544745256991189,-0.1054751099787656,-0.4662053497727551,0,6792609695267291303,TRAIN
-0.40118011873256,-0.5079938642590249,-0.4496293109643878,-0.4686314183190865,-0.3378076683812179,-0.4706406197225452,-0.2963929877022355,-0.3386466567372986,-0.3509324100615936,-0.5809180509977097,-0.3549638210716314,-0.5649659344636314,-0.3732570108025209,-0.3664596337848474,-0.3620028167560174,-0.6484466292680843,-0.429192611062996,-0.4372262365302286,-0.1920223529146078,0.90342218917247,-0.2378962583894591,-0.2852470272396241,-0.6579458798781034,1.475962593537489,-0.599359767458393,-0.2741344428002606,-0.2715149221930298,-0.0544630366697541,-0.1054751099787656,-0.4588054511390845,0,7623988293224366087,TRAIN
-0.40118011873256,-0.4981113540949978,-0.4465569454251236,-0.4686314183190865,-0.3378076683812179,-0.4676915470807261,-0.2963929877022355,-0.3386466567372986,-0.3509324100615936,-0.5538430523058961,-0.3549638210716314,-0.545372356354676,-0.3732609517505482,-0.3664596337848474,-0.3620028167560174,-0.6484466292680843,-0.429192611062996,-0.4372290967724055,-0.1920223529146078,-0.9241262771572012,-0.2378962583894591,-0.2852686242337031,-0.4191927610052267,1.475962593537489,-0.5124907103264267,-0.2741344428002606,-0.2715149221930298,-0.0544954762820781,-0.1054751099787656,-0.4639714181097602,0,8146268394037051501,TRAIN
-0.40118011873256,-0.5079938642590249,-0.4496293109643878,-0.4686314183190865,-0.3378076683812179,-0.4706406197225452,-0.2963929877022355,-0.3386466567372986,-0.3509324100615936,-0.5809180509977097,-0.3549638210716314,-0.5649659344636314,-0.3732608285959224,-0.3664596337848474,-0.3620028167560174,-0.6484466292680843,-0.429192611062996,-0.4372290073898375,-0.1920223529146078,0.90342218917247,-0.2378962583894591,-0.2852679493276381,-0.6579458798781034,1.475962593537489,-0.599359767458393,-0.2741344428002606,-0.2715149221930298,-0.054494462544193,-0.1054751099787656,-0.4208984232326397,0,15508384312669765716,TRAIN
-0.40118011873256,-0.5079938642590249,-0.4496293109643878,-0.4686314183190865,-0.3378076683812179,-0.4676915470807261,-0.2963929877022355,-0.3386466567372986,-0.3509324100615936,-0.5538430523058961,-0.3549638210716314,-0.545372356354676,-0.3732580370910697,-0.3664548855440139,-0.3620028167560174,-0.6484466292680843,-0.4291891466496856,-0.4372269813849621,-0.1920223529146078,-0.9241262771572012,-0.2378962583894591,-0.2852526514568322,-0.4191927610052267,1.475962593537489,-0.599359767458393,-0.2741219911263977,-0.2715149221930298,-0.0544714844854635,-0.1054751099787656,3.998376889087028,0,16771329045148598419,TRAIN
-0.40118011873256,-0.5079938642590249,-0.4496293109643878,-0.4686314183190865,-0.3378076683812179,-0.4676915470807261,-0.2963929877022355,-0.3386466567372986,-0.3509324100615936,-0.5538430523058961,-0.3549638210716314,-0.545372356354676,-0.3732620601421809,-0.366458896988856,-0.3620028167560174,-0.6484466292680843,-0.4291920734816202,-0.4372299012155178,-0.1920223529146078,-0.9241262771572012,-0.2378962583894591,-0.2852746983882878,-0.4191927610052267,1.475962593537489,-0.599359767458393,-0.2741325106439716,-0.2715149221930298,-0.0545045999230443,-0.1054751099787656,-0.4662751601372237,0,14360694348866125941,TRAIN
-0.40118011873256,-0.5079938642590249,-0.4496293109643878,-0.4686314183190865,-0.3378074890106277,-0.4460650143740527,-0.2963929877022355,-0.3386466567372986,-0.3509324100615936,-0.4189308793257164,-0.3549638210716314,-0.4016861168890022,-0.3732625117091424,-0.3664593472530729,-0.3620025997559415,-0.6484466292680843,-0.4291920137503562,-0.437229841627139,-0.1920223529146078,0.90342218917247,-0.2378962583894591,-0.2852783728768637,1.331663444062535,-0.6775239456463912,-0.599359767458393,-0.2741342638969005,-0.2715149221930298,-0.0545103444377266,-0.1054751099787656,-0.4841466134411829,0,3439545459716259957,TRAIN
-0.40118011873256,-0.5079938642590249,-0.4496293109643878,-0.4686314183190865,-0.3378076683812179,-0.4706406197225452,-0.2963929877022355,-0.3386466567372986,-0.3509324100615936,-0.5809180509977097,-0.3549638210716314,-0.5649659344636314,-0.3732557382047203,-0.3664525932898184,-0.3620028167560174,-0.6484466292680843,-0.4291874741742943,-0.4372253129103589,-0.1920223529146078,0.90342218917247,-0.2378962583894591,-0.2852400532102861,-0.6579458798781034,1.475962593537489,-0.599359767458393,-0.2741159799734984,-0.2715149221930298,-0.0544525613782745,-0.1054751099787656,-0.4599224169705819,0,14688418848998555808,TRAIN
-0.40118011873256,-0.4981113540949978,-0.4465569454251236,-0.4686314183190865,-0.3378076683812179,-0.4676915470807261,-0.2963929877022355,-0.3386466567372986,-0.3509324100615936,-0.5538430523058961,-0.3549638210716314,-0.545372356354676,-0.3732595970496638,-0.3664596337848474,-0.3620028167560174,-0.6484466292680843,-0.429192611062996,-0.4372281135641572,-0.1920223529146078,-0.9241262771572012,-0.2378962583894591,-0.2852612002669885,-0.4191927610052267,1.475962593537489,-0.5124907103264267,-0.2741344428002606,-0.2715149221930298,-0.0544843251653417,-0.1054751099787656,-0.420339940316891,0,3492594118871351361,TRAIN
-0.40118011873256,-0.4981113540949978,-0.4465569454251236,-0.4686314183190865,-0.3378076683812179,-0.4676915470807261,-0.2963929877022355,-0.3386466567372986,-0.3509324100615936,-0.5538430523058961,-0.3549638210716314,-0.545372356354676,-0.3732626759153102,-0.3664596337848474,-0.3620028167560174,-0.6484466292680843,-0.429192611062996,-0.4372303481283579,-0.1920223529146078,-0.9241262771572012,-0.2378962583894591,-0.2852780729186127,-0.4191927610052267,1.475962593537489,-0.5124907103264267,-0.2741344428002606,-0.2715149221930298,-0.0545096686124699,-0.1054751099787656,-0.4766769044430437,0,15564636983479894257,TRAIN
-0.40118011873256,-0.4091687626187532,-0.4189056555717458,-0.44443892231848,-0.3378076683812179,-0.4411498933043543,-0.2962507447306858,-0.3386466567372986,-0.3509324100615936,-0.4184680588468286,-0.3549638210716314,-0.4238921720791517,-0.3732593096888701,-0.3664576280624264,-0.3620001624055469,-0.6484466292680843,-0.4291911476470286,-0.4372250149684655,-0.1920223529146078,-0.9241262771572012,-0.2378962583894591,-0.2852650997242519,0.6154040874439054,-0.6775239456463912,0.2693308038612708,-0.2741291830414737,-0.2715120840118628,-0.054494462544193,-0.1054751099787656,-0.4841466134411829,0,14789394800449552532,TRAIN
-0.40118011873256,-0.5046996942043492,-0.4486051891179664,-0.465175347461857,-0.3378076683812179,-0.4676915470807261,-0.2963900847844488,-0.3386466567372986,-0.3509324100615936,-0.5643722184638236,-0.3549638210716314,-0.5505973105170641,-0.3732613212144258,-0.3664576280624264,-0.3620005630104583,-0.6484466292680843,-0.4291911476470286,-0.4372289775956481,5.2077270423027215,-0.9241262771572012,-0.2378962583894591,-0.2852750733361024,-0.5783615069204778,1.475962593537489,-0.570403415081071,-0.2741291830414737,-0.2715148630642555,-0.0545103444377266,-0.1054751099787656,-0.4840768030767143,0,6838455251038240890,TRAIN
-0.40118011873256,-0.5079938642590249,-0.4496293109643878,-0.4686314183190865,-0.3378076683812179,-0.4706406197225452,-0.2963929877022355,-0.3386466567372986,-0.3509324100615936,-0.5809180509977097,-0.3549638210716314,-0.5649659344636314,-0.3732605822866707,-0.3664596337848474,-0.3620028167560174,-0.6484466292680843,-0.429192611062996,-0.4372288286247014,-0.1920223529146078,0.90342218917247,-0.2378962583894591,-0.2852665995155082,-0.6579458798781034,1.475962593537489,-0.599359767458393,-0.2741344428002606,-0.2715149221930298,-0.0544924350684227,-0.1054751099787656,-0.4584563993167415,0,10662515155937001586,TRAIN
-0.40118011873256,-0.5079938642590249,-0.4496293109643878,-0.4686314183190865,-0.3378074890106277,-0.4460650143740527,-0.2963929877022355,-0.3386466567372986,-0.3509324100615936,-0.4189308793257164,-0.3549638210716314,-0.4016861168890022,-0.3732625117091424,-0.3664593472530729,-0.3620025997559415,-0.6484466292680843,-0.4291920137503562,-0.437229841627139,-0.1920223529146078,0.90342218917247,-0.2378962583894591,-0.2852783728768637,1.331663444062535,-0.6775239456463912,-0.599359767458393,-0.2741342638969005,-0.2715149221930298,-0.0545103444377266,-0.1054751099787656,-0.4841466134411829,0,3439545459716259957,TRAIN
-0.40118011873256,-0.5079938642590249,-0.4496293109643878,-0.4686314183190865,-0.3378074890106277,-0.4460650143740527,-0.2963929877022355,-0.3386466567372986,-0.3509324100615936,-0.4189308793257164,-0.3549638210716314,-0.4016861168890022,-0.3732625117091424,-0.3664593472530729,-0.3620025997559415,-0.6484466292680843,-0.4291920137503562,-0.437229841627139,-0.1920223529146078,0.90342218917247,-0.2378962583894591,-0.2852783728768637,1.331663444062535,-0.6775239456463912,-0.599359767458393,-0.2741342638969005,-0.2715149221930298,-0.0545103444377266,-0.1054751099787656,-0.4841466134411829,0,3439545459716259957,TRAIN
-0.40118011873256,-0.5079938642590249,-0.4496293109643878,-0.4686314183190865,-0.3378076683812179,-0.4706406197225452,-0.2963929877022355,-0.3386466567372986,-0.3509324100615936,-0.5809180509977097,-0.3549638210716314,-0.5649659344636314,-0.3732626759153102,-0.3664595109855155,-0.3620028167560174,-0.6484466292680843,-0.4291925214661,-0.4372303481283579,-0.1920223529146078,-0.9241262771572012,-0.2378962583894591,-0.2852780729186127,-0.6579458798781034,1.475962593537489,-0.599359767458393,-0.2741341207742125,-0.2715149221930298,-0.0545096686124699,-0.1054751099787656,-0.4754901282470776,0,15873444851147210944,TRAIN
-0.40118011873256,-0.5079938642590249,-0.4496293109643878,-0.4686314183190865,-0.3378074890106277,-0.4460650143740527,-0.2963929877022355,-0.3386466567372986,-0.3509324100615936,-0.4189308793257164,-0.3549638210716314,-0.4016861168890022,-0.3732625117091424,-0.3664593472530729,-0.3620025997559415,-0.6484466292680843,-0.4291920137503562,-0.437229841627139,-0.1920223529146078,0.90342218917247,-0.2378962583894591,-0.2852783728768637,1.331663444062535,-0.6775239456463912,-0.599359767458393,-0.2741342638969005,-0.2715149221930298,-0.0545103444377266,-0.1054751099787656,-0.4841466134411829,0,3439545459716259957,TRAIN
-0.40118011873256,-0.3646974668806308,-0.405080010645057,-0.4237024971751031,-0.3378076683812179,-0.4278790664161684,-0.2959023945962783,-0.3386466567372986,-0.3509324100615936,-0.371086811136155,-0.3549638210716314,-0.3827456580503452,-0.3732556971531784,-0.3664595109855155,-0.361990457506174,-0.6484466292680843,-0.4291925214661,-0.4372251043510335,-0.1920223529146078,-0.9241262771572012,-0.2378962583894591,-0.2852653246929403,0.7347806468803437,-0.6775239456463912,0.6602415609551195,-0.2741341207742125,-0.2715147448067069,-0.0545096686124699,-0.1054751099787656,-0.4841466134411829,0,7095287923680870432,TRAIN
-0.40118011873256,-0.410815847646091,-0.4194177164949565,-0.4548071348901686,-0.3378076683812179,-0.4416414054113241,-0.2963465410176479,-0.3386466567372986,-0.3509324100615936,-0.3951534766399892,-0.3549638210716314,-0.4036454746998977,-0.373256928699437,-0.3664595109855155,-0.3619926747055669,-0.6484466292680843,-0.4291925214661,-0.4372259683825245,-0.1920223529146078,-0.9241262771572012,-0.2378962583894591,-0.2852674993902615,1.053118138710846,-0.6775239456463912,0.2548526276726097,-0.2741341207742125,-0.2715146856779326,-0.0545096686124699,-0.1054751099787656,-0.4841466134411829,0,16980914154959405299,TRAIN
-0.40118011873256,-0.5079938642590249,-0.4496293109643878,-0.4686314183190865,-0.3378076683812179,-0.4676915470807261,-0.2963929877022355,-0.3386466567372986,-0.3509324100615936,-0.5538430523058961,-0.3549638210716314,-0.545372356354676,-0.3732584065549472,-0.3664552539420096,-0.3620028167560174,-0.6484466292680843,-0.4291894154403735,-0.4372272495326662,-0.1920223529146078,-0.9241262771572012,-0.2378962583894591,-0.2852546761750271,-0.4191927610052267,1.475962593537489,-0.599359767458393,-0.2741229572045423,-0.2715149221930298,-0.0544745256991189,-0.1054751099787656,-0.4662053497727551,0,6792609695267291303,TRAIN
-0.40118011873256,-0.5079938642590249,-0.4496293109643878,-0.4686314183190865,-0.3378074890106277,-0.4460650143740527,-0.2963929877022355,-0.3386466567372986,-0.3509324100615936,-0.4189308793257164,-0.3549638210716314,-0.4016861168890022,-0.3732625117091424,-0.3664593472530729,-0.3620025997559415,-0.6484466292680843,-0.4291920137503562,-0.437229841627139,-0.1920223529146078,0.90342218917247,-0.2378962583894591,-0.2852783728768637,1.331663444062535,-0.6775239456463912,-0.599359767458393,-0.2741342638969005,-0.2715149221930298,-0.0545103444377266,-0.1054751099787656,-0.4841466134411829,0,3439545459716259957,TRAIN
-0.40118011873256,-0.5079938642590249,-0.4496293109643878,-0.4686314183190865,-0.3378076683812179,-0.4706406197225452,-0.2963929877022355,-0.3386466567372986,-0.3509324100615936,-0.5809180509977097,-0.3549638210716314,-0.5649659344636314,-0.3732608285959224,-0.3664596337848474,-0.3620028167560174,-0.6484466292680843,-0.429192611062996,-0.4372290073898375,-0.1920223529146078,0.90342218917247,-0.2378962583894591,-0.2852679493276381,-0.6579458798781034,1.475962593537489,-0.599359767458393,-0.2741344428002606,-0.2715149221930298,-0.054494462544193,-0.1054751099787656,-0.4208984232326397,0,15508384312669765716,TRAIN
-0.40118011873256,-0.4981113540949978,-0.4465569454251236,-0.4686314183190865,-0.3378076683812179,-0.4676915470807261,-0.2963929877022355,-0.3386466567372986,-0.3509324100615936,-0.5538430523058961,-0.3549638210716314,-0.545372356354676,-0.3732588991734507,-0.3664596337848474,-0.3620028167560174,-0.6484466292680843,-0.429192611062996,-0.4372276070629383,-0.1920223529146078,-0.9241262771572012,-0.2378962583894591,-0.2852573757992869,-0.4191927610052267,1.475962593537489,-0.5124907103264267,-0.2741344428002606,-0.2715149221930298,-0.0544785806506594,-0.1054751099787656,1.8358612289434928,0,8530256536715788384,TRAIN
-0.40118011873256,-0.5079938642590249,-0.4496293109643878,-0.4686314183190865,-0.3378076683812179,-0.4706406197225452,-0.2963929877022355,-0.3386466567372986,-0.3509324100615936,-0.5809180509977097,-0.3549638210716314,-0.5649659344636314,-0.3732607054412965,-0.3664596337848474,-0.3620028167560174,-0.6484466292680843,-0.429192611062996,-0.4372289180072694,-0.1920223529146078,0.90342218917247,-0.2378962583894591,-0.2852672744215732,-0.6579458798781034,1.475962593537489,-0.599359767458393,-0.2741344428002606,-0.2715149221930298,-0.0544934488063079,-0.1054751099787656,-0.4759788007983578,0,12934349058531262553,TRAIN
-0.40118011873256,-0.4981113540949978,-0.4465569454251236,-0.465175347461857,-0.3378076683812179,-0.4676915470807261,-0.2963900847844488,-0.3386466567372986,-0.3509324100615936,-0.5673805516518029,-0.3549638210716314,-0.5532097875982582,-0.3732604591320448,-0.3664595928517367,-0.3619987813332543,1.5421469630102351,-0.429192581197364,-0.4372286498595654,-0.1920223529146078,-0.3149434550473107,-0.2378962583894591,-0.2852742484509112,-0.5783615069204778,-0.6775239456463912,-0.5124907103264267,-0.2741343354582446,-0.2715148039354812,-0.0545103444377266,-0.1054751099787656,-0.4125909898608774,0,7367513017677381781,TRAIN
-0.40118011873256,-0.422345442837456,-0.4230021429574315,-0.4548071348901686,-0.3378076683812179,-0.4450819901601131,-0.2963465410176479,-0.3386466567372986,-0.3509324100615936,-0.4214763920348078,-0.3549638210716314,-0.4265046491603458,-0.373256846596353,-0.3664594700524048,-0.3619925293053889,-0.6484466292680843,-0.429192491600468,-0.4372259087941458,-0.1920223529146078,0.90342218917247,-0.2378962583894591,-0.2852673494111352,0.7745728333591564,-0.6775239456463912,0.1535053943519823,-0.2741340134321964,-0.2715147448067069,-0.0545096686124699,-0.1054751099787656,-0.4841466134411829,0,12163802498776694898,TRAIN
-0.40118011873256,-0.5079938642590249,-0.4496293109643878,-0.4686314183190865,-0.3378074890106277,-0.4460650143740527,-0.2963929877022355,-0.3386466567372986,-0.3509324100615936,-0.4189308793257164,-0.3549638210716314,-0.4016861168890022,-0.3732625117091424,-0.3664593472530729,-0.3620025997559415,-0.6484466292680843,-0.4291920137503562,-0.437229841627139,-0.1920223529146078,0.90342218917247,-0.2378962583894591,-0.2852783728768637,1.331663444062535,-0.6775239456463912,-0.599359767458393,-0.2741342638969005,-0.2715149221930298,-0.0545103444377266,-0.1054751099787656,-0.4841466134411829,0,3439545459716259957,TRAIN
-0.40118011873256,-0.5079938642590249,-0.4496293109643878,-0.4686314183190865,-0.3378076683812179,-0.4706406197225452,-0.2963929877022355,-0.3386466567372986,-0.3509324100615936,-0.5809180509977097,-0.3549638210716314,-0.5649659344636314,-0.373222855919617,-0.3664198058682011,-0.3620028167560174,-0.6484466292680843,-0.4291635518030735,-0.4372014477646949,-0.1920223529146078,0.90342218917247,-0.2378962583894591,-0.2850598532909394,-0.6579458798781034,1.475962593537489,-0.599359767458393,-0.2740299990186347,-0.2715149221930298,-0.054181893362946,-0.1054751099787656,-0.4665544015950981,1,1497845503681495151,TRAIN
-0.40118011873256,-0.5079938642590249,-0.4496293109643878,-0.4686314183190865,-0.3378074890106277,-0.4460650143740527,-0.2963929877022355,-0.3386466567372986,-0.3509324100615936,-0.4189308793257164,-0.3549638210716314,-0.4016861168890022,-0.3732625117091424,-0.3664593472530729,-0.3620025997559415,-0.6484466292680843,-0.4291920137503562,-0.437229841627139,-0.1920223529146078,0.90342218917247,-0.2378962583894591,-0.2852783728768637,1.331663444062535,-0.6775239456463912,-0.599359767458393,-0.2741342638969005,-0.2715149221930298,-0.0545103444377266,-0.1054751099787656,-0.4841466134411829,0,3439545459716259957,TRAIN
-0.40118011873256,-0.4981113540949978,-0.4465569454251236,-0.4634473120332423,-0.3378076683812179,-0.4676915470807261,-0.2963864561372154,-0.3386466567372986,-0.3509324100615936,-0.5673805516518029,-0.3549638210716314,-0.5532097875982582,-0.3732601717712511,-0.3664596337848474,-0.3619983075063341,-0.6484466292680843,-0.429192611062996,-0.4372284115060506,-0.1920223529146078,0.90342218917247,-0.2378960261902421,-0.2852736485344082,-0.6579458798781034,1.475962593537489,-0.5124907103264267,-0.2741344428002606,-0.2715147448067069,-0.0545103444377266,-0.1054751099787656,-0.4185248708407076,0,6847418481730125872,TRAIN
-0.40118011873256,-0.4289337829468075,-0.4250503866502743,-0.4548071348901686,-0.3378076683812179,-0.4470480385879924,-0.2963465410176479,-0.3386466567372986,-0.3509324100615936,-0.4365180579747043,-0.3549638210716314,-0.4395670345663162,-0.3732590633796184,-0.366457668995537,-0.361999690592821,-0.6484466292680843,-0.4291911775126606,-0.4372248659975187,-0.1920223529146078,-0.9241262771572012,-0.2378962583894591,-0.2852647247764396,0.6154040874439054,-0.6775239456463912,0.095592689597338,-0.2741292903834898,-0.2715120840118628,-0.054494462544193,-0.1054751099787656,-0.4841466134411829,0,3745889634849259548,TRAIN
-0.40118011873256,-0.5079938642590249,-0.4496293109643878,-0.4686314183190865,-0.3378076683812179,-0.4706406197225452,-0.2963929877022355,-0.3386466567372986,-0.3509324100615936,-0.5809180509977097,-0.3549638210716314,-0.5649659344636314,-0.3732608285959224,-0.3664596337848474,-0.3620028167560174,-0.6484466292680843,-0.429192611062996,-0.4372290073898375,-0.1920223529146078,0.90342218917247,-0.2378962583894591,-0.2852679493276381,-0.6579458798781034,1.475962593537489,-0.599359767458393,-0.2741344428002606,-0.2715149221930298,-0.054494462544193,-0.1054751099787656,-0.4208984232326397,0,15508384312669765716,TRAIN
-0.40118011873256,-0.2032831342015202,-0.3548980401704085,-0.3450768851770759,-0.3378076683812179,-0.3797108799331232,-0.292682877338434,-0.3386466567372986,-0.3509324100615936,-0.2078847356882791,-0.3549638210716314,-0.2410187763955669,-0.3732527414421579,-0.3664595928517367,-0.3619851856378315,-0.6484466292680843,-0.429192581197364,-0.4372229889635901,-0.1920223529146078,0.90342218917247,-0.2378962583894591,-0.2852600004339848,1.013325952232033,-0.6775239456463912,2.079102827443904,-0.2741343354582446,-0.2715146856779326,-0.0545103444377266,-0.1054751099787656,-0.4841466134411829,0,17788833520549757046,TRAIN
-0.40118011873256,-0.5079938642590249,-0.4496293109643878,-0.4686314183190865,-0.3378076683812179,-0.4706406197225452,-0.2963929877022355,-0.3386466567372986,-0.3509324100615936,-0.5809180509977097,-0.3549638210716314,-0.5649659344636314,-0.3732626759153102,-0.3664595109855155,-0.3620028167560174,-0.6484466292680843,-0.4291925214661,-0.4372303481283579,-0.1920223529146078,-0.9241262771572012,-0.2378962583894591,-0.2852780729186127,-0.6579458798781034,1.475962593537489,-0.599359767458393,-0.2741341207742125,-0.2715149221930298,-0.0545096686124699,-0.1054751099787656,-0.4754901282470776,0,15873444851147210944,TRAIN
-0.40118011873256,-0.5079938642590249,-0.4496293109643878,-0.4686314183190865,-0.3378076683812179,-0.4706406197225452,-0.2963929877022355,-0.3386466567372986,-0.3509324100615936,-0.5809180509977097,-0.3549638210716314,-0.5649659344636314,-0.373222855919617,-0.3664198058682011,-0.3620028167560174,-0.6484466292680843,-0.4291635518030735,-0.4372014477646949,-0.1920223529146078,0.90342218917247,-0.2378962583894591,-0.2850598532909394,-0.6579458798781034,1.475962593537489,-0.599359767458393,-0.2740299990186347,-0.2715149221930298,-0.054181893362946,-0.1054751099787656,-0.4665544015950981,1,1497845503681495151,TRAIN
-0.40118011873256,-0.5079938642590249,-0.4496293109643878,-0.4686314183190865,-0.3378076683812179,-0.4706406197225452,-0.2963929877022355,-0.3386466567372986,-0.3509324100615936,-0.5809180509977097,-0.3549638210716314,-0.5649659344636314,-0.3732592275857863,-0.3664596337848474,-0.3620028167560174,-0.6484466292680843,-0.429192611062996,-0.4372278454164531,-0.1920223529146078,-0.9241262771572012,-0.2378962583894591,-0.2852591755487935,-0.6579458798781034,1.475962593537489,-0.599359767458393,-0.2741344428002606,-0.2715149221930298,-0.0544812839516864,-0.1054751099787656,-0.459573365148239,0,1630980420615143584,TRAIN
-0.40118011873256,-0.5079938642590249,-0.4496293109643878,-0.3001418101677477,-0.3378076683812179,-0.3644740046170578,-0.2894935181729455,-0.3386466567372986,-0.3509324100615936,0.1155110820194932,-0.3549638210716314,-0.0609755643254623,-0.3732627580183941,-0.3664595928517367,-0.3620028167560174,-0.6484466292680843,-0.429192581197364,-0.4372304077167366,-0.1920223529146078,-0.9241262771572012,-0.2378962583894591,-0.2852785228559893,0.5756119009650926,1.475962593537489,-0.599359767458393,-0.2741343354582446,-0.2715149221930298,-0.0545103444377266,-0.1054751099787656,-0.4675317466976583,0,7054729199645229301,TRAIN
-0.40118011873256,-0.5079938642590249,-0.4496293109643878,-0.4686314183190865,-0.3378076683812179,-0.4706406197225452,-0.2963929877022355,-0.3386466567372986,-0.3509324100615936,-0.5809180509977097,-0.3549638210716314,-0.5649659344636314,-0.3732608285959224,-0.3664596337848474,-0.3620028167560174,-0.6484466292680843,-0.429192611062996,-0.4372290073898375,-0.1920223529146078,0.90342218917247,-0.2378962583894591,-0.2852679493276381,-0.6579458798781034,1.475962593537489,-0.599359767458393,-0.2741344428002606,-0.2715149221930298,-0.054494462544193,-0.1054751099787656,-0.4208984232326397,0,15508384312669765716,TRAIN
-0.40118011873256,-0.5079938642590249,-0.4496293109643878,-0.4686314183190865,-0.3378076683812179,-0.4706406197225452,-0.2963929877022355,-0.3386466567372986,-0.3509324100615936,-0.5809180509977097,-0.3549638210716314,-0.5649659344636314,-0.3732626759153102,-0.3664595109855155,-0.3620028167560174,-0.6484466292680843,-0.4291925214661,-0.4372303481283579,-0.1920223529146078,-0.9241262771572012,-0.2378962583894591,-0.2852780729186127,-0.6579458798781034,1.475962593537489,-0.599359767458393,-0.2741341207742125,-0.2715149221930298,-0.0545096686124699,-0.1054751099787656,-0.4754901282470776,0,15873444851147210944,TRAIN
-0.40118011873256,-0.5079938642590249,-0.4496293109643878,-0.4686314183190865,-0.3378076683812179,-0.4676915470807261,-0.2963929877022355,-0.3386466567372986,-0.3509324100615936,-0.5538430523058961,-0.3549638210716314,-0.545372356354676,-0.3732584065549472,-0.3664552539420096,-0.3620028167560174,-0.6484466292680843,-0.4291894154403735,-0.4372272495326662,-0.1920223529146078,-0.9241262771572012,-0.2378962583894591,-0.2852546761750271,-0.4191927610052267,1.475962593537489,-0.599359767458393,-0.2741229572045423,-0.2715149221930298,-0.0544745256991189,-0.1054751099787656,-0.4662053497727551,0,6792609695267291303,TRAIN
-0.40118011873256,-0.5079938642590249,-0.4496293109643878,-0.4686314183190865,-0.3378076683812179,-0.4706406197225452,-0.2963929877022355,-0.3386466567372986,-0.3509324100615936,-0.5809180509977097,-0.3549638210716314,-0.5649659344636314,-0.3732626759153102,-0.3664595109855155,-0.3620028167560174,-0.6484466292680843,-0.4291925214661,-0.4372303481283579,-0.1920223529146078,-0.9241262771572012,-0.2378962583894591,-0.2852780729186127,-0.6579458798781034,1.475962593537489,-0.599359767458393,-0.2741341207742125,-0.2715149221930298,-0.0545096686124699,-0.1054751099787656,-0.4754901282470776,0,15873444851147210944,TRAIN
-0.40118011873256,-0.5079938642590249,-0.4496293109643878,-0.4686314183190865,-0.3378074890106277,-0.4460650143740527,-0.2963929877022355,-0.3386466567372986,-0.3509324100615936,-0.4189308793257164,-0.3549638210716314,-0.4016861168890022,-0.3732625117091424,-0.3664593472530729,-0.3620025997559415,-0.6484466292680843,-0.4291920137503562,-0.437229841627139,-0.1920223529146078,0.90342218917247,-0.2378962583894591,-0.2852783728768637,1.331663444062535,-0.6775239456463912,-0.599359767458393,-0.2741342638969005,-0.2715149221930298,-0.0545103444377266,-0.1054751099787656,-0.4841466134411829,0,3439545459716259957,TRAIN
-0.40118011873256,-0.4091687626187532,-0.4189056555717458,-0.4548071348901686,-0.3378076683812179,-0.4411498933043543,-0.2963465410176479,-0.3386466567372986,-0.3509324100615936,-0.391393060155015,-0.3549638210716314,-0.4003798783484051,-0.3732583244518633,-0.3664595109855155,-0.3619961175611511,-0.6484466292680843,-0.4291925214661,-0.437225670440631,-0.1920223529146078,0.90342218917247,-0.2378962583894591,-0.2852667494946345,1.0929103251896586,-0.6775239456463912,0.2693308038612708,-0.2741341207742125,-0.2715120840118628,-0.0545096686124699,-0.1054751099787656,-0.4841466134411829,0,16645412818067521686,TRAIN
-0.40118011873256,-0.5079938642590249,-0.4496293109643878,-0.4686314183190865,-0.3378076683812179,-0.4676915470807261,-0.2963929877022355,-0.3386466567372986,-0.3509324100615936,-0.5538430523058961,-0.3549638210716314,-0.545372356354676,-0.3732584065549472,-0.3664552539420096,-0.3620028167560174,-0.6484466292680843,-0.4291894154403735,-0.4372272495326662,-0.1920223529146078,-0.9241262771572012,-0.2378962583894591,-0.2852546761750271,-0.4191927610052267,1.475962593537489,-0.599359767458393,-0.2741229572045423,-0.2715149221930298,-0.0544745256991189,-0.1054751099787656,-0.4662053497727551,0,6792609695267291303,TRAIN
-0.40118011873256,-0.5079938642590249,-0.4496293109643878,-0.4686314183190865,-0.3378076683812179,-0.4706406197225452,-0.2963929877022355,-0.3386466567372986,-0.3509324100615936,-0.5809180509977097,-0.3549638210716314,-0.5649659344636314,-0.3732607054412965,-0.3664596337848474,-0.3620028167560174,-0.6484466292680843,-0.429192611062996,-0.4372289180072694,-0.1920223529146078,0.90342218917247,-0.2378962583894591,-0.2852672744215732,-0.6579458798781034,1.475962593537489,-0.599359767458393,-0.2741344428002606,-0.2715149221930298,-0.0544934488063079,-0.1054751099787656,-0.4759788007983578,0,12934349058531262553,TRAIN
-0.40118011873256,-0.4981113540949978,-0.4465569454251236,-0.465175347461857,-0.3378076683812179,-0.4676915470807261,-0.2963900847844488,-0.3386466567372986,-0.3509324100615936,-0.5673805516518029,-0.3549638210716314,-0.5532097875982582,-0.3732607875443804,-0.3664576280624264,-0.3619997632942908,1.5421469630102351,-0.4291911476470286,-0.4372283817118613,-0.1920223529146078,-0.3149434550473107,-0.2378962583894591,-0.2852735735448462,-0.5783615069204778,-0.6775239456463912,-0.5124907103264267,-0.2741291830414737,-0.2715148630642555,-0.0545103444377266,-0.1054751099787656,-0.4125909898608774,0,9578959622884163697,TRAIN
-0.40118011873256,-0.5079938642590249,-0.4496293109643878,-0.4686314183190865,-0.3378076683812179,-0.4706406197225452,-0.2963929877022355,-0.3386466567372986,-0.3509324100615936,-0.5809180509977097,-0.3549638210716314,-0.5649659344636314,-0.3732626759153102,-0.3664595109855155,-0.3620028167560174,-0.6484466292680843,-0.4291925214661,-0.4372303481283579,-0.1920223529146078,-0.9241262771572012,-0.2378962583894591,-0.2852780729186127,-0.6579458798781034,1.475962593537489,-0.599359767458393,-0.2741341207742125,-0.2715149221930298,-0.0545096686124699,-0.1054751099787656,-0.4754901282470776,0,15873444851147210944,TRAIN
-0.40118011873256,-0.5079938642590249,-0.4496293109643878,-0.4686314183190865,-0.3378076683812179,-0.4706406197225452,-0.2963929877022355,-0.3386466567372986,-0.3509324100615936,-0.5809180509977097,-0.3549638210716314,-0.5649659344636314,-0.373222855919617,-0.3664198058682011,-0.3620028167560174,-0.6484466292680843,-0.4291635518030735,-0.4372014477646949,-0.1920223529146078,0.90342218917247,-0.2378962583894591,-0.2850598532909394,-0.6579458798781034,1.475962593537489,-0.599359767458393,-0.2740299990186347,-0.2715149221930298,-0.054181893362946,-0.1054751099787656,-0.4665544015950981,1,1497845503681495151,TRAIN
-0.40118011873256,-0.5079938642590249,-0.4496293109643878,-0.4686314183190865,-0.3378076683812179,-0.4706406197225452,-0.2963929877022355,-0.3386466567372986,-0.3509324100615936,-0.5809180509977097,-0.3549638210716314,-0.5649659344636314,-0.3732608285959224,-0.3664596337848474,-0.3620028167560174,-0.6484466292680843,-0.429192611062996,-0.4372290073898375,-0.1920223529146078,0.90342218917247,-0.2378962583894591,-0.2852679493276381,-0.6579458798781034,1.475962593537489,-0.599359767458393,-0.2741344428002606,-0.2715149221930298,-0.054494462544193,-0.1054751099787656,-0.4208984232326397,0,15508384312669765716,TRAIN
-0.40118011873256,-0.5079938642590249,-0.4496293109643878,-0.4686314183190865,-0.3378076683812179,-0.4706406197225452,-0.2963929877022355,-0.3386466567372986,-0.3509324100615936,-0.5809180509977097,-0.3549638210716314,-0.5649659344636314,-0.3732570108025209,-0.3664596337848474,-0.3620028167560174,-0.6484466292680843,-0.429192611062996,-0.4372262365302286,-0.1920223529146078,0.90342218917247,-0.2378962583894591,-0.2852470272396241,-0.6579458798781034,1.475962593537489,-0.599359767458393,-0.2741344428002606,-0.2715149221930298,-0.0544630366697541,-0.1054751099787656,-0.4588054511390845,0,7623988293224366087,TRAIN
-0.40118011873256,-0.5079938642590249,-0.4496293109643878,-0.4686314183190865,-0.3378076683812179,-0.4706406197225452,-0.2963929877022355,-0.3386466567372986,-0.3509324100615936,-0.5809180509977097,-0.3549638210716314,-0.5649659344636314,-0.3732618959360131,-0.3664596337848474,-0.3620028167560174,-0.6484466292680843,-0.429192611062996,-0.4372297820387604,-0.1920223529146078,-0.9241262771572012,-0.2378962583894591,-0.2852737985135345,-0.6579458798781034,1.475962593537489,-0.599359767458393,-0.2741344428002606,-0.2715149221930298,-0.0545032482725308,-0.1054751099787656,-0.4766769044430437,0,14662299357843554344,TRAIN
-0.40118011873256,-0.5079938642590249,-0.4496293109643878,-0.4686314183190865,-0.3378076683812179,-0.4676915470807261,-0.2963929877022355,-0.3386466567372986,-0.3509324100615936,-0.5538430523058961,-0.3549638210716314,-0.545372356354676,-0.3732620601421809,-0.366458896988856,-0.3620028167560174,-0.6484466292680843,-0.4291920734816202,-0.4372299012155178,-0.1920223529146078,-0.9241262771572012,-0.2378962583894591,-0.2852746983882878,-0.4191927610052267,1.475962593537489,-0.599359767458393,-0.2741325106439716,-0.2715149221930298,-0.0545045999230443,-0.1054751099787656,-0.4662751601372237,0,14360694348866125941,TRAIN
-0.40118011873256,-0.5079938642590249,-0.4496293109643878,-0.4686314183190865,-0.3378074890106277,-0.4460650143740527,-0.2963929877022355,-0.3386466567372986,-0.3509324100615936,-0.4189308793257164,-0.3549638210716314,-0.4016861168890022,-0.3732625117091424,-0.3664593472530729,-0.3620025997559415,-0.6484466292680843,-0.4291920137503562,-0.437229841627139,-0.1920223529146078,0.90342218917247,-0.2378962583894591,-0.2852783728768637,1.331663444062535,-0.6775239456463912,-0.599359767458393,-0.2741342638969005,-0.2715149221930298,-0.0545103444377266,-0.1054751099787656,-0.4841466134411829,0,3439545459716259957,TRAIN
-0.40118011873256,-0.5079938642590249,-0.4496293109643878,-0.4686314183190865,-0.3378076683812179,-0.4706406197225452,-0.2963929877022355,-0.3386466567372986,-0.3509324100615936,-0.5809180509977097,-0.3549638210716314,-0.5649659344636314,-0.373222855919617,-0.3664198058682011,-0.3620028167560174,-0.6484466292680843,-0.4291635518030735,-0.4372014477646949,-0.1920223529146078,0.90342218917247,-0.2378962583894591,-0.2850598532909394,-0.6579458798781034,1.475962593537489,-0.599359767458393,-0.2740299990186347,-0.2715149221930298,-0.054181893362946,-0.1054751099787656,-0.4665544015950981,1,1497845503681495151,TRAIN
-0.40118011873256,-0.3531678716892658,-0.4014955841825821,-0.4254305325958305,-0.3378076683812179,-0.4244384816673794,-0.2959394067980591,-0.3386466567372986,-0.3509324100615936,-0.3402513959593674,-0.3549638210716314,-0.355967767968106,-0.3732555739985526,-0.3664595109855155,-0.3619902755944534,-0.6484466292680843,-0.4291925214661,-0.4372249851742761,-0.1920223529146078,0.90342218917247,-0.2378962583894591,-0.2852650247346899,1.0929103251896586,-0.6775239456463912,0.761588794275747,-0.2741341207742125,-0.2715146856779326,-0.0545096686124699,-0.1054751099787656,-0.4841466134411829,0,14689578513408458881,TRAIN
-0.40118011873256,-0.4981113540949978,-0.4465569454251236,-0.4686314183190865,-0.3378076683812179,-0.4676915470807261,-0.2963929877022355,-0.3386466567372986,-0.3509324100615936,-0.5538430523058961,-0.3549638210716314,-0.545372356354676,-0.3732595970496638,-0.3664596337848474,-0.3620028167560174,-0.6484466292680843,-0.429192611062996,-0.4372281135641572,-0.1920223529146078,-0.9241262771572012,-0.2378962583894591,-0.2852612002669885,-0.4191927610052267,1.475962593537489,-0.5124907103264267,-0.2741344428002606,-0.2715149221930298,-0.0544843251653417,-0.1054751099787656,-0.420339940316891,0,3492594118871351361,TRAIN
-0.40118011873256,-0.4981113540949978,-0.4465569454251236,-0.4686314183190865,-0.3378076683812179,-0.4676915470807261,-0.2963929877022355,-0.3386466567372986,-0.3509324100615936,-0.5538430523058961,-0.3549638210716314,-0.545372356354676,-0.3732626759153102,-0.3664596337848474,-0.3620028167560174,-0.6484466292680843,-0.429192611062996,-0.4372303481283579,-0.1920223529146078,-0.9241262771572012,-0.2378962583894591,-0.2852780729186127,-0.4191927610052267,1.475962593537489,-0.5124907103264267,-0.2741344428002606,-0.2715149221930298,-0.0545096686124699,-0.1054751099787656,-0.4766769044430437,0,15564636983479894257,TRAIN
-0.40118011873256,-0.5079938642590249,-0.4496293109643878,-0.4686314183190865,-0.3378074890106277,-0.4460650143740527,-0.2963929877022355,-0.3386466567372986,-0.3509324100615936,-0.4189308793257164,-0.3549638210716314,-0.4016861168890022,-0.3732625117091424,-0.3664593472530729,-0.3620025997559415,-0.6484466292680843,-0.4291920137503562,-0.437229841627139,-0.1920223529146078,0.90342218917247,-0.2378962583894591,-0.2852783728768637,1.331663444062535,-0.6775239456463912,-0.599359767458393,-0.2741342638969005,-0.2715149221930298,-0.0545103444377266,-0.1054751099787656,-0.4841466134411829,0,3439545459716259957,TRAIN
-0.40118011873256,-0.290578640650427,-0.3820372691005755,-0.3805016114518471,-0.3378076683812179,-0.4057610216025252,-0.2945053654114149,-0.3386466567372986,-0.3509324100615936,-0.3146805638615435,-0.3549638210716314,-0.3337617127779564,-0.3732549992769652,-0.3664595109855155,-0.361989257785741,-0.6484466292680843,-0.4291925214661,-0.4372245680556253,-0.1920223529146078,-0.9241262771572012,-0.2378962583894591,-0.2852639748808103,0.5358197144862799,-0.6775239456463912,1.3117594894448674,-0.2741341207742125,-0.2715146856779326,-0.0545096686124699,-0.1054751099787656,-0.4841466134411829,0,8070352391376601223,TRAIN
-0.40118011873256,-0.4981113540949978,-0.4465569454251236,-0.465175347461857,-0.3378076683812179,-0.4676915470807261,-0.2963900847844488,-0.3386466567372986,-0.3509324100615936,-0.5673805516518029,-0.3549638210716314,-0.5532097875982582,-0.3732604591320448,-0.3664595928517367,-0.3619987813332543,1.5421469630102351,-0.429192581197364,-0.4372286498595654,-0.1920223529146078,-0.3149434550473107,-0.2378962583894591,-0.2852742484509112,-0.5783615069204778,-0.6775239456463912,-0.5124907103264267,-0.2741343354582446,-0.2715148039354812,-0.0545103444377266,-0.1054751099787656,-0.4125909898608774,0,7367513017677381781,TRAIN
-0.40118011873256,-0.5079938642590249,-0.4496293109643878,-0.4686314183190865,-0.3378076683812179,-0.4676915470807261,-0.2963929877022355,-0.3386466567372986,-0.3509324100615936,-0.5538430523058961,-0.3549638210716314,-0.545372356354676,-0.3732620601421809,-0.366458896988856,-0.3620028167560174,-0.6484466292680843,-0.4291920734816202,-0.4372299012155178,-0.1920223529146078,-0.9241262771572012,-0.2378962583894591,-0.2852746983882878,-0.4191927610052267,1.475962593537489,-0.599359767458393,-0.2741325106439716,-0.2715149221930298,-0.0545045999230443,-0.1054751099787656,-0.4662751601372237,0,14360694348866125941,TRAIN
-0.40118011873256,-0.422345442837456,-0.4230021429574315,-0.4548071348901686,-0.3378076683812179,-0.4450819901601131,-0.2963465410176479,-0.3386466567372986,-0.3509324100615936,-0.4214763920348078,-0.3549638210716314,-0.4265046491603458,-0.373256846596353,-0.3664594700524048,-0.3619925293053889,-0.6484466292680843,-0.429192491600468,-0.4372259087941458,-0.1920223529146078,0.90342218917247,-0.2378962583894591,-0.2852673494111352,0.7745728333591564,-0.6775239456463912,0.1535053943519823,-0.2741340134321964,-0.2715147448067069,-0.0545096686124699,-0.1054751099787656,-0.4841466134411829,0,12163802498776694898,TRAIN
-0.40118011873256,-0.5079938642590249,-0.4496293109643878,-0.4686314183190865,-0.3378076683812179,-0.4706406197225452,-0.2963929877022355,-0.3386466567372986,-0.3509324100615936,-0.5809180509977097,-0.3549638210716314,-0.5649659344636314,-0.3732618959360131,-0.3664596337848474,-0.3620028167560174,-0.6484466292680843,-0.429192611062996,-0.4372297820387604,-0.1920223529146078,-0.9241262771572012,-0.2378962583894591,-0.2852737985135345,-0.6579458798781034,1.475962593537489,-0.599359767458393,-0.2741344428002606,-0.2715149221930298,-0.0545032482725308,-0.1054751099787656,-0.4766769044430437,0,14662299357843554344,TRAIN
-0.40118011873256,-0.5079938642590249,-0.4496293109643878,-0.4686314183190865,-0.3378076683812179,-0.4706406197225452,-0.2963929877022355,-0.3386466567372986,-0.3509324100615936,-0.5809180509977097,-0.3549638210716314,-0.5649659344636314,-0.3732613622659678,-0.3664596337848474,-0.3620028167560174,-0.6484466292680843,-0.429192611062996,-0.4372293947142989,-0.1920223529146078,0.90342218917247,-0.2378962583894591,-0.2852708739205863,-0.6579458798781034,1.475962593537489,-0.599359767458393,-0.2741344428002606,-0.2715149221930298,-0.0544988554083619,-0.1054751099787656,-0.4659959186793493,6,5354798063977103372,TRAIN
-0.40118011873256,-0.5079938642590249,-0.4496293109643878,-0.4686314183190865,-0.3378076683812179,-0.4706406197225452,-0.2963929877022355,-0.3386466567372986,-0.3509324100615936,-0.5809180509977097,-0.3549638210716314,-0.5649659344636314,-0.373222855919617,-0.3664198058682011,-0.3620028167560174,-0.6484466292680843,-0.4291635518030735,-0.4372014477646949,-0.1920223529146078,0.90342218917247,-0.2378962583894591,-0.2850598532909394,-0.6579458798781034,1.475962593537489,-0.599359767458393,-0.2740299990186347,-0.2715149221930298,-0.054181893362946,-0.1054751099787656,-0.4665544015950981,1,1497845503681495151,TRAIN
-0.40118011873256,-0.5079938642590249,-0.4496293109643878,-0.4686314183190865,-0.3378076683812179,-0.4676915470807261,-0.2963929877022355,-0.3386466567372986,-0.3509324100615936,-0.5538430523058961,-0.3549638210716314,-0.545372356354676,-0.3732620601421809,-0.366458896988856,-0.3620028167560174,-0.6484466292680843,-0.4291920734816202,-0.4372299012155178,-0.1920223529146078,-0.9241262771572012,-0.2378962583894591,-0.2852746983882878,-0.4191927610052267,1.475962593537489,-0.599359767458393,-0.2741325106439716,-0.2715149221930298,-0.0545045999230443,-0.1054751099787656,-0.4662751601372237,0,14360694348866125941,TRAIN
-0.40118011873256,-0.4981113540949978,-0.4465569454251236,-0.4686314183190865,-0.3378076683812179,-0.4676915470807261,-0.2963929877022355,-0.3386466567372986,-0.3509324100615936,-0.5538430523058961,-0.3549638210716314,-0.545372356354676,-0.3732609106990063,-0.3664596337848474,-0.3620028167560174,-0.6484466292680843,-0.429192611062996,-0.4372290669782162,-0.1920223529146078,-0.9241262771572012,-0.2378962583894591,-0.2852683992650148,-0.4191927610052267,1.475962593537489,-0.5124907103264267,-0.2741344428002606,-0.2715149221930298,-0.0544951383694497,-0.1054751099787656,-0.4109853514780998,0,10242597751369760923,TRAIN
-0.40118011873256,-0.3399911914705629,-0.3973990967968965,-0.408150178309683,-0.3378076683812179,-0.4205063848116206,-0.2955039691300497,-0.3386466567372986,-0.3509324100615936,-0.3552930618992637,-0.3549638210716314,-0.3690301533740763,-0.3732564771324755,-0.3664595109855155,-0.3619930706908187,-0.6484466292680843,-0.4291925214661,-0.4372242999079212,-0.1920223529146078,-0.9241262771572012,-0.2378962583894591,-0.2852632999747453,0.6154040874439054,-0.6775239456463912,0.8774142037850355,-0.2741341207742125,-0.2715120248830885,-0.0545096686124699,-0.1054751099787656,-0.4841466134411829,0,17790487705224347715,TRAIN
-0.40118011873256,-0.5079938642590249,-0.4496293109643878,-0.4686314183190865,-0.3378076683812179,-0.4706406197225452,-0.2963929877022355,-0.3386466567372986,-0.3509324100615936,-0.5809180509977097,-0.3549638210716314,-0.5649659344636314,-0.3732557382047203,-0.3664525932898184,-0.3620028167560174,-0.6484466292680843,-0.4291874741742943,-0.4372253129103589,-0.1920223529146078,0.90342218917247,-0.2378962583894591,-0.2852400532102861,-0.6579458798781034,1.475962593537489,-0.599359767458393,-0.2741159799734984,-0.2715149221930298,-0.0544525613782745,-0.1054751099787656,-0.4599224169705819,0,14688418848998555808,TRAIN
-0.40118011873256,-0.5079938642590249,-0.4496293109643878,-0.4686314183190865,-0.3378076683812179,-0.4706406197225452,-0.2963929877022355,-0.3386466567372986,-0.3509324100615936,-0.5809180509977097,-0.3549638210716314,-0.5649659344636314,-0.3732626759153102,-0.3664595109855155,-0.3620028167560174,-0.6484466292680843,-0.4291925214661,-0.4372303481283579,-0.1920223529146078,-0.9241262771572012,-0.2378962583894591,-0.2852780729186127,-0.6579458798781034,1.475962593537489,-0.599359767458393,-0.2741341207742125,-0.2715149221930298,-0.0545096686124699,-0.1054751099787656,-0.4754901282470776,0,15873444851147210944,TRAIN
-0.40118011873256,-0.5079938642590249,-0.4496293109643878,-0.4441805820546621,-0.3378073739796201,-0.4554037444064799,-0.2962476906192643,-0.3386466567372986,-0.3509324100615936,-0.5498319413986182,-0.3549638210716314,-0.5396575627395639,-0.3732626348637682,-0.3664594700524048,-0.3620024605930089,-0.6484466292680843,-0.429192491600468,-0.4372303183341686,-0.1920223529146078,0.90342218917247,-0.2378962583894591,-0.285278297887301,-0.6579458798781034,1.475962593537489,-0.599359767458393,-0.2741342281162285,-0.2715149221930298,-0.054510682350355,-0.1054751099787656,-0.4799579915730674,0,10468070615587225815,TRAIN
-0.40118011873256,-0.5079938642590249,-0.4496293109643878,-0.4686314183190865,-0.3378076683812179,-0.4676915470807261,-0.2963929877022355,-0.3386466567372986,-0.3509324100615936,-0.5538430523058961,-0.3549638210716314,-0.545372356354676,-0.3732584065549472,-0.3664552539420096,-0.3620028167560174,-0.6484466292680843,-0.4291894154403735,-0.4372272495326662,-0.1920223529146078,-0.9241262771572012,-0.2378962583894591,-0.2852546761750271,-0.4191927610052267,1.475962593537489,-0.599359767458393,-0.2741229572045423,-0.2715149221930298,-0.0544745256991189,-0.1054751099787656,-0.4662053497727551,0,6792609695267291303,TRAIN
-0.40118011873256,-0.5079938642590249,-0.4496293109643878,-0.4349334966888188,-0.3378076683812179,-0.4524546717646608,-0.2961170089210034,-0.3386466567372986,-0.3509324100615936,-0.4696097230424763,-0.3549638210716314,-0.4844145577825957,-0.3732588991734507,-0.3664557451393372,-0.3620028167560174,-0.6484466292680843,-0.4291897738279573,-0.4372276070629383,-0.1920223529146078,0.90342218917247,-0.2378962583894591,-0.2852573757992869,-0.6579458798781034,1.475962593537489,-0.599359767458393,-0.2741242453087349,-0.2715149221930298,-0.0544785806506594,-0.1054751099787656,1.8408875751852312,0,1601701804398870559,TRAIN
-0.40118011873256,-0.1192817978072892,-0.3287829330866629,-0.3027400171704935,-0.3378076683812179,-0.3546437624776609,-0.2897046651216116,-0.3386466567372986,-0.3509324100615936,-0.1266597396128386,-0.3549638210716314,-0.1704818952033271,-0.3732549992769652,-0.3664595109855155,-0.3619892215811893,-0.6484466292680843,-0.4291925214661,-0.4372245978498146,-0.1920223529146078,-0.9241262771572012,-0.2378962583894591,-0.2852640498703739,1.0929103251896586,-0.6775239456463912,2.817489813065618,-0.2741341207742125,-0.2715147448067069,-0.0545096686124699,-0.1054751099787656,-0.4841466134411829,0,659485523058098361,TRAIN
-0.40118011873256,-0.5079938642590249,-0.4496293109643878,-0.4349334966888188,-0.3378076683812179,-0.4524546717646608,-0.2961170089210034,-0.3386466567372986,-0.3509324100615936,-0.4696097230424763,-0.3549638210716314,-0.4844145577825957,-0.3732610338536322,-0.3664578736610901,-0.3620028167560174,-0.6484466292680843,-0.4291913268408205,-0.4372291563607842,-0.1920223529146078,0.90342218917247,-0.2378962583894591,-0.2852690741710798,-0.6579458798781034,1.475962593537489,-0.599359767458393,-0.2741298270935701,-0.2715149221930298,-0.0544961521073349,-0.1054751099787656,-0.462645021184857,0,16927526917322834111,TRAIN
-0.40118011873256,-0.5079938642590249,-0.4496293109643878,-0.4686314183190865,-0.3378076683812179,-0.4676915470807261,-0.2963929877022355,-0.3386466567372986,-0.3509324100615936,-0.5538430523058961,-0.3549638210716314,-0.545372356354676,-0.3732584065549472,-0.3664552539420096,-0.3620028167560174,-0.6484466292680843,-0.4291894154403735,-0.4372272495326662,-0.1920223529146078,-0.9241262771572012,-0.2378962583894591,-0.2852546761750271,-0.4191927610052267,1.475962593537489,-0.599359767458393,-0.2741229572045423,-0.2715149221930298,-0.0544745256991189,-0.1054751099787656,-0.4662053497727551,0,6792609695267291303,TRAIN
-0.40118011873256,-0.5079938642590249,-0.4496293109643878,-0.4686314183190865,-0.3378076683812179,-0.4706406197225452,-0.2963929877022355,-0.3386466567372986,-0.3509324100615936,-0.5809180509977097,-0.3549638210716314,-0.5649659344636314,-0.3732626759153102,-0.3664595109855155,-0.3620028167560174,-0.6484466292680843,-0.4291925214661,-0.4372303481283579,-0.1920223529146078,-0.9241262771572012,-0.2378962583894591,-0.2852780729186127,-0.6579458798781034,1.475962593537489,-0.599359767458393,-0.2741341207742125,-0.2715149221930298,-0.0545096686124699,-0.1054751099787656,-0.4754901282470776,0,15873444851147210944,TRAIN
-0.40118011873256,-0.4981113540949978,-0.4465569454251236,-0.465175347461857,-0.3378076683812179,-0.4676915470807261,-0.2963900847844488,-0.3386466567372986,-0.3509324100615936,-0.5673805516518029,-0.3549638210716314,-0.5532097875982582,-0.3732592686373282,-0.3664595109855155,-0.361996818554317,1.5421469630102351,-0.4291925214661,-0.437227666651317,-0.1920223529146078,-0.3149434550473107,-0.2378962583894591,-0.2852717737953396,-0.5783615069204778,-0.6775239456463912,-0.5124907103264267,-0.2741341207742125,-0.2715146856779326,-0.0545096686124699,-0.1054751099787656,-0.4125909898608774,0,16261496183555883026,TRAIN
-0.40118011873256,-0.5079938642590249,-0.4496293109643878,-0.4686314183190865,-0.3378076683812179,-0.4676915470807261,-0.2963929877022355,-0.3386466567372986,-0.3509324100615936,-0.5538430523058961,-0.3549638210716314,-0.545372356354676,-0.3732584065549472,-0.3664552539420096,-0.3620028167560174,-0.6484466292680843,-0.4291894154403735,-0.4372272495326662,-0.1920223529146078,-0.9241262771572012,-0.2378962583894591,-0.2852546761750271,-0.4191927610052267,1.475962593537489,-0.599359767458393,-0.2741229572045423,-0.2715149221930298,-0.0544745256991189,-0.1054751099787656,-0.4662053497727551,0,6792609695267291303,TRAIN
-0.40118011873256,-0.5079938642590249,-0.4496293109643878,-0.4686314183190865,-0.3378076683812179,-0.4676915470807261,-0.2963929877022355,-0.3386466567372986,-0.3509324100615936,-0.5538430523058961,-0.3549638210716314,-0.545372356354676,-0.3732620601421809,-0.366458896988856,-0.3620028167560174,-0.6484466292680843,-0.4291920734816202,-0.4372299012155178,-0.1920223529146078,-0.9241262771572012,-0.2378962583894591,-0.2852746983882878,-0.4191927610052267,1.475962593537489,-0.599359767458393,-0.2741325106439716,-0.2715149221930298,-0.0545045999230443,-0.1054751099787656,-0.4662751601372237,0,14360694348866125941,TRAIN
-0.40118011873256,-0.4289337829468075,-0.4250503866502743,-0.4548071348900108,-0.3378076683812179,-0.4470480385879924,-0.2963465410176479,-0.3386466567372986,-0.3509324100615936,-0.4365180579747043,-0.3549638210716314,-0.4395670345663162,-0.3732553687408428,-0.3664595109855155,-0.3619898758944163,-0.6484466292680843,-0.4291925214661,-0.4372248659975187,-0.1920223529146078,0.90342218917247,-0.2378962583894591,-0.2852647247764389,0.6154040874439054,-0.6775239456463912,0.095592689597338,-0.2741341207742125,-0.2715147448067069,-0.0545096686124699,-0.1054751099787656,-0.4841466134411829,0,14378605593718292494,TRAIN
-0.40118011873256,-0.5079938642590249,-0.4496293109643878,-0.4686314183190865,-0.3378074890106277,-0.4460650143740527,-0.2963929877022355,-0.3386466567372986,-0.3509324100615936,-0.4189308793257164,-0.3549638210716314,-0.4016861168890022,-0.3732625117091424,-0.3664593472530729,-0.3620025997559415,-0.6484466292680843,-0.4291920137503562,-0.437229841627139,-0.1920223529146078,0.90342218917247,-0.2378962583894591,-0.2852783728768637,1.331663444062535,-0.6775239456463912,-0.599359767458393,-0.2741342638969005,-0.2715149221930298,-0.0545103444377266,-0.1054751099787656,-0.4841466134411829,0,3439545459716259957,TRAIN
-0.40118011873256,-0.4981113540949978,-0.4465569454251236,-0.4686314183190865,-0.3378076683812179,-0.4676915470807261,-0.2963929877022355,-0.3386466567372986,-0.3509324100615936,-0.5538430523058961,-0.3549638210716314,-0.545372356354676,-0.3732595970496638,-0.3664596337848474,-0.3620028167560174,-0.6484466292680843,-0.429192611062996,-0.4372281135641572,-0.1920223529146078,-0.9241262771572012,-0.2378962583894591,-0.2852612002669885,-0.4191927610052267,1.475962593537489,-0.5124907103264267,-0.2741344428002606,-0.2715149221930298,-0.0544843251653417,-0.1054751099787656,-0.420339940316891,0,3492594118871351361,TRAIN
-0.40118011873256,-0.5079938642590249,-0.4496293109643878,-0.4686314183190865,-0.3378076683812179,-0.4706406197225452,-0.2963929877022355,-0.3386466567372986,-0.3509324100615936,-0.5809180509977097,-0.3549638210716314,-0.5649659344636314,-0.3732626759153102,-0.3664595109855155,-0.3620028167560174,-0.6484466292680843,-0.4291925214661,-0.4372303481283579,-0.1920223529146078,-0.9241262771572012,-0.2378962583894591,-0.2852780729186127,-0.6579458798781034,1.475962593537489,-0.599359767458393,-0.2741341207742125,-0.2715149221930298,-0.0545096686124699,-0.1054751099787656,-0.4754901282470776,0,15873444851147210944,TRAIN
-0.40118011873256,-0.5079938642590249,-0.4496293109643878,-0.4686314183190865,-0.3378074890106277,-0.4460650143740527,-0.2963929877022355,-0.3386466567372986,-0.3509324100615936,-0.4189308793257164,-0.3549638210716314,-0.4016861168890022,-0.3732625117091424,-0.3664593472530729,-0.3620025997559415,-0.6484466292680843,-0.4291920137503562,-0.437229841627139,-0.1920223529146078,0.90342218917247,-0.2378962583894591,-0.2852783728768637,1.331663444062535,-0.6775239456463912,-0.599359767458393,-0.2741342638969005,-0.2715149221930298,-0.0545103444377266,-0.1054751099787656,-0.4841466134411829,0,3439545459716259957,TRAIN
-0.40118011873256,-0.5079938642590249,-0.4496293109643878,-0.4686314183190865,-0.3378076683812179,-0.4676915470807261,-0.2963929877022355,-0.3386466567372986,-0.3509324100615936,-0.5538430523058961,-0.3549638210716314,-0.545372356354676,-0.3732584065549472,-0.3664552539420096,-0.3620028167560174,-0.6484466292680843,-0.4291894154403735,-0.4372272495326662,-0.1920223529146078,-0.9241262771572012,-0.2378962583894591,-0.2852546761750271,-0.4191927610052267,1.475962593537489,-0.599359767458393,-0.2741229572045423,-0.2715149221930298,-0.0544745256991189,-0.1054751099787656,-0.4662053497727551,0,6792609695267291303,TRAIN
-0.40118011873256,-0.3663445519079687,-0.4055920715682677,-0.4332066920285406,-0.3378076683812179,-0.4283705785231382,-0.2960879999022673,-0.3386466567372986,-0.3509324100615936,-0.3500284788203,-0.3549638210716314,-0.3644583184819867,-0.3732562308232238,-0.3664594700524048,-0.3619914388018113,-0.6484466292680843,-0.429192491600468,-0.4372254618813056,-0.1920223529146078,0.90342218917247,-0.2378962583894591,-0.2852662245676935,1.1327025116684717,-0.6775239456463912,0.6457633847664586,-0.2741340134321964,-0.2715147448067069,-0.0545096686124699,-0.1054751099787656,-0.4841466134411829,0,7614232506450968797,TRAIN
-0.40118011873256,-0.5079938642590249,-0.4496293109643878,-0.4686314183190865,-0.3378076683812179,-0.4706406197225452,-0.2963929877022355,-0.3386466567372986,-0.3509324100615936,-0.5809180509977097,-0.3549638210716314,-0.5649659344636314,-0.3732626759153102,-0.3664595109855155,-0.3620028167560174,-0.6484466292680843,-0.4291925214661,-0.4372303481283579,-0.1920223529146078,-0.9241262771572012,-0.2378962583894591,-0.2852780729186127,-0.6579458798781034,1.475962593537489,-0.599359767458393,-0.2741341207742125,-0.2715149221930298,-0.0545096686124699,-0.1054751099787656,-0.4754901282470776,0,15873444851147210944,TRAIN
-0.40118011873256,-0.3778741470993337,-0.4091764980307426,-0.4280225857505837,-0.3378076683812179,-0.4318111632719272,-0.2959922036153052,-0.3386466567372986,-0.3509324100615936,-0.3898888935610254,-0.3549638210716314,-0.3990736398078081,-0.3732527824936998,-0.3664595928517367,-0.3619851502988895,-0.6484466292680843,-0.429192581197364,-0.4372231081403475,-0.1920223529146078,-0.9241262771572012,-0.2378962583894591,-0.2852603003922351,0.6154040874439054,-0.6775239456463912,0.5444161514458311,-0.2741343354582446,-0.2715148630642555,-0.0545103444377266,-0.1054751099787656,-0.4841466134411829,0,7572067939009036376,TRAIN
-0.40118011873256,-0.5079938642590249,-0.4496293109643878,-0.4686314183190865,-0.3378076683812179,-0.4706406197225452,-0.2963929877022355,-0.3386466567372986,-0.3509324100615936,-0.5809180509977097,-0.3549638210716314,-0.5649659344636314,-0.3732613622659678,-0.3664596337848474,-0.3620028167560174,-0.6484466292680843,-0.429192611062996,-0.4372293947142989,-0.1920223529146078,0.90342218917247,-0.2378962583894591,-0.2852708739205863,-0.6579458798781034,1.475962593537489,-0.599359767458393,-0.2741344428002606,-0.2715149221930298,-0.0544988554083619,-0.1054751099787656,-0.4659959186793493,6,5354798063977103372,TRAIN
-0.40118011873256,-0.5079938642590249,-0.4496293109643878,-0.4686314183190865,-0.3378074890106277,-0.4460650143740527,-0.2963929877022355,-0.3386466567372986,-0.3509324100615936,-0.4189308793257164,-0.3549638210716314,-0.4016861168890022,-0.3732625117091424,-0.3664593472530729,-0.3620025997559415,-0.6484466292680843,-0.4291920137503562,-0.437229841627139,-0.1920223529146078,0.90342218917247,-0.2378962583894591,-0.2852783728768637,1.331663444062535,-0.6775239456463912,-0.599359767458393,-0.2741342638969005,-0.2715149221930298,-0.0545103444377266,-0.1054751099787656,-0.4841466134411829,0,3439545459716259957,TRAIN
-0.40118011873256,-0.5079938642590249,-0.4496293109643878,-0.4686314183190865,-0.3378076683812179,-0.4706406197225452,-0.2963929877022355,-0.3386466567372986,-0.3509324100615936,-0.5809180509977097,-0.3549638210716314,-0.5649659344636314,-0.3732607875443804,-0.3664596337848474,-0.3620028167560174,-0.6484466292680843,-0.429192611062996,-0.4372289775956481,-0.1920223529146078,0.90342218917247,-0.2378962583894591,-0.2852677243589498,-0.6579458798781034,1.475962593537489,-0.599359767458393,-0.2741344428002606,-0.2715149221930298,-0.0544941246315646,-0.1054751099787656,-0.137189102032287,0,14381731653621383348,TRAIN
-0.40118011873256,-0.4141100177007668,-0.420441838341378,-0.4548071348901686,-0.3378076683812179,-0.4426244296252638,-0.2963465410176479,-0.3386466567372986,-0.3509324100615936,-0.4026743096099374,-0.3549638210716314,-0.4101766674028829,-0.3732582423487794,-0.3664594700524048,-0.3619960445838742,-0.6484466292680843,-0.429192491600468,-0.437225581058063,-0.1920223529146078,-0.9241262771572012,-0.2378962583894591,-0.2852665245259462,0.9735337657532204,-0.6775239456463912,0.2258962752952876,-0.2741340134321964,-0.2715120840118628,-0.0545093306998415,-0.1054751099787656,-0.4841466134411829,0,12047297765991645397,TRAIN
-0.40118011873256,-0.5079938642590249,-0.4496293109643878,-0.4686314183190865,-0.3378076683812179,-0.4676915470807261,-0.2963929877022355,-0.3386466567372986,-0.3509324100615936,-0.5538430523058961,-0.3549638210716314,-0.545372356354676,-0.3732584476064892,-0.3664552948751202,-0.3620028167560174,-0.6484466292680843,-0.4291894453060054,-0.4372272793268555,-0.1920223529146078,-0.9241262771572012,-0.2378962583894591,-0.2852549011437154,-0.4191927610052267,1.475962593537489,-0.599359767458393,-0.2741230645465583,-0.2715149221930298,-0.0544748636117472,-0.1054751099787656,-0.4581073474943986,0,14950654304723009607,TRAIN
-0.40118011873256,-0.5079938642590249,-0.4496293109643878,-0.4686314183190865,-0.3378076683812179,-0.4706406197225452,-0.2963929877022355,-0.3386466567372986,-0.3509324100615936,-0.5809180509977097,-0.3549638210716314,-0.5649659344636314,-0.3732607875443804,-0.3664596337848474,-0.3620028167560174,-0.6484466292680843,-0.429192611062996,-0.4372289775956481,-0.1920223529146078,0.90342218917247,-0.2378962583894591,-0.2852677243589498,-0.6579458798781034,1.475962593537489,-0.599359767458393,-0.2741344428002606,-0.2715149221930298,-0.0544941246315646,-0.1054751099787656,-0.4753505075181405,0,16782952135519240414,TRAIN
-0.40118011873256,-0.4981113540949978,-0.4465569454251236,-0.465175347461857,-0.3378076683812179,-0.4676915470807261,-0.2963900847844488,-0.3386466567372986,-0.3509324100615936,-0.5673805516518029,-0.3549638210716314,-0.5532097875982582,-0.3732592686373282,-0.3664595109855155,-0.361996818554317,1.5421469630102351,-0.4291925214661,-0.437227666651317,-0.1920223529146078,-0.3149434550473107,-0.2378962583894591,-0.2852717737953396,-0.5783615069204778,-0.6775239456463912,-0.5124907103264267,-0.2741341207742125,-0.2715146856779326,-0.0545096686124699,-0.1054751099787656,-0.4125909898608774,0,16261496183555883026,TRAIN
-0.40118011873256,-0.5079938642590249,-0.4496293109643878,-0.4686314183190865,-0.3378076683812179,-0.4706406197225452,-0.2963929877022355,-0.3386466567372986,-0.3509324100615936,-0.5809180509977097,-0.3549638210716314,-0.5649659344636314,-0.3732626759153102,-0.3664595109855155,-0.3620028167560174,-0.6484466292680843,-0.4291925214661,-0.4372303481283579,-0.1920223529146078,-0.9241262771572012,-0.2378962583894591,-0.2852780729186127,-0.6579458798781034,1.475962593537489,-0.599359767458393,-0.2741341207742125,-0.2715149221930298,-0.0545096686124699,-0.1054751099787656,-0.4754901282470776,0,15873444851147210944,TRAIN
-0.40118011873256,-0.4981113540949978,-0.4465569454251236,-0.465175347461857,-0.3378076683812179,-0.4676915470807261,-0.2963900847844488,-0.3386466567372986,-0.3509324100615936,-0.5673805516518029,-0.3549638210716314,-0.5532097875982582,-0.3732607875443804,-0.3664576280624264,-0.3619997632942908,1.5421469630102351,-0.4291911476470286,-0.4372283817118613,-0.1920223529146078,-0.3149434550473107,-0.2378962583894591,-0.2852735735448462,-0.5783615069204778,-0.6775239456463912,-0.5124907103264267,-0.2741291830414737,-0.2715148630642555,-0.0545103444377266,-0.1054751099787656,-0.4125909898608774,0,9578959622884163697,TRAIN
-0.40118011873256,-0.5079938642590249,-0.4496293109643878,-0.4686314183190865,-0.3378074890106277,-0.4460650143740527,-0.2963929877022355,-0.3386466567372986,-0.3509324100615936,-0.4189308793257164,-0.3549638210716314,-0.4016861168890022,-0.3732625117091424,-0.3664593472530729,-0.3620025997559415,-0.6484466292680843,-0.4291920137503562,-0.437229841627139,-0.1920223529146078,0.90342218917247,-0.2378962583894591,-0.2852783728768637,1.331663444062535,-0.6775239456463912,-0.599359767458393,-0.2741342638969005,-0.2715149221930298,-0.0545103444377266,-0.1054751099787656,-0.4841466134411829,0,3439545459716259957,TRAIN
-0.40118011873256,-0.4091687626187532,-0.4189056555717458,-0.4548071348901686,-0.3378076683812179,-0.4411498933043543,-0.2963465410176479,-0.3386466567372986,-0.3509324100615936,-0.391393060155015,-0.3549638210716314,-0.4003798783484051,-0.3732570518540628,-0.3664595109855155,-0.3619928566546726,-0.6484466292680843,-0.4291925214661,-0.4372260875592818,-0.1920223529146078,-0.9241262771572012,-0.2378962583894591,-0.2852677993485119,1.0929103251896586,-0.6775239456463912,0.2693308038612708,-0.2741341207742125,-0.2715147448067069,-0.0545096686124699,-0.1054751099787656,-0.4841466134411829,0,2094685658787217629,TRAIN
-0.40118011873256,-0.5079938642590249,-0.4496293109643878,-0.4686314183190865,-0.3378076683812179,-0.4676915470807261,-0.2963929877022355,-0.3386466567372986,-0.3509324100615936,-0.5538430523058961,-0.3549638210716314,-0.545372356354676,-0.3732584065549472,-0.3664552539420096,-0.3620028167560174,-0.6484466292680843,-0.4291894154403735,-0.4372272495326662,-0.1920223529146078,-0.9241262771572012,-0.2378962583894591,-0.2852546761750271,-0.4191927610052267,1.475962593537489,-0.599359767458393,-0.2741229572045423,-0.2715149221930298,-0.0544745256991189,-0.1054751099787656,-0.4662053497727551,0,6792609695267291303,TRAIN
-0.40118011873256,-0.5079938642590249,-0.4496293109643878,-0.4686314183190865,-0.3378076683812179,-0.4706406197225452,-0.2963929877022355,-0.3386466567372986,-0.3509324100615936,-0.5809180509977097,-0.3549638210716314,-0.5649659344636314,-0.3732626759153102,-0.3664595109855155,-0.3620028167560174,-0.6484466292680843,-0.4291925214661,-0.4372303481283579,-0.1920223529146078,-0.9241262771572012,-0.2378962583894591,-0.2852780729186127,-0.6579458798781034,1.475962593537489,-0.599359767458393,-0.2741341207742125,-0.2715149221930298,-0.0545096686124699,-0.1054751099787656,-0.4754901282470776,0,15873444851147210944,TRAIN
-0.40118011873256,-0.5079938642590249,-0.4496293109643878,-0.4686314183190865,-0.3378076683812179,-0.4706406197225452,-0.2963929877022355,-0.3386466567372986,-0.3509324100615936,-0.5809180509977097,-0.3549638210716314,-0.5649659344636314,-0.3732626759153102,-0.3664595109855155,-0.3620028167560174,-0.6484466292680843,-0.4291925214661,-0.4372303481283579,-0.1920223529146078,-0.9241262771572012,-0.2378962583894591,-0.2852780729186127,-0.6579458798781034,1.475962593537489,-0.599359767458393,-0.2741341207742125,-0.2715149221930298,-0.0545096686124699,-0.1054751099787656,-0.4754901282470776,0,15873444851147210944,TRAIN
-0.40118011873256,-0.4981113540949978,-0.4465569454251236,-0.4686314183190865,-0.3378076683812179,-0.4676915470807261,-0.2963929877022355,-0.3386466567372986,-0.3509324100615936,-0.5538430523058961,-0.3549638210716314,-0.545372356354676,-0.3732605822866707,-0.3664596337848474,-0.3620028167560174,-0.6484466292680843,-0.429192611062996,-0.4372288286247014,-0.1920223529146078,-0.9241262771572012,-0.2378962583894591,-0.2852665995155082,-0.4191927610052267,1.475962593537489,-0.5124907103264267,-0.2741344428002606,-0.2715149221930298,-0.0544924350684227,-0.1054751099787656,-0.4818428714137194,0,2645769624765857911,TRAIN
-0.40118011873256,-0.4091687626187532,-0.4189056555717458,-0.4548071348901686,-0.3378076683812179,-0.4411498933043543,-0.2963465410176479,-0.3386466567372986,-0.3509324100615936,-0.391393060155015,-0.3549638210716314,-0.4003798783484051,-0.3732570518540628,-0.3664595109855155,-0.3619928566546726,-0.6484466292680843,-0.4291925214661,-0.4372260875592818,-0.1920223529146078,-0.9241262771572012,-0.2378962583894591,-0.2852677993485119,1.0929103251896586,-0.6775239456463912,0.2693308038612708,-0.2741341207742125,-0.2715147448067069,-0.0545096686124699,-0.1054751099787656,-0.4841466134411829,0,2094685658787217629,TRAIN
-0.40118011873256,-0.4981113540949978,-0.4465569454251236,-0.465175347461857,-0.3378076683812179,-0.4676915470807261,-0.2963900847844488,-0.3386466567372986,-0.3509324100615936,-0.5673805516518029,-0.3549638210716314,-0.5532097875982582,-0.3732592686373282,-0.3664595109855155,-0.361996818554317,1.5421469630102351,-0.4291925214661,-0.437227666651317,-0.1920223529146078,-0.3149434550473107,-0.2378962583894591,-0.2852717737953396,-0.5783615069204778,-0.6775239456463912,-0.5124907103264267,-0.2741341207742125,-0.2715146856779326,-0.0545096686124699,-0.1054751099787656,-0.4125909898608774,0,16261496183555883026,TRAIN
-0.40118011873256,-0.4981113540949978,-0.4465569454251236,-0.465175347461857,-0.3378076683812179,-0.4676915470807261,-0.2963900847844488,-0.3386466567372986,-0.3509324100615936,-0.5673805516518029,-0.3549638210716314,-0.5532097875982582,-0.3732604591320448,-0.3664595928517367,-0.3619987813332543,1.5421469630102351,-0.429192581197364,-0.4372286498595654,-0.1920223529146078,-0.3149434550473107,-0.2378962583894591,-0.2852742484509112,-0.5783615069204778,-0.6775239456463912,-0.5124907103264267,-0.2741343354582446,-0.2715148039354812,-0.0545103444377266,-0.1054751099787656,-0.4125909898608774,0,7367513017677381781,TRAIN
-0.40118011873256,-0.5046996942043492,-0.4486051891179664,-0.465175347461857,-0.3378076683812179,-0.4676915470807261,-0.2963900847844488,-0.3386466567372986,-0.3509324100615936,-0.5643722184638236,-0.3549638210716314,-0.5505973105170641,-0.3732613212144258,-0.3664576280624264,-0.3620005630104583,-0.6484466292680843,-0.4291911476470286,-0.4372289775956481,5.2077270423027215,-0.9241262771572012,-0.2378962583894591,-0.2852750733361024,-0.5783615069204778,1.475962593537489,-0.570403415081071,-0.2741291830414737,-0.2715148630642555,-0.0545103444377266,-0.1054751099787656,-0.4840768030767143,0,6838455251038240890,TRAIN
-0.40118011873256,-0.4157571027281046,-0.4209538992645887,-0.4548071348901686,-0.3378076683812179,-0.4431159417322337,-0.2963465410176479,-0.3386466567372986,-0.3509324100615936,-0.4064347260949115,-0.3549638210716314,-0.4134422637543755,-0.3732580781426116,-0.3664594700524048,-0.3619957782173834,-0.6484466292680843,-0.429192491600468,-0.4372254618813056,-0.1920223529146078,-0.9241262771572012,-0.2378962583894591,-0.2852662245676935,0.9337415792744076,-0.6775239456463912,0.2114180991066265,-0.2741340134321964,-0.2715120840118628,-0.0545093306998415,-0.1054751099787656,-0.4841466134411829,0,10823106279071809637,TRAIN
-0.40118011873256,-0.4289337829468075,-0.4250503866502743,-0.4548071348901686,-0.3378076683812179,-0.4470480385879924,-0.2963465410176479,-0.3386466567372986,-0.3509324100615936,-0.4365180579747043,-0.3549638210716314,-0.4395670345663162,-0.3732589402249926,-0.3664576280624264,-0.3619995451898827,-0.6484466292680843,-0.4291911476470286,-0.437224717026572,-0.1920223529146078,2.121787833392251,-0.2378962583894591,-0.285264349828625,0.6154040874439054,-0.6775239456463912,0.095592689597338,-0.2741291830414737,-0.2715120248830885,-0.0544941246315646,-0.1054751099787656,-0.4841466134411829,0,6528262384352755778,TRAIN
-0.40118011873256,-0.5079938642590249,-0.4496293109643878,-0.4686314183190865,-0.3378076683812179,-0.4706406197225452,-0.2963929877022355,-0.3386466567372986,-0.3509324100615936,-0.5809180509977097,-0.3549638210716314,-0.5649659344636314,-0.3732596791527477,-0.3664596337848474,-0.3620028167560174,-0.6484466292680843,-0.429192611062996,-0.4372281731525358,-0.1920223529146078,0.90342218917247,-0.2378962583894591,-0.2852616502043651,-0.6579458798781034,1.475962593537489,-0.599359767458393,-0.2741344428002606,-0.2715149221930298,-0.0544850009905985,-0.1054751099787656,-0.4589450718680217,0,3203679379119800395,TRAIN
-0.40118011873256,-0.4289337829468075,-0.4250503866502743,-0.4548071348901686,-0.3378076683812179,-0.4470480385879924,-0.2963465410176479,-0.3386466567372986,-0.3509324100615936,-0.4365180579747043,-0.3549638210716314,-0.4395670345663162,-0.3732556561016364,-0.3664594700524048,-0.3619904209955393,-0.6484466292680843,-0.429192491600468,-0.4372250447626548,-0.1920223529146078,-0.9241262771572012,-0.2378962583894591,-0.2852651747138162,0.6154040874439054,-0.6775239456463912,0.095592689597338,-0.2741340134321964,-0.2715147448067069,-0.0545096686124699,-0.1054751099787656,-0.4841466134411829,0,17076862295630414021,TRAIN
-0.40118011873256,-0.4981113540949978,-0.4465569454251236,-0.4686314183190865,-0.3378076683812179,-0.4676915470807261,-0.2963929877022355,-0.3386466567372986,-0.3509324100615936,-0.5538430523058961,-0.3549638210716314,-0.545372356354676,-0.3732595970496638,-0.3664596337848474,-0.3620028167560174,-0.6484466292680843,-0.429192611062996,-0.4372281135641572,-0.1920223529146078,-0.9241262771572012,-0.2378962583894591,-0.2852612002669885,-0.4191927610052267,1.475962593537489,-0.5124907103264267,-0.2741344428002606,-0.2715149221930298,-0.0544843251653417,-0.1054751099787656,-0.420339940316891,0,3492594118871351361,TRAIN
-0.40118011873256,-0.290578640650427,-0.3820372691005755,-0.3805016114589457,-0.3378076683812179,-0.4057610216025252,-0.2945053654114149,-0.3386466567372986,-0.3509324100615936,-0.3146805638615435,-0.3549638210716314,-0.3337617127779564,-0.3732564360809335,-0.3664595109855155,-0.3619917661326278,-0.6484466292680843,-0.4291925214661,-0.4372256406464417,-0.1920223529146078,-0.9241262771572012,-0.2378962583894591,-0.285266674505071,0.5358197144862799,-0.6775239456463912,1.3117594894448674,-0.2741341207742125,-0.2715147448067069,-0.0545096686124699,-0.1054751099787656,-0.4841466134411829,0,2948154413744390382,TRAIN
-0.40118011873256,-0.5046996942043492,-0.4486051891179664,-0.465175347461857,-0.3378076683812179,-0.4676915470807261,-0.2963900847844488,-0.3386466567372986,-0.3509324100615936,-0.5643722184638236,-0.3549638210716314,-0.5505973105170641,-0.3732613212144258,-0.3664576280624264,-0.3620005630104583,-0.6484466292680843,-0.4291911476470286,-0.4372289775956481,5.2077270423027215,-0.9241262771572012,-0.2378962583894591,-0.2852750733361024,-0.5783615069204778,1.475962593537489,-0.570403415081071,-0.2741291830414737,-0.2715148630642555,-0.0545103444377266,-0.1054751099787656,-0.4840768030767143,0,6838455251038240890,TRAIN
-0.40118011873256,-0.410815847646091,-0.4194177164949565,-0.4548071348901686,-0.3378076683812179,-0.4416414054113241,-0.2963465410176479,-0.3386466567372986,-0.3509324100615936,-0.3951534766399892,-0.3549638210716314,-0.4036454746998977,-0.373256928699437,-0.3664595109855155,-0.3619926747055669,-0.6484466292680843,-0.4291925214661,-0.4372259683825245,-0.1920223529146078,-0.9241262771572012,-0.2378962583894591,-0.2852674993902615,1.053118138710846,-0.6775239456463912,0.2548526276726097,-0.2741341207742125,-0.2715146856779326,-0.0545096686124699,-0.1054751099787656,-0.4841466134411829,0,16980914154959405299,TRAIN
-0.40118011873256,-0.5079938642590249,-0.4496293109643878,-0.4686314183190865,-0.3378074890106277,-0.4460650143740527,-0.2963929877022355,-0.3386466567372986,-0.3509324100615936,-0.4189308793257164,-0.3549638210716314,-0.4016861168890022,-0.3732625117091424,-0.3664593472530729,-0.3620025997559415,-0.6484466292680843,-0.4291920137503562,-0.437229841627139,-0.1920223529146078,0.90342218917247,-0.2378962583894591,-0.2852783728768637,1.331663444062535,-0.6775239456463912,-0.599359767458393,-0.2741342638969005,-0.2715149221930298,-0.0545103444377266,-0.1054751099787656,-0.4841466134411829,0,3439545459716259957,TRAIN
-0.40118011873256,-0.4981113540949978,-0.4465569454251236,-0.4686314183190865,-0.3378076683812179,-0.4676915470807261,-0.2963929877022355,-0.3386466567372986,-0.3509324100615936,-0.5538430523058961,-0.3549638210716314,-0.545372356354676,-0.3732626759153102,-0.3664596337848474,-0.3620028167560174,-0.6484466292680843,-0.429192611062996,-0.4372303481283579,-0.1920223529146078,-0.9241262771572012,-0.2378962583894591,-0.2852780729186127,-0.4191927610052267,1.475962593537489,-0.5124907103264267,-0.2741344428002606,-0.2715149221930298,-0.0545096686124699,-0.1054751099787656,-0.4766769044430437,0,15564636983479894257,TRAIN
-0.40118011873256,-0.422345442837456,-0.4230021429574315,-0.4548071348901686,-0.3378076683812179,-0.4450819901601131,-0.2963465410176479,-0.3386466567372986,-0.3509324100615936,-0.4214763920348078,-0.3549638210716314,-0.4265046491603458,-0.373256846596353,-0.3664594700524048,-0.3619925293053889,-0.6484466292680843,-0.429192491600468,-0.4372259087941458,-0.1920223529146078,0.90342218917247,-0.2378962583894591,-0.2852673494111352,0.7745728333591564,-0.6775239456463912,0.1535053943519823,-0.2741340134321964,-0.2715147448067069,-0.0545096686124699,-0.1054751099787656,-0.4841466134411829,0,12163802498776694898,TRAIN
-0.40118011873256,-0.5079938642590249,-0.4496293109643878,-0.4686314183190865,-0.3378076683812179,-0.4706406197225452,-0.2963929877022355,-0.3386466567372986,-0.3509324100615936,-0.5809180509977097,-0.3549638210716314,-0.5649659344636314,-0.3732626759153102,-0.3664595109855155,-0.3620028167560174,-0.6484466292680843,-0.4291925214661,-0.4372303481283579,-0.1920223529146078,-0.9241262771572012,-0.2378962583894591,-0.2852780729186127,-0.6579458798781034,1.475962593537489,-0.599359767458393,-0.2741341207742125,-0.2715149221930298,-0.0545096686124699,-0.1054751099787656,-0.4754901282470776,0,15873444851147210944,TRAIN
-0.40118011873256,-0.4981113540949978,-0.4465569454251236,-0.4686314183190865,-0.3378076683812179,-0.4676915470807261,-0.2963929877022355,-0.3386466567372986,-0.3509324100615936,-0.5538430523058961,-0.3549638210716314,-0.545372356354676,-0.3732595970496638,-0.3664596337848474,-0.3620028167560174,-0.6484466292680843,-0.429192611062996,-0.4372281135641572,-0.1920223529146078,-0.9241262771572012,-0.2378962583894591,-0.2852612002669885,-0.4191927610052267,1.475962593537489,-0.5124907103264267,-0.2741344428002606,-0.2715149221930298,-0.0544843251653417,-0.1054751099787656,-0.420339940316891,0,3492594118871351361,TRAIN
-0.40118011873256,-0.5079938642590249,-0.4496293109643878,-0.4686314183190865,-0.3378074890106277,-0.4460650143740527,-0.2963929877022355,-0.3386466567372986,-0.3509324100615936,-0.4189308793257164,-0.3549638210716314,-0.4016861168890022,-0.3732625117091424,-0.3664593472530729,-0.3620025997559415,-0.6484466292680843,-0.4291920137503562,-0.437229841627139,-0.1920223529146078,0.90342218917247,-0.2378962583894591,-0.2852783728768637,1.331663444062535,-0.6775239456463912,-0.599359767458393,-0.2741342638969005,-0.2715149221930298,-0.0545103444377266,-0.1054751099787656,-0.4841466134411829,0,3439545459716259957,TRAIN
-0.40118011873256,-0.5079938642590249,-0.4496293109643878,-0.4686314183190865,-0.3378076683812179,-0.4676915470807261,-0.2963929877022355,-0.3386466567372986,-0.3509324100615936,-0.5538430523058961,-0.3549638210716314,-0.545372356354676,-0.3732584065549472,-0.3664552539420096,-0.3620028167560174,-0.6484466292680843,-0.4291894154403735,-0.4372272495326662,-0.1920223529146078,-0.9241262771572012,-0.2378962583894591,-0.2852546761750271,-0.4191927610052267,1.475962593537489,-0.599359767458393,-0.2741229572045423,-0.2715149221930298,-0.0544745256991189,-0.1054751099787656,-0.4662053497727551,0,6792609695267291303,TRAIN
-0.40118011873256,-0.5079938642590249,-0.4496293109643878,-0.4686314183190865,-0.3378076683812179,-0.4706406197225452,-0.2963929877022355,-0.3386466567372986,-0.3509324100615936,-0.5809180509977097,-0.3549638210716314,-0.5649659344636314,-0.3732613622659678,-0.3664596337848474,-0.3620028167560174,-0.6484466292680843,-0.429192611062996,-0.4372293947142989,-0.1920223529146078,0.90342218917247,-0.2378962583894591,-0.2852708739205863,-0.6579458798781034,1.475962593537489,-0.599359767458393,-0.2741344428002606,-0.2715149221930298,-0.0544988554083619,-0.1054751099787656,-0.4659959186793493,6,5354798063977103372,TRAIN
-0.40118011873256,-0.4981113540949978,-0.4465569454251236,-0.4686314183190865,-0.3378076683812179,-0.4676915470807261,-0.2963929877022355,-0.3386466567372986,-0.3509324100615936,-0.5538430523058961,-0.3549638210716314,-0.545372356354676,-0.3732595970496638,-0.3664596337848474,-0.3620028167560174,-0.6484466292680843,-0.429192611062996,-0.4372281135641572,-0.1920223529146078,-0.9241262771572012,-0.2378962583894591,-0.2852612002669885,-0.4191927610052267,1.475962593537489,-0.5124907103264267,-0.2741344428002606,-0.2715149221930298,-0.0544843251653417,-0.1054751099787656,-0.420339940316891,0,3492594118871351361,TRAIN
-0.40118011873256,-0.3449324465525765,-0.3989352795665286,-0.4202464263178737,-0.3378076683812179,-0.4219809211325302,-0.2958240158160366,-0.3386466567372986,-0.3509324100615936,-0.3349868128804036,-0.3549638210716314,-0.3513959330760163,-0.3732572571117726,-0.3664595109855155,-0.3619943796259524,-0.6484466292680843,-0.4291925214661,-0.4372248659975187,-0.1920223529146078,0.90342218917247,-0.2378962583894591,-0.2852647247764396,1.053118138710846,-0.6775239456463912,0.8339796752190524,-0.2741341207742125,-0.2715120248830885,-0.0545096686124699,-0.1054751099787656,-0.4841466134411829,0,8124634703051358247,TRAIN
-0.40118011873256,-0.2197539844748988,-0.3600186494025155,-0.3580371508877428,-0.3378076683812179,-0.3846260010028217,-0.2934203998886249,-0.3386466567372986,-0.3509324100615936,-0.2116451521732532,-0.3549638210716314,-0.2442843727470595,-0.373256066617056,-0.3664595109855155,-0.361992356583364,-0.6484466292680843,-0.4291925214661,-0.4372240317602171,-0.1920223529146078,0.90342218917247,-0.2378962583894591,-0.2852626250686804,1.212286884626097,-0.6775239456463912,1.934321065557293,-0.2741341207742125,-0.2715120840118628,-0.0545096686124699,-0.1054751099787656,-0.4841466134411829,0,11545514427429683326,TRAIN
-0.40118011873256,-0.5079938642590249,-0.4496293109643878,-0.4686314183190865,-0.3378076683812179,-0.4706406197225452,-0.2963929877022355,-0.3386466567372986,-0.3509324100615936,-0.5809180509977097,-0.3549638210716314,-0.5649659344636314,-0.3732605822866707,-0.3664596337848474,-0.3620028167560174,-0.6484466292680843,-0.429192611062996,-0.4372288286247014,-0.1920223529146078,0.90342218917247,-0.2378962583894591,-0.2852665995155082,-0.6579458798781034,1.475962593537489,-0.599359767458393,-0.2741344428002606,-0.2715149221930298,-0.0544924350684227,-0.1054751099787656,-0.4584563993167415,0,10662515155937001586,TRAIN
-0.40118011873256,-0.5079938642590249,-0.4496293109643878,-0.4686314183190865,-0.3378076683812179,-0.4706406197225452,-0.2963929877022355,-0.3386466567372986,-0.3509324100615936,-0.5809180509977097,-0.3549638210716314,-0.5649659344636314,-0.3732626759153102,-0.3664595109855155,-0.3620028167560174,-0.6484466292680843,-0.4291925214661,-0.4372303481283579,-0.1920223529146078,-0.9241262771572012,-0.2378962583894591,-0.2852780729186127,-0.6579458798781034,1.475962593537489,-0.599359767458393,-0.2741341207742125,-0.2715149221930298,-0.0545096686124699,-0.1054751099787656,-0.4754901282470776,0,15873444851147210944,TRAIN
-0.40118011873256,-0.5079938642590249,-0.4496293109643878,-0.4686314183190865,-0.3378076683812179,-0.4706406197225452,-0.2963929877022355,-0.3386466567372986,-0.3509324100615936,-0.5809180509977097,-0.3549638210716314,-0.5649659344636314,-0.373222855919617,-0.3664198058682011,-0.3620028167560174,-0.6484466292680843,-0.4291635518030735,-0.4372014477646949,-0.1920223529146078,0.90342218917247,-0.2378962583894591,-0.2850598532909394,-0.6579458798781034,1.475962593537489,-0.599359767458393,-0.2740299990186347,-0.2715149221930298,-0.054181893362946,-0.1054751099787656,-0.4665544015950981,1,1497845503681495151,TRAIN
-0.40118011873256,-0.4981113540949978,-0.4465569454251236,-0.4686314183190865,-0.3378076683812179,-0.4676915470807261,-0.2963929877022355,-0.3386466567372986,-0.3509324100615936,-0.5538430523058961,-0.3549638210716314,-0.545372356354676,-0.3732595970496638,-0.3664596337848474,-0.3620028167560174,-0.6484466292680843,-0.429192611062996,-0.4372281135641572,-0.1920223529146078,-0.9241262771572012,-0.2378962583894591,-0.2852612002669885,-0.4191927610052267,1.475962593537489,-0.5124907103264267,-0.2741344428002606,-0.2715149221930298,-0.0544843251653417,-0.1054751099787656,-0.420339940316891,0,3492594118871351361,TRAIN
-0.40118011873256,-0.5079938642590249,-0.4496293109643878,-0.4686314183190865,-0.3378076683812179,-0.4706406197225452,-0.2963929877022355,-0.3386466567372986,-0.3509324100615936,-0.5809180509977097,-0.3549638210716314,-0.5649659344636314,-0.373222855919617,-0.3664198058682011,-0.3620028167560174,-0.6484466292680843,-0.4291635518030735,-0.4372014477646949,-0.1920223529146078,0.90342218917247,-0.2378962583894591,-0.2850598532909394,-0.6579458798781034,1.475962593537489,-0.599359767458393,-0.2740299990186347,-0.2715149221930298,-0.054181893362946,-0.1054751099787656,-0.4665544015950981,1,1497845503681495151,TRAIN
-0.40118011873256,-0.4981113540949978,-0.4465569454251236,-0.4686314183190865,-0.3378076683812179,-0.4676915470807261,-0.2963929877022355,-0.3386466567372986,-0.3509324100615936,-0.5538430523058961,-0.3549638210716314,-0.545372356354676,-0.3732595970496638,-0.3664596337848474,-0.3620028167560174,-0.6484466292680843,-0.429192611062996,-0.4372281135641572,-0.1920223529146078,-0.9241262771572012,-0.2378962583894591,-0.2852612002669885,-0.4191927610052267,1.475962593537489,-0.5124907103264267,-0.2741344428002606,-0.2715149221930298,-0.0544843251653417,-0.1054751099787656,-0.420339940316891,0,3492594118871351361,TRAIN
-0.40118011873256,-0.5079938642590249,-0.4496293109643878,-0.4686314183190865,-0.3378076683812179,-0.4706406197225452,-0.2963929877022355,-0.3386466567372986,-0.3509324100615936,-0.5809180509977097,-0.3549638210716314,-0.5649659344636314,-0.3732570108025209,-0.3664596337848474,-0.3620028167560174,-0.6484466292680843,-0.429192611062996,-0.4372262365302286,-0.1920223529146078,0.90342218917247,-0.2378962583894591,-0.2852470272396241,-0.6579458798781034,1.475962593537489,-0.599359767458393,-0.2741344428002606,-0.2715149221930298,-0.0544630366697541,-0.1054751099787656,-0.4588054511390845,0,7623988293224366087,TRAIN
-0.40118011873256,-0.5079938642590249,-0.4496293109643878,-0.4686314183190865,-0.3378076683812179,-0.4706406197225452,-0.2963929877022355,-0.3386466567372986,-0.3509324100615936,-0.5809180509977097,-0.3549638210716314,-0.5649659344636314,-0.373222855919617,-0.3664198058682011,-0.3620028167560174,-0.6484466292680843,-0.4291635518030735,-0.4372014477646949,-0.1920223529146078,0.90342218917247,-0.2378962583894591,-0.2850598532909394,-0.6579458798781034,1.475962593537489,-0.599359767458393,-0.2740299990186347,-0.2715149221930298,-0.054181893362946,-0.1054751099787656,-0.4665544015950981,1,1497845503681495151,TRAIN
-0.40118011873256,-0.4289337829468075,-0.4250503866502743,-0.4548071348901686,-0.3378076683812179,-0.4470480385879924,-0.2963465410176479,-0.3386466567372986,-0.3509324100615936,-0.4365180579747043,-0.3549638210716314,-0.4395670345663162,-0.3732590633796184,-0.366457668995537,-0.361999690592821,-0.6484466292680843,-0.4291911775126606,-0.4372248659975187,-0.1920223529146078,-0.9241262771572012,-0.2378962583894591,-0.2852647247764396,0.6154040874439054,-0.6775239456463912,0.095592689597338,-0.2741292903834898,-0.2715120840118628,-0.054494462544193,-0.1054751099787656,-0.4841466134411829,0,3745889634849259548,TRAIN
-0.40118011873256,-0.4981113540949978,-0.4465569454251236,-0.4686314183190865,-0.3378076683812179,-0.4676915470807261,-0.2963929877022355,-0.3386466567372986,-0.3509324100615936,-0.5538430523058961,-0.3549638210716314,-0.545372356354676,-0.3732595970496638,-0.3664596337848474,-0.3620028167560174,-0.6484466292680843,-0.429192611062996,-0.4372281135641572,-0.1920223529146078,-0.9241262771572012,-0.2378962583894591,-0.2852612002669885,-0.4191927610052267,1.475962593537489,-0.5124907103264267,-0.2741344428002606,-0.2715149221930298,-0.0544843251653417,-0.1054751099787656,-0.420339940316891,0,3492594118871351361,TRAIN
-0.40118011873256,-0.4981113540949978,-0.4465569454251236,-0.4649883997640792,-0.3378076683812179,-0.4676915470807261,-0.2963897622380282,-0.3386466567372986,-0.3509324100615936,-0.5658763850578132,-0.3549638210716314,-0.554080613293078,-0.3732580370910697,-0.3664596337848474,-0.3620028167560174,1.5421469630102351,-0.429192611062996,-0.4372269813849621,-0.1920223529146078,-0.3149434550473107,-0.2378962583894591,-0.2852526514568322,-0.5783615069204778,-0.6775239456463912,-0.5124907103264267,-0.2741344428002606,-0.2715149221930298,-0.0544714844854635,-0.1054751099787656,-0.4125909898608774,3,14212154446403338436,TRAIN
-0.40118011873256,-0.4981113540949978,-0.4465569454251236,-0.4649883997640792,-0.3378076683812179,-0.4676915470807261,-0.2963897622380282,-0.3386466567372986,-0.3509324100615936,-0.5658763850578132,-0.3549638210716314,-0.554080613293078,-0.3732580370910697,-0.3664596337848474,-0.3620028167560174,1.5421469630102351,-0.429192611062996,-0.4372269813849621,-0.1920223529146078,-0.3149434550473107,-0.2378962583894591,-0.2852526514568322,-0.5783615069204778,-0.6775239456463912,-0.5124907103264267,-0.2741344428002606,-0.2715149221930298,-0.0544714844854635,-0.1054751099787656,-0.4125909898608774,3,14212154446403338436,TRAIN
-0.40118011873256,-0.5079938642590249,-0.4496293109643878,-0.4686314183190865,-0.3378076683812179,-0.4706406197225452,-0.2963929877022355,-0.3386466567372986,-0.3509324100615936,-0.5809180509977097,-0.3549638210716314,-0.5649659344636314,-0.3732618959360131,-0.3664596337848474,-0.3620028167560174,-0.6484466292680843,-0.429192611062996,-0.4372297820387604,-0.1920223529146078,-0.9241262771572012,-0.2378962583894591,-0.2852737985135345,-0.6579458798781034,1.475962593537489,-0.599359767458393,-0.2741344428002606,-0.2715149221930298,-0.0545032482725308,-0.1054751099787656,-0.4766769044430437,0,14662299357843554344,TRAIN
-0.40118011873256,-0.4981113540949978,-0.4465569454251236,-0.4649883997640792,-0.3378076683812179,-0.4676915470807261,-0.2963897622380282,-0.3386466567372986,-0.3509324100615936,-0.5658763850578132,-0.3549638210716314,-0.554080613293078,-0.3732580370910697,-0.3664596337848474,-0.3620028167560174,1.5421469630102351,-0.429192611062996,-0.4372269813849621,-0.1920223529146078,-0.3149434550473107,-0.2378962583894591,-0.2852526514568322,-0.5783615069204778,-0.6775239456463912,-0.5124907103264267,-0.2741344428002606,-0.2715149221930298,-0.0544714844854635,-0.1054751099787656,-0.4125909898608774,3,14212154446403338436,TRAIN
-0.40118011873256,-0.3399911914705629,-0.3973990967968965,-0.4167903554601709,-0.3378076683812179,-0.4205063848116206,-0.2957398312002214,-0.3386466567372986,-0.3509324100615936,-0.3327305629894191,-0.3549638210716314,-0.3494365752651208,-0.3732570929056047,-0.3664594700524048,-0.3619941469723982,-0.6484466292680843,-0.429192491600468,-0.4372247468207614,-0.1920223529146078,0.90342218917247,-0.2378962583894591,-0.2852644248181877,1.013325952232033,-0.6775239456463912,0.8774142037850355,-0.2741340134321964,-0.2715120840118628,-0.0545093306998415,-0.1054751099787656,-0.4841466134411829,0,9510968274302533824,TRAIN
-0.40118011873256,-0.5079938642590249,-0.4496293109643878,-0.4686314183190865,-0.3378074890106277,-0.4460650143740527,-0.2963929877022355,-0.3386466567372986,-0.3509324100615936,-0.4189308793257164,-0.3549638210716314,-0.4016861168890022,-0.3732625117091424,-0.3664593472530729,-0.3620025997559415,-0.6484466292680843,-0.4291920137503562,-0.437229841627139,-0.1920223529146078,0.90342218917247,-0.2378962583894591,-0.2852783728768637,1.331663444062535,-0.6775239456463912,-0.599359767458393,-0.2741342638969005,-0.2715149221930298,-0.0545103444377266,-0.1054751099787656,-0.4841466134411829,0,3439545459716259957,TRAIN
-0.40118011873256,-0.5079938642590249,-0.4496293109643878,-0.4686314183190865,-0.3378076683812179,-0.4676915470807261,-0.2963929877022355,-0.3386466567372986,-0.3509324100615936,-0.5538430523058961,-0.3549638210716314,-0.545372356354676,-0.3732584065549472,-0.3664552539420096,-0.3620028167560174,-0.6484466292680843,-0.4291894154403735,-0.4372272495326662,-0.1920223529146078,-0.9241262771572012,-0.2378962583894591,-0.2852546761750271,-0.4191927610052267,1.475962593537489,-0.599359767458393,-0.2741229572045423,-0.2715149221930298,-0.0544745256991189,-0.1054751099787656,-0.4662053497727551,0,6792609695267291303,TRAIN
-0.40118011873256,-0.4981113540949978,-0.4465569454251236,-0.4649883997640792,-0.3378076683812179,-0.4676915470807261,-0.2963897622380282,-0.3386466567372986,-0.3509324100615936,-0.5658763850578132,-0.3549638210716314,-0.554080613293078,-0.3732580370910697,-0.3664596337848474,-0.3620028167560174,1.5421469630102351,-0.429192611062996,-0.4372269813849621,-0.1920223529146078,-0.3149434550473107,-0.2378962583894591,-0.2852526514568322,-0.5783615069204778,-0.6775239456463912,-0.5124907103264267,-0.2741344428002606,-0.2715149221930298,-0.0544714844854635,-0.1054751099787656,-0.4125909898608774,0,14212154446403338436,TRAIN
-0.40118011873256,-0.5079938642590249,-0.4496293109643878,-0.4686314183190865,-0.3378076683812179,-0.4676915470807261,-0.2963929877022355,-0.3386466567372986,-0.3509324100615936,-0.5538430523058961,-0.3549638210716314,-0.545372356354676,-0.3732584065549472,-0.3664552539420096,-0.3620028167560174,-0.6484466292680843,-0.4291894154403735,-0.4372272495326662,-0.1920223529146078,-0.9241262771572012,-0.2378962583894591,-0.2852546761750271,-0.4191927610052267,1.475962593537489,-0.599359767458393,-0.2741229572045423,-0.2715149221930298,-0.0544745256991189,-0.1054751099787656,-0.4662053497727551,0,6792609695267291303,TRAIN
-0.40118011873256,-0.5079938642590249,-0.4496293109643878,-0.4686314183190865,-0.3378076683812179,-0.4706406197225452,-0.2963929877022355,-0.3386466567372986,-0.3509324100615936,-0.5809180509977097,-0.3549638210716314,-0.5649659344636314,-0.3732626759153102,-0.3664595109855155,-0.3620028167560174,-0.6484466292680843,-0.4291925214661,-0.4372303481283579,-0.1920223529146078,-0.9241262771572012,-0.2378962583894591,-0.2852780729186127,-0.6579458798781034,1.475962593537489,-0.599359767458393,-0.2741341207742125,-0.2715149221930298,-0.0545096686124699,-0.1054751099787656,-0.4754901282470776,0,15873444851147210944,TRAIN
-0.40118011873256,-0.1192817978072892,-0.3287829330866629,-0.3027400171704935,-0.3378076683812179,-0.3546437624776609,-0.2897046651216116,-0.3386466567372986,-0.3509324100615936,-0.1266597396128386,-0.3549638210716314,-0.1704818952033271,-0.3732549992769652,-0.3664595109855155,-0.3619892215811893,-0.6484466292680843,-0.4291925214661,-0.4372245978498146,-0.1920223529146078,-0.9241262771572012,-0.2378962583894591,-0.2852640498703739,1.0929103251896586,-0.6775239456463912,2.817489813065618,-0.2741341207742125,-0.2715147448067069,-0.0545096686124699,-0.1054751099787656,-0.4841466134411829,0,659485523058098361,TRAIN
-0.40118011873256,-0.290578640650427,-0.3820372691005755,-0.3805016114518471,-0.3378076683812179,-0.4057610216025252,-0.2945053654114149,-0.3386466567372986,-0.3509324100615936,-0.3146805638615435,-0.3549638210716314,-0.3337617127779564,-0.3732549992769652,-0.3664595109855155,-0.361989257785741,-0.6484466292680843,-0.4291925214661,-0.4372245680556253,-0.1920223529146078,-0.9241262771572012,-0.2378962583894591,-0.2852639748808103,0.5358197144862799,-0.6775239456463912,1.3117594894448674,-0.2741341207742125,-0.2715146856779326,-0.0545096686124699,-0.1054751099787656,-0.4841466134411829,0,8070352391376601223,TRAIN
-0.40118011873256,-0.5079938642590249,-0.4496293109643878,-0.4686314183190865,-0.3378076683812179,-0.4706406197225452,-0.2963929877022355,-0.3386466567372986,-0.3509324100615936,-0.5809180509977097,-0.3549638210716314,-0.5649659344636314,-0.373222855919617,-0.3664198058682011,-0.3620028167560174,-0.6484466292680843,-0.4291635518030735,-0.4372014477646949,-0.1920223529146078,0.90342218917247,-0.2378962583894591,-0.2850598532909394,-0.6579458798781034,1.475962593537489,-0.599359767458393,-0.2740299990186347,-0.2715149221930298,-0.054181893362946,-0.1054751099787656,-0.4665544015950981,1,1497845503681495151,TRAIN
-0.40118011873256,-0.4701109086302541,-0.4378519097305417,-0.4686314183190865,-0.3378076683812179,-0.4593358412622387,-0.2963929877022355,-0.3386466567372986,-0.3509324100615936,-0.4944284718433053,-0.3549638210716314,-0.489857218379302,-0.3732559434624301,-0.3664595928517367,-0.3619907844980565,-0.6484466292680843,-0.429192581197364,-0.4372253724987376,-0.1920223529146078,0.90342218917247,-0.2378962583894591,-0.2852659995990053,0.2572744091345904,-0.6775239456463912,-0.2663617151191885,-0.2741343354582446,-0.2715148039354812,-0.0545103444377266,-0.1054751099787656,-0.4841466134411829,0,5630409114468221105,TRAIN
-0.40118011873256,-0.4981113540949978,-0.4465569454251236,-0.4686314183190865,-0.3378076683812179,-0.4676915470807261,-0.2963929877022355,-0.3386466567372986,-0.3509324100615936,-0.5538430523058961,-0.3549638210716314,-0.545372356354676,-0.3732605822866707,-0.3664596337848474,-0.3620028167560174,-0.6484466292680843,-0.429192611062996,-0.4372288286247014,-0.1920223529146078,-0.9241262771572012,-0.2378962583894591,-0.2852665995155082,-0.4191927610052267,1.475962593537489,-0.5124907103264267,-0.2741344428002606,-0.2715149221930298,-0.0544924350684227,-0.1054751099787656,-0.4818428714137194,0,2645769624765857911,TRAIN
-0.40118011873256,-0.4981113540949978,-0.4465569454251236,-0.465175347461857,-0.3378076683812179,-0.4676915470807261,-0.2963900847844488,-0.3386466567372986,-0.3509324100615936,-0.5673805516518029,-0.3549638210716314,-0.5532097875982582,-0.3732592686373282,-0.3664595109855155,-0.361996818554317,1.5421469630102351,-0.4291925214661,-0.437227666651317,-0.1920223529146078,-0.3149434550473107,-0.2378962583894591,-0.2852717737953396,-0.5783615069204778,-0.6775239456463912,-0.5124907103264267,-0.2741341207742125,-0.2715146856779326,-0.0545096686124699,-0.1054751099787656,-0.4125909898608774,0,16261496183555883026,TRAIN
-0.40118011873256,-0.4981113540949978,-0.4465569454251236,-0.465175347461857,-0.3378076683812179,-0.4676915470807261,-0.2963900847844488,-0.3386466567372986,-0.3509324100615936,-0.5673805516518029,-0.3549638210716314,-0.5532097875982582,-0.3732609106990063,-0.3664576280624264,-0.361999690592821,1.5421469630102351,-0.4291911476470286,-0.4372276070629383,-0.1920223529146078,-0.3149434550473107,-0.2378962583894591,-0.2852716238162133,-0.5783615069204778,-0.6775239456463912,-0.5124907103264267,-0.2741291830414737,-0.2715120248830885,-0.0545096686124699,-0.1054751099787656,-0.4125909898608774,0,15373769209021726958,TRAIN
-0.40118011873256,-0.5079938642590249,-0.4496293109643878,-0.4441805820546621,-0.3378073739796201,-0.4554037444064799,-0.2962476906192643,-0.3386466567372986,-0.3509324100615936,-0.5498319413986182,-0.3549638210716314,-0.5396575627395639,-0.3732626348637682,-0.3664594700524048,-0.3620024605930089,-0.6484466292680843,-0.429192491600468,-0.4372303183341686,-0.1920223529146078,0.90342218917247,-0.2378962583894591,-0.285278297887301,-0.6579458798781034,1.475962593537489,-0.599359767458393,-0.2741342281162285,-0.2715149221930298,-0.054510682350355,-0.1054751099787656,-0.4799579915730674,0,10468070615587225815,TRAIN
-0.40118011873256,-0.4981113540949978,-0.4465569454251236,-0.4686314183190865,-0.3378076683812179,-0.4676915470807261,-0.2963929877022355,-0.3386466567372986,-0.3509324100615936,-0.5538430523058961,-0.3549638210716314,-0.545372356354676,-0.3732614443690517,-0.3664596337848474,-0.3620028167560174,-0.6484466292680843,-0.429192611062996,-0.4372294543026776,-0.1920223529146078,-0.9241262771572012,-0.2378962583894591,-0.285271323857963,-0.4191927610052267,1.475962593537489,-0.5124907103264267,-0.2741344428002606,-0.2715149221930298,-0.0544995312336186,-0.1054751099787656,-0.4752108867892033,0,4727452443563130936,TRAIN
-0.40118011873256,-0.5079938642590249,-0.4496293109643878,-0.4686314183190865,-0.3378076683812179,-0.4706406197225452,-0.2963929877022355,-0.3386466567372986,-0.3509324100615936,-0.5809180509977097,-0.3549638210716314,-0.5649659344636314,-0.3732626759153102,-0.3664595109855155,-0.3620028167560174,-0.6484466292680843,-0.4291925214661,-0.4372303481283579,-0.1920223529146078,-0.9241262771572012,-0.2378962583894591,-0.2852780729186127,-0.6579458798781034,1.475962593537489,-0.599359767458393,-0.2741341207742125,-0.2715149221930298,-0.0545096686124699,-0.1054751099787656,-0.4754901282470776,0,15873444851147210944,TRAIN
-0.40118011873256,-0.5079938642590249,-0.4496293109643878,-0.4686314183190865,-0.3378076683812179,-0.4706406197225452,-0.2963929877022355,-0.3386466567372986,-0.3509324100615936,-0.5809180509977097,-0.3549638210716314,-0.5649659344636314,-0.3732576676271921,-0.3664596337848474,-0.3620028167560174,-0.6484466292680843,-0.429192611062996,-0.437226713237258,-0.1920223529146078,0.90342218917247,-0.2378962583894591,-0.2852506267386372,-0.6579458798781034,1.475962593537489,-0.599359767458393,-0.2741344428002606,-0.2715149221930298,-0.0544684432718081,-0.1054751099787656,-0.4758391800694206,0,17825707029813657653,TRAIN
-0.40118011873256,-0.5079938642590249,-0.4496293109643878,-0.4686314183190865,-0.3378074890106277,-0.4460650143740527,-0.2963929877022355,-0.3386466567372986,-0.3509324100615936,-0.4189308793257164,-0.3549638210716314,-0.4016861168890022,-0.3732625117091424,-0.3664593472530729,-0.3620025997559415,-0.6484466292680843,-0.4291920137503562,-0.437229841627139,-0.1920223529146078,0.90342218917247,-0.2378962583894591,-0.2852783728768637,1.331663444062535,-0.6775239456463912,-0.599359767458393,-0.2741342638969005,-0.2715149221930298,-0.0545103444377266,-0.1054751099787656,-0.4841466134411829,0,3439545459716259957,TRAIN
-0.40118011873256,-0.5079938642590249,-0.4496293109643878,-0.4686314183190865,-0.3378076683812179,-0.4706406197225452,-0.2963929877022355,-0.3386466567372986,-0.3509324100615936,-0.5809180509977097,-0.3549638210716314,-0.5649659344636314,-0.373222855919617,-0.3664198058682011,-0.3620028167560174,-0.6484466292680843,-0.4291635518030735,-0.4372014477646949,-0.1920223529146078,0.90342218917247,-0.2378962583894591,-0.2850598532909394,-0.6579458798781034,1.475962593537489,-0.599359767458393,-0.2740299990186347,-0.2715149221930298,-0.054181893362946,-0.1054751099787656,-0.4665544015950981,1,1497845503681495151,TRAIN
-0.40118011873256,-0.5079938642590249,-0.4496293109643878,-0.4686314183190865,-0.3378076683812179,-0.4706406197225452,-0.2963929877022355,-0.3386466567372986,-0.3509324100615936,-0.5809180509977097,-0.3549638210716314,-0.5649659344636314,-0.373222855919617,-0.3664198058682011,-0.3620028167560174,-0.6484466292680843,-0.4291635518030735,-0.4372014477646949,-0.1920223529146078,0.90342218917247,-0.2378962583894591,-0.2850598532909394,-0.6579458798781034,1.475962593537489,-0.599359767458393,-0.2740299990186347,-0.2715149221930298,-0.054181893362946,-0.1054751099787656,-0.4665544015950981,1,1497845503681495151,TRAIN
-0.40118011873256,-0.4981113540949978,-0.4465569454251236,-0.465175347461857,-0.3378076683812179,-0.4676915470807261,-0.2963900847844488,-0.3386466567372986,-0.3509324100615936,-0.5673805516518029,-0.3549638210716314,-0.5532097875982582,-0.3732604591320448,-0.3664595928517367,-0.3619987813332543,1.5421469630102351,-0.429192581197364,-0.4372286498595654,-0.1920223529146078,-0.3149434550473107,-0.2378962583894591,-0.2852742484509112,-0.5783615069204778,-0.6775239456463912,-0.5124907103264267,-0.2741343354582446,-0.2715148039354812,-0.0545103444377266,-0.1054751099787656,-0.4125909898608774,0,7367513017677381781,TRAIN
-0.40118011873256,-0.4981113540949978,-0.4465569454251236,-0.4686314183190865,-0.3378076683812179,-0.4676915470807261,-0.2963929877022355,-0.3386466567372986,-0.3509324100615936,-0.5538430523058961,-0.3549638210716314,-0.545372356354676,-0.3732595970496638,-0.3664596337848474,-0.3620028167560174,-0.6484466292680843,-0.429192611062996,-0.4372281135641572,-0.1920223529146078,-0.9241262771572012,-0.2378962583894591,-0.2852612002669885,-0.4191927610052267,1.475962593537489,-0.5124907103264267,-0.2741344428002606,-0.2715149221930298,-0.0544843251653417,-0.1054751099787656,-0.420339940316891,0,3492594118871351361,TRAIN
-0.40118011873256,-0.4981113540949978,-0.4465569454251236,-0.4686314183190865,-0.3378076683812179,-0.4676915470807261,-0.2963929877022355,-0.3386466567372986,-0.3509324100615936,-0.5538430523058961,-0.3549638210716314,-0.545372356354676,-0.3732605822866707,-0.3664596337848474,-0.3620028167560174,-0.6484466292680843,-0.429192611062996,-0.4372288286247014,-0.1920223529146078,-0.9241262771572012,-0.2378962583894591,-0.2852665995155082,-0.4191927610052267,1.475962593537489,-0.5124907103264267,-0.2741344428002606,-0.2715149221930298,-0.0544924350684227,-0.1054751099787656,-0.4818428714137194,0,2645769624765857911,TRAIN
-0.40118011873256,-0.5079938642590249,-0.4496293109643878,-0.4686314183190865,-0.3378076683812179,-0.4706406197225452,-0.2963929877022355,-0.3386466567372986,-0.3509324100615936,-0.5809180509977097,-0.3549638210716314,-0.5649659344636314,-0.373222855919617,-0.3664198058682011,-0.3620028167560174,-0.6484466292680843,-0.4291635518030735,-0.4372014477646949,-0.1920223529146078,0.90342218917247,-0.2378962583894591,-0.2850598532909394,-0.6579458798781034,1.475962593537489,-0.599359767458393,-0.2740299990186347,-0.2715149221930298,-0.054181893362946,-0.1054751099787656,-0.4665544015950981,1,1497845503681495151,TRAIN
-0.40118011873256,-0.5079938642590249,-0.4496293109643878,-0.4686314183190865,-0.3378076683812179,-0.4676915470807261,-0.2963929877022355,-0.3386466567372986,-0.3509324100615936,-0.5538430523058961,-0.3549638210716314,-0.545372356354676,-0.3732620601421809,-0.366458896988856,-0.3620028167560174,-0.6484466292680843,-0.4291920734816202,-0.4372299012155178,-0.1920223529146078,-0.9241262771572012,-0.2378962583894591,-0.2852746983882878,-0.4191927610052267,1.475962593537489,-0.599359767458393,-0.2741325106439716,-0.2715149221930298,-0.0545045999230443,-0.1054751099787656,-0.4662751601372237,0,14360694348866125941,TRAIN
-0.40118011873256,-0.5079938642590249,-0.4496293109643878,-0.4686314183190865,-0.3378074890106277,-0.4460650143740527,-0.2963929877022355,-0.3386466567372986,-0.3509324100615936,-0.4189308793257164,-0.3549638210716314,-0.4016861168890022,-0.3732625117091424,-0.3664593472530729,-0.3620025997559415,-0.6484466292680843,-0.4291920137503562,-0.437229841627139,-0.1920223529146078,0.90342218917247,-0.2378962583894591,-0.2852783728768637,1.331663444062535,-0.6775239456463912,-0.599359767458393,-0.2741342638969005,-0.2715149221930298,-0.0545103444377266,-0.1054751099787656,-0.4841466134411829,0,3439545459716259957,TRAIN
-0.40118011873256,-0.4981113540949978,-0.4465569454251236,-0.4686314183190865,-0.3378076683812179,-0.4676915470807261,-0.2963929877022355,-0.3386466567372986,-0.3509324100615936,-0.5538430523058961,-0.3549638210716314,-0.545372356354676,-0.3732595970496638,-0.3664596337848474,-0.3620028167560174,-0.6484466292680843,-0.429192611062996,-0.4372281135641572,-0.1920223529146078,-0.9241262771572012,-0.2378962583894591,-0.2852612002669885,-0.4191927610052267,1.475962593537489,-0.5124907103264267,-0.2741344428002606,-0.2715149221930298,-0.0544843251653417,-0.1054751099787656,-0.420339940316891,0,3492594118871351361,TRAIN
-0.40118011873256,-0.4981113540949978,-0.4465569454251236,-0.4686314183190865,-0.3378076683812179,-0.4676915470807261,-0.2963929877022355,-0.3386466567372986,-0.3509324100615936,-0.5538430523058961,-0.3549638210716314,-0.545372356354676,-0.3732614443690517,-0.3664596337848474,-0.3620028167560174,-0.6484466292680843,-0.429192611062996,-0.4372294543026776,-0.1920223529146078,-0.9241262771572012,-0.2378962583894591,-0.285271323857963,-0.4191927610052267,1.475962593537489,-0.5124907103264267,-0.2741344428002606,-0.2715149221930298,-0.0544995312336186,-0.1054751099787656,-0.4752108867892033,0,4727452443563130936,TRAIN
-0.40118011873256,-0.5079938642590249,-0.4496293109643878,-0.4686314183190865,-0.3378076683812179,-0.4706406197225452,-0.2963929877022355,-0.3386466567372986,-0.3509324100615936,-0.5809180509977097,-0.3549638210716314,-0.5649659344636314,-0.373222855919617,-0.3664198058682011,-0.3620028167560174,-0.6484466292680843,-0.4291635518030735,-0.4372014477646949,-0.1920223529146078,0.90342218917247,-0.2378962583894591,-0.2850598532909394,-0.6579458798781034,1.475962593537489,-0.599359767458393,-0.2740299990186347,-0.2715149221930298,-0.054181893362946,-0.1054751099787656,-0.4665544015950981,1,1497845503681495151,TRAIN
-0.40118011873256,-0.5079938642590249,-0.4496293109643878,-0.4686314183190865,-0.3378074890106277,-0.4460650143740527,-0.2963929877022355,-0.3386466567372986,-0.3509324100615936,-0.4189308793257164,-0.3549638210716314,-0.4016861168890022,-0.3732625117091424,-0.3664593472530729,-0.3620025997559415,-0.6484466292680843,-0.4291920137503562,-0.437229841627139,-0.1920223529146078,0.90342218917247,-0.2378962583894591,-0.2852783728768637,1.331663444062535,-0.6775239456463912,-0.599359767458393,-0.2741342638969005,-0.2715149221930298,-0.0545103444377266,-0.1054751099787656,-0.4841466134411829,0,3439545459716259957,TRAIN
-0.40118011873256,-0.4981113540949978,-0.4465569454251236,-0.4686314183190865,-0.3378076683812179,-0.4676915470807261,-0.2963929877022355,-0.3386466567372986,-0.3509324100615936,-0.5538430523058961,-0.3549638210716314,-0.545372356354676,-0.3732605822866707,-0.3664596337848474,-0.3620028167560174,-0.6484466292680843,-0.429192611062996,-0.4372288286247014,-0.1920223529146078,-0.9241262771572012,-0.2378962583894591,-0.2852665995155082,-0.4191927610052267,1.475962593537489,-0.5124907103264267,-0.2741344428002606,-0.2715149221930298,-0.0544924350684227,-0.1054751099787656,-0.4818428714137194,0,2645769624765857911,TRAIN
-0.40118011873256,-0.5079938642590249,-0.4496293109643878,-0.4686314183190865,-0.3378076683812179,-0.4706406197225452,-0.2963929877022355,-0.3386466567372986,-0.3509324100615936,-0.5809180509977097,-0.3549638210716314,-0.5649659344636314,-0.373222855919617,-0.3664198058682011,-0.3620028167560174,-0.6484466292680843,-0.4291635518030735,-0.4372014477646949,-0.1920223529146078,0.90342218917247,-0.2378962583894591,-0.2850598532909394,-0.6579458798781034,1.475962593537489,-0.599359767458393,-0.2740299990186347,-0.2715149221930298,-0.054181893362946,-0.1054751099787656,-0.4665544015950981,1,1497845503681495151,TRAIN
-0.40118011873256,-0.5079938642590249,-0.4496293109643878,-0.4686314183190865,-0.3378076683812179,-0.4676915470807261,-0.2963929877022355,-0.3386466567372986,-0.3509324100615936,-0.5538430523058961,-0.3549638210716314,-0.545372356354676,-0.3732584065549472,-0.3664552539420096,-0.3620028167560174,-0.6484466292680843,-0.4291894154403735,-0.4372272495326662,-0.1920223529146078,-0.9241262771572012,-0.2378962583894591,-0.2852546761750271,-0.4191927610052267,1.475962593537489,-0.599359767458393,-0.2741229572045423,-0.2715149221930298,-0.0544745256991189,-0.1054751099787656,-0.4662053497727551,0,6792609695267291303,TRAIN
-0.40118011873256,-0.5079938642590249,-0.4496293109643878,-0.4686314183190865,-0.3378074890106277,-0.4460650143740527,-0.2963929877022355,-0.3386466567372986,-0.3509324100615936,-0.4189308793257164,-0.3549638210716314,-0.4016861168890022,-0.3732625117091424,-0.3664593472530729,-0.3620025997559415,-0.6484466292680843,-0.4291920137503562,-0.437229841627139,-0.1920223529146078,0.90342218917247,-0.2378962583894591,-0.2852783728768637,1.331663444062535,-0.6775239456463912,-0.599359767458393,-0.2741342638969005,-0.2715149221930298,-0.0545103444377266,-0.1054751099787656,-0.4841466134411829,0,3439545459716259957,TRAIN
-0.40118011873256,-0.5079938642590249,-0.4496293109643878,-0.4686314183190865,-0.3378076683812179,-0.4706406197225452,-0.2963929877022355,-0.3386466567372986,-0.3509324100615936,-0.5809180509977097,-0.3549638210716314,-0.5649659344636314,-0.373222855919617,-0.3664198058682011,-0.3620028167560174,-0.6484466292680843,-0.4291635518030735,-0.4372014477646949,-0.1920223529146078,0.90342218917247,-0.2378962583894591,-0.2850598532909394,-0.6579458798781034,1.475962593537489,-0.599359767458393,-0.2740299990186347,-0.2715149221930298,-0.054181893362946,-0.1054751099787656,-0.4665544015950981,1,1497845503681495151,TRAIN
-0.40118011873256,-0.5079938642590249,-0.4496293109643878,-0.4686314183190865,-0.3378076683812179,-0.4676915470807261,-0.2963929877022355,-0.3386466567372986,-0.3509324100615936,-0.5538430523058961,-0.3549638210716314,-0.545372356354676,-0.3732584065549472,-0.3664552539420096,-0.3620028167560174,-0.6484466292680843,-0.4291894154403735,-0.4372272495326662,-0.1920223529146078,-0.9241262771572012,-0.2378962583894591,-0.2852546761750271,-0.4191927610052267,1.475962593537489,-0.599359767458393,-0.2741229572045423,-0.2715149221930298,-0.0544745256991189,-0.1054751099787656,-0.4662053497727551,0,6792609695267291303,TRAIN
-0.40118011873256,-0.5079938642590249,-0.4496293109643878,-0.4349334966888188,-0.3378076683812179,-0.4524546717646608,-0.2961170089210034,-0.3386466567372986,-0.3509324100615936,-0.4696097230424763,-0.3549638210716314,-0.4844145577825957,-0.3732610338536322,-0.3664578736610901,-0.3620028167560174,-0.6484466292680843,-0.4291913268408205,-0.4372291563607842,-0.1920223529146078,0.90342218917247,-0.2378962583894591,-0.2852690741710798,-0.6579458798781034,1.475962593537489,-0.599359767458393,-0.2741298270935701,-0.2715149221930298,-0.0544961521073349,-0.1054751099787656,-0.462645021184857,0,16927526917322834111,TRAIN
-0.40118011873256,-0.4981113540949978,-0.4465569454251236,-0.4686314183190865,-0.3378076683812179,-0.4676915470807261,-0.2963929877022355,-0.3386466567372986,-0.3509324100615936,-0.5538430523058961,-0.3549638210716314,-0.545372356354676,-0.3732612391113419,-0.3664596337848474,-0.3620028167560174,-0.6484466292680843,-0.429192611062996,-0.4372293053317309,-0.1920223529146078,-0.9241262771572012,-0.2378962583894591,-0.2852701990145214,-0.4191927610052267,1.475962593537489,-0.5124907103264267,-0.2741344428002606,-0.2715149221930298,-0.0544978416704768,-0.1054751099787656,-0.481912681778188,0,1085546133084963025,TRAIN
-0.40118011873256,-0.4981113540949978,-0.4465569454251236,-0.465175347461857,-0.3378076683812179,-0.4676915470807261,-0.2963900847844488,-0.3386466567372986,-0.3509324100615936,-0.5673805516518029,-0.3549638210716314,-0.5532097875982582,-0.3732592686373282,-0.3664595109855155,-0.361996818554317,1.5421469630102351,-0.4291925214661,-0.437227666651317,-0.1920223529146078,-0.3149434550473107,-0.2378962583894591,-0.2852717737953396,-0.5783615069204778,-0.6775239456463912,-0.5124907103264267,-0.2741341207742125,-0.2715146856779326,-0.0545096686124699,-0.1054751099787656,-0.4125909898608774,0,16261496183555883026,TRAIN
-0.40118011873256,-0.5079938642590249,-0.4496293109643878,-0.4686314183190865,-0.3378076683812179,-0.4706406197225452,-0.2963929877022355,-0.3386466567372986,-0.3509324100615936,-0.5809180509977097,-0.3549638210716314,-0.5649659344636314,-0.3732608285959224,-0.3664596337848474,-0.3620028167560174,-0.6484466292680843,-0.429192611062996,-0.4372290073898375,-0.1920223529146078,0.90342218917247,-0.2378962583894591,-0.2852679493276381,-0.6579458798781034,1.475962593537489,-0.599359767458393,-0.2741344428002606,-0.2715149221930298,-0.054494462544193,-0.1054751099787656,-0.4208984232326397,0,15508384312669765716,TRAIN
-0.40118011873256,-0.4981113540949978,-0.4465569454251236,-0.4686314183190865,-0.3378076683812179,-0.4676915470807261,-0.2963929877022355,-0.3386466567372986,-0.3509324100615936,-0.5538430523058961,-0.3549638210716314,-0.545372356354676,-0.3732609517505482,-0.3664596337848474,-0.3620028167560174,-0.6484466292680843,-0.429192611062996,-0.4372290967724055,-0.1920223529146078,-0.9241262771572012,-0.2378962583894591,-0.2852686242337031,-0.4191927610052267,1.475962593537489,-0.5124907103264267,-0.2741344428002606,-0.2715149221930298,-0.0544954762820781,-0.1054751099787656,-0.4639714181097602,0,8146268394037051501,TRAIN
-0.40118011873256,-0.5079938642590249,-0.4496293109643878,-0.4686314183190865,-0.3378074890106277,-0.4460650143740527,-0.2963929877022355,-0.3386466567372986,-0.3509324100615936,-0.4189308793257164,-0.3549638210716314,-0.4016861168890022,-0.3732625117091424,-0.3664593472530729,-0.3620025997559415,-0.6484466292680843,-0.4291920137503562,-0.437229841627139,-0.1920223529146078,0.90342218917247,-0.2378962583894591,-0.2852783728768637,1.331663444062535,-0.6775239456463912,-0.599359767458393,-0.2741342638969005,-0.2715149221930298,-0.0545103444377266,-0.1054751099787656,-0.4841466134411829,0,3439545459716259957,TRAIN
-0.40118011873256,-0.5079938642590249,-0.4496293109643878,-0.4686314183190865,-0.3378076683812179,-0.4676915470807261,-0.2963929877022355,-0.3386466567372986,-0.3509324100615936,-0.5538430523058961,-0.3549638210716314,-0.545372356354676,-0.3732607875443804,-0.3664576280624264,-0.3620028167560174,-0.6484466292680843,-0.4291911476470286,-0.4372289775956481,-0.1920223529146078,-0.9241262771572012,-0.2378962583894591,-0.2852677243589498,-0.4191927610052267,1.475962593537489,-0.599359767458393,-0.2741291830414737,-0.2715149221930298,-0.0544941246315646,-0.1054751099787656,-0.4569205712984325,0,14427947703314153551,TRAIN
-0.40118011873256,-0.5079938642590249,-0.4496293109643878,-0.4686314183190865,-0.3378076683812179,-0.4706406197225452,-0.2963929877022355,-0.3386466567372986,-0.3509324100615936,-0.5809180509977097,-0.3549638210716314,-0.5649659344636314,-0.3732626759153102,-0.3664595109855155,-0.3620028167560174,-0.6484466292680843,-0.4291925214661,-0.4372303481283579,-0.1920223529146078,-0.9241262771572012,-0.2378962583894591,-0.2852780729186127,-0.6579458798781034,1.475962593537489,-0.599359767458393,-0.2741341207742125,-0.2715149221930298,-0.0545096686124699,-0.1054751099787656,-0.4754901282470776,0,15873444851147210944,TRAIN
-0.40118011873256,-0.3531678716892658,-0.4014955841825821,-0.4254305325958305,-0.3378076683812179,-0.4244384816673794,-0.2959394067980591,-0.3386466567372986,-0.3509324100615936,-0.3402513959593674,-0.3549638210716314,-0.355967767968106,-0.3732555739985526,-0.3664595109855155,-0.3619902755944534,-0.6484466292680843,-0.4291925214661,-0.4372249851742761,-0.1920223529146078,0.90342218917247,-0.2378962583894591,-0.2852650247346899,1.0929103251896586,-0.6775239456463912,0.761588794275747,-0.2741341207742125,-0.2715146856779326,-0.0545096686124699,-0.1054751099787656,-0.4841466134411829,0,14689578513408458881,TRAIN
-0.40118011873256,-0.5079938642590249,-0.4496293109643878,-0.4686314183190865,-0.3378074890106277,-0.4460650143740527,-0.2963929877022355,-0.3386466567372986,-0.3509324100615936,-0.4189308793257164,-0.3549638210716314,-0.4016861168890022,-0.3732625117091424,-0.3664593472530729,-0.3620025997559415,-0.6484466292680843,-0.4291920137503562,-0.437229841627139,-0.1920223529146078,0.90342218917247,-0.2378962583894591,-0.2852783728768637,1.331663444062535,-0.6775239456463912,-0.599359767458393,-0.2741342638969005,-0.2715149221930298,-0.0545103444377266,-0.1054751099787656,-0.4841466134411829,0,3439545459716259957,TRAIN
-0.40118011873256,-0.5079938642590249,-0.4496293109643878,-0.4686314183190865,-0.3378076683812179,-0.4706406197225452,-0.2963929877022355,-0.3386466567372986,-0.3509324100615936,-0.5809180509977097,-0.3549638210716314,-0.5649659344636314,-0.3732608285959224,-0.3664596337848474,-0.3620028167560174,-0.6484466292680843,-0.429192611062996,-0.4372290073898375,-0.1920223529146078,0.90342218917247,-0.2378962583894591,-0.2852679493276381,-0.6579458798781034,1.475962593537489,-0.599359767458393,-0.2741344428002606,-0.2715149221930298,-0.054494462544193,-0.1054751099787656,-0.4208984232326397,0,15508384312669765716,TRAIN
-0.40118011873256,-0.5079938642590249,-0.4496293109643878,-0.4686314183190865,-0.3378076683812179,-0.4706406197225452,-0.2963929877022355,-0.3386466567372986,-0.3509324100615936,-0.5809180509977097,-0.3549638210716314,-0.5649659344636314,-0.3732626759153102,-0.3664595109855155,-0.3620028167560174,-0.6484466292680843,-0.4291925214661,-0.4372303481283579,-0.1920223529146078,-0.9241262771572012,-0.2378962583894591,-0.2852780729186127,-0.6579458798781034,1.475962593537489,-0.599359767458393,-0.2741341207742125,-0.2715149221930298,-0.0545096686124699,-0.1054751099787656,-0.4754901282470776,0,15873444851147210944,TRAIN
-0.40118011873256,-0.5079938642590249,-0.4496293109643878,-0.4686314183190865,-0.3378074890106277,-0.4460650143740527,-0.2963929877022355,-0.3386466567372986,-0.3509324100615936,-0.4189308793257164,-0.3549638210716314,-0.4016861168890022,-0.3732625117091424,-0.3664593472530729,-0.3620025997559415,-0.6484466292680843,-0.4291920137503562,-0.437229841627139,-0.1920223529146078,0.90342218917247,-0.2378962583894591,-0.2852783728768637,1.331663444062535,-0.6775239456463912,-0.599359767458393,-0.2741342638969005,-0.2715149221930298,-0.0545103444377266,-0.1054751099787656,-0.4841466134411829,0,3439545459716259957,TRAIN
-0.40118011873256,-0.4289337829468075,-0.4250503866502743,-0.4548071348901686,-0.3378076683812179,-0.4470480385879924,-0.2963465410176479,-0.3386466567372986,-0.3509324100615936,-0.4365180579747043,-0.3549638210716314,-0.4395670345663162,-0.3732581191941536,-0.3664594700524048,-0.3619958449921115,-0.6484466292680843,-0.429192491600468,-0.4372254916754949,-0.1920223529146078,0.90342218917247,-0.2378962583894591,-0.2852662995572578,0.6154040874439054,-0.6775239456463912,0.095592689597338,-0.2741340134321964,-0.2715120840118628,-0.0545093306998415,-0.1054751099787656,-0.4841466134411829,0,8562596694476980318,TRAIN
-0.40118011873256,-0.4981113540949978,-0.4465569454251236,-0.4686314183190865,-0.3378076683812179,-0.4676915470807261,-0.2963929877022355,-0.3386466567372986,-0.3509324100615936,-0.5538430523058961,-0.3549638210716314,-0.545372356354676,-0.3732605822866707,-0.3664596337848474,-0.3620028167560174,-0.6484466292680843,-0.429192611062996,-0.4372288286247014,-0.1920223529146078,-0.9241262771572012,-0.2378962583894591,-0.2852665995155082,-0.4191927610052267,1.475962593537489,-0.5124907103264267,-0.2741344428002606,-0.2715149221930298,-0.0544924350684227,-0.1054751099787656,-0.4818428714137194,0,2645769624765857911,TRAIN
-0.40118011873256,-0.5079938642590249,-0.4496293109643878,-0.4686314183190865,-0.3378076683812179,-0.4706406197225452,-0.2963929877022355,-0.3386466567372986,-0.3509324100615936,-0.5809180509977097,-0.3549638210716314,-0.5649659344636314,-0.3732626759153102,-0.3664595109855155,-0.3620028167560174,-0.6484466292680843,-0.4291925214661,-0.4372303481283579,-0.1920223529146078,-0.9241262771572012,-0.2378962583894591,-0.2852780729186127,-0.6579458798781034,1.475962593537489,-0.599359767458393,-0.2741341207742125,-0.2715149221930298,-0.0545096686124699,-0.1054751099787656,-0.4754901282470776,0,15873444851147210944,TRAIN
-0.40118011873256,-0.5079938642590249,-0.4496293109643878,-0.4686314183190865,-0.3378076683812179,-0.4676915470807261,-0.2963929877022355,-0.3386466567372986,-0.3509324100615936,-0.5538430523058961,-0.3549638210716314,-0.545372356354676,-0.3732620601421809,-0.366458896988856,-0.3620028167560174,-0.6484466292680843,-0.4291920734816202,-0.4372299012155178,-0.1920223529146078,-0.9241262771572012,-0.2378962583894591,-0.2852746983882878,-0.4191927610052267,1.475962593537489,-0.599359767458393,-0.2741325106439716,-0.2715149221930298,-0.0545045999230443,-0.1054751099787656,-0.4662751601372237,0,14360694348866125941,TRAIN
-0.40118011873256,-0.4981113540949978,-0.4465569454251236,-0.4686314183190865,-0.3378076683812179,-0.4676915470807261,-0.2963929877022355,-0.3386466567372986,-0.3509324100615936,-0.5538430523058961,-0.3549638210716314,-0.545372356354676,-0.3732588581219087,-0.3664596337848474,-0.3620028167560174,-0.6484466292680843,-0.429192611062996,-0.437227577268749,-0.1920223529146078,-0.9241262771572012,-0.2378962583894591,-0.2852571508305986,-0.4191927610052267,1.475962593537489,-0.5124907103264267,-0.2741344428002606,-0.2715149221930298,-0.054478242738031,-0.1054751099787656,-0.4601318480639877,0,13751588174306607277,TRAIN
-0.40118011873256,-0.5079938642590249,-0.4496293109643878,-0.4686314183190865,-0.3378074890106277,-0.4460650143740527,-0.2963929877022355,-0.3386466567372986,-0.3509324100615936,-0.4189308793257164,-0.3549638210716314,-0.4016861168890022,-0.3732625117091424,-0.3664593472530729,-0.3620025997559415,-0.6484466292680843,-0.4291920137503562,-0.437229841627139,-0.1920223529146078,0.90342218917247,-0.2378962583894591,-0.2852783728768637,1.331663444062535,-0.6775239456463912,-0.599359767458393,-0.2741342638969005,-0.2715149221930298,-0.0545103444377266,-0.1054751099787656,-0.4841466134411829,0,3439545459716259957,TRAIN
-0.40118011873256,-0.5079938642590249,-0.4496293109643878,-0.4686314183190865,-0.3378076683812179,-0.4676915470807261,-0.2963929877022355,-0.3386466567372986,-0.3509324100615936,-0.5538430523058961,-0.3549638210716314,-0.545372356354676,-0.3732584065549472,-0.3664552539420096,-0.3620028167560174,-0.6484466292680843,-0.4291894154403735,-0.4372272495326662,-0.1920223529146078,-0.9241262771572012,-0.2378962583894591,-0.2852546761750271,-0.4191927610052267,1.475962593537489,-0.599359767458393,-0.2741229572045423,-0.2715149221930298,-0.0544745256991189,-0.1054751099787656,-0.4662053497727551,0,6792609695267291303,TRAIN
-0.40118011873256,-0.5079938642590249,-0.4496293109643878,-0.4686314183190865,-0.3378076683812179,-0.4676915470807261,-0.2963929877022355,-0.3386466567372986,-0.3509324100615936,-0.5538430523058961,-0.3549638210716314,-0.545372356354676,-0.3732620601421809,-0.366458896988856,-0.3620028167560174,-0.6484466292680843,-0.4291920734816202,-0.4372299012155178,-0.1920223529146078,-0.9241262771572012,-0.2378962583894591,-0.2852746983882878,-0.4191927610052267,1.475962593537489,-0.599359767458393,-0.2741325106439716,-0.2715149221930298,-0.0545045999230443,-0.1054751099787656,-0.4662751601372237,0,14360694348866125941,TRAIN
-0.40118011873256,-0.5079938642590249,-0.4496293109643878,-0.4686314183190865,-0.3378076683812179,-0.4706406197225452,-0.2963929877022355,-0.3386466567372986,-0.3509324100615936,-0.5809180509977097,-0.3549638210716314,-0.5649659344636314,-0.3693562932862644,-0.3664596337848474,-0.3620028167560174,-0.6484466292680843,-0.429192611062996,-0.4343951926588247,-0.1920223529146078,0.90342218917247,-0.2378962583894591,-0.2638705024751761,-0.6579458798781034,1.475962593537489,-0.599359767458393,-0.2741344428002606,-0.2715149221930298,-0.02235457872155,-0.1054751099787656,-0.4628544522782628,0,15767898975089590355,TRAIN
-0.40118011873256,-0.5079938642590249,-0.4496293109643878,-0.3001418101677477,-0.3378076683812179,-0.3644740046170578,-0.2894935181729455,-0.3386466567372986,-0.3509324100615936,0.1155110820194932,-0.3549638210716314,-0.0609755643254623,-0.3732627580183941,-0.3664595928517367,-0.3620028167560174,-0.6484466292680843,-0.429192581197364,-0.4372304077167366,-0.1920223529146078,-0.9241262771572012,-0.2378962583894591,-0.2852785228559893,0.5756119009650926,1.475962593537489,-0.599359767458393,-0.2741343354582446,-0.2715149221930298,-0.0545103444377266,-0.1054751099787656,-0.4675317466976583,0,7054729199645229301,TRAIN
-0.40118011873256,-0.4075216775914153,-0.4183935946485352,-0.4548071348901686,-0.3378076683812179,-0.4406583811973844,-0.2963465410176479,-0.3386466567372986,-0.3509324100615936,-0.387632643670041,-0.3549638210716314,-0.3971142819969125,-0.3732579139364438,-0.3664595109855155,-0.3619954523447453,-0.6484466292680843,-0.4291925214661,-0.4372253724987376,-0.1920223529146078,-0.9241262771572012,-0.2378962583894591,-0.2852659995990053,1.1327025116684717,-0.6775239456463912,0.2838089800499319,-0.2741341207742125,-0.2715120840118628,-0.0545096686124699,-0.1054751099787656,-0.4841466134411829,0,8370284566369271805,TRAIN
-0.40118011873256,-0.3597562117986173,-0.4035438278754249,-0.4254305325958305,-0.3378076683812179,-0.4264045300952588,-0.2959394067980591,-0.3386466567372986,-0.3509324100615936,-0.3552930618992637,-0.3549638210716314,-0.3690301533740763,-0.3732554508439267,-0.3664594700524048,-0.3619900939988263,-0.6484466292680843,-0.429192491600468,-0.4372248659975187,-0.1920223529146078,-0.9241262771572012,-0.2378962583894591,-0.2852647247764396,0.9337415792744076,-0.6775239456463912,0.7036760895211027,-0.2741340134321964,-0.2715146856779326,-0.0545093306998415,-0.1054751099787656,-0.4841466134411829,0,11498738031451439339,TRAIN
-0.40118011873256,-0.4091687626187532,-0.4189056555717458,-0.4548071348901686,-0.3378076683812179,-0.4411498933043543,-0.2963465410176479,-0.3386466567372986,-0.3509324100615936,-0.391393060155015,-0.3549638210716314,-0.4003798783484051,-0.3732570518540628,-0.3664595109855155,-0.3619928566546726,-0.6484466292680843,-0.4291925214661,-0.4372260875592818,-0.1920223529146078,-0.9241262771572012,-0.2378962583894591,-0.2852677993485119,1.0929103251896586,-0.6775239456463912,0.2693308038612708,-0.2741341207742125,-0.2715147448067069,-0.0545096686124699,-0.1054751099787656,-0.4841466134411829,0,2094685658787217629,TRAIN
-0.40118011873256,-0.5079938642590249,-0.4496293109643878,-0.4686314183190865,-0.3378076683812179,-0.4706406197225452,-0.2963929877022355,-0.3386466567372986,-0.3509324100615936,-0.5809180509977097,-0.3549638210716314,-0.5649659344636314,-0.373222855919617,-0.3664198058682011,-0.3620028167560174,-0.6484466292680843,-0.4291635518030735,-0.4372014477646949,-0.1920223529146078,0.90342218917247,-0.2378962583894591,-0.2850598532909394,-0.6579458798781034,1.475962593537489,-0.599359767458393,-0.2740299990186347,-0.2715149221930298,-0.054181893362946,-0.1054751099787656,-0.4665544015950981,1,1497845503681495151,TRAIN
-0.40118011873256,-0.1192817978072892,-0.3287829330866629,-0.3027400171704935,-0.3378076683812179,-0.3546437624776609,-0.2897046651216116,-0.3386466567372986,-0.3509324100615936,-0.1266597396128386,-0.3549638210716314,-0.1704818952033271,-0.3732549992769652,-0.3664595109855155,-0.3619892215811893,-0.6484466292680843,-0.4291925214661,-0.4372245978498146,-0.1920223529146078,-0.9241262771572012,-0.2378962583894591,-0.2852640498703739,1.0929103251896586,-0.6775239456463912,2.817489813065618,-0.2741341207742125,-0.2715147448067069,-0.0545096686124699,-0.1054751099787656,-0.4841466134411829,0,659485523058098361,TRAIN
-0.40118011873256,-0.4981113540949978,-0.4465569454251236,-0.4686314183190865,-0.3378076683812179,-0.4676915470807261,-0.2963929877022355,-0.3386466567372986,-0.3509324100615936,-0.5538430523058961,-0.3549638210716314,-0.545372356354676,-0.3732595970496638,-0.3664596337848474,-0.3620028167560174,-0.6484466292680843,-0.429192611062996,-0.4372281135641572,-0.1920223529146078,-0.9241262771572012,-0.2378962583894591,-0.2852612002669885,-0.4191927610052267,1.475962593537489,-0.5124907103264267,-0.2741344428002606,-0.2715149221930298,-0.0544843251653417,-0.1054751099787656,-0.420339940316891,0,3492594118871351361,TRAIN
-0.40118011873256,-0.5079938642590249,-0.4496293109643878,-0.4686314183190865,-0.3378076683812179,-0.4676915470807261,-0.2963929877022355,-0.3386466567372986,-0.3509324100615936,-0.5538430523058961,-0.3549638210716314,-0.545372356354676,-0.3728461669706676,-0.3660442036450298,-0.3620028167560174,-0.6484466292680843,-0.4288895047639685,-0.4369280562832804,-0.1920223529146078,-0.9241262771572012,-0.2378962583894591,-0.2829955406068879,-0.4191927610052267,1.475962593537489,-0.599359767458393,-0.2730450286792715,-0.2715149221930298,-0.0510812070849759,-0.1054751099787656,-0.4663449705016922,0,16853459580313796765,TRAIN
-0.40118011873256,-0.4981113540949978,-0.4465569454251236,-0.4686314183190865,-0.3378076683812179,-0.4676915470807261,-0.2963929877022355,-0.3386466567372986,-0.3509324100615936,-0.5538430523058961,-0.3549638210716314,-0.545372356354676,-0.3732614443690517,-0.3664596337848474,-0.3620028167560174,-0.6484466292680843,-0.429192611062996,-0.4372294543026776,-0.1920223529146078,-0.9241262771572012,-0.2378962583894591,-0.285271323857963,-0.4191927610052267,1.475962593537489,-0.5124907103264267,-0.2741344428002606,-0.2715149221930298,-0.0544995312336186,-0.1054751099787656,-0.4752108867892033,0,4727452443563130936,TRAIN
-0.40118011873256,-0.5079938642590249,-0.4496293109643878,-0.4403980245284283,-0.3378076683812179,-0.4554037444064799,-0.2961992582582941,-0.3386466567372986,-0.3509324100615936,-0.487659722170352,-0.3549638210716314,-0.497476943188566,-0.3732626759153102,-0.3664595109855155,-0.3620028167560174,-0.6484466292680843,-0.4291925214661,-0.4372303481283579,-0.1920223529146078,0.90342218917247,-0.2378962583894591,-0.2852780729186127,-0.6579458798781034,1.475962593537489,-0.599359767458393,-0.2741341207742125,-0.2715149221930298,-0.0545096686124699,-0.1054751099787656,-0.4629242626427313,0,17864302160861986873,TRAIN
-0.40118011873256,-0.4981113540949978,-0.4465569454251236,-0.465175347461857,-0.3378076683812179,-0.4676915470807261,-0.2963900847844488,-0.3386466567372986,-0.3509324100615936,-0.5673805516518029,-0.3549638210716314,-0.5532097875982582,-0.3732592686373282,-0.3664595109855155,-0.361996818554317,1.5421469630102351,-0.4291925214661,-0.437227666651317,-0.1920223529146078,-0.3149434550473107,-0.2378962583894591,-0.2852717737953396,-0.5783615069204778,-0.6775239456463912,-0.5124907103264267,-0.2741341207742125,-0.2715146856779326,-0.0545096686124699,-0.1054751099787656,-0.4125909898608774,0,16261496183555883026,TRAIN
-0.40118011873256,-0.4289337829468075,-0.4250503866502743,-0.4548071348901686,-0.3378076683812179,-0.4470480385879924,-0.2963465410176479,-0.3386466567372986,-0.3509324100615936,-0.4365180579747043,-0.3549638210716314,-0.4395670345663162,-0.3732590633796184,-0.366457668995537,-0.361999690592821,-0.6484466292680843,-0.4291911775126606,-0.4372248659975187,-0.1920223529146078,-0.9241262771572012,-0.2378962583894591,-0.2852647247764396,0.6154040874439054,-0.6775239456463912,0.095592689597338,-0.2741292903834898,-0.2715120840118628,-0.054494462544193,-0.1054751099787656,-0.4841466134411829,0,3745889634849259548,TRAIN
-0.40118011873256,-0.5079938642590249,-0.4496293109643878,-0.4686314183190865,-0.3378076683812179,-0.4706406197225452,-0.2963929877022355,-0.3386466567372986,-0.3509324100615936,-0.5809180509977097,-0.3549638210716314,-0.5649659344636314,-0.3732613622659678,-0.3664596337848474,-0.3620028167560174,-0.6484466292680843,-0.429192611062996,-0.4372293947142989,-0.1920223529146078,0.90342218917247,-0.2378962583894591,-0.2852708739205863,-0.6579458798781034,1.475962593537489,-0.599359767458393,-0.2741344428002606,-0.2715149221930298,-0.0544988554083619,-0.1054751099787656,-0.4659959186793493,6,5354798063977103372,TRAIN
-0.40118011873256,-0.4981113540949978,-0.4465569454251236,-0.4686314183190865,-0.3378076683812179,-0.4676915470807261,-0.2963929877022355,-0.3386466567372986,-0.3509324100615936,-0.5538430523058961,-0.3549638210716314,-0.545372356354676,-0.3732605822866707,-0.3664596337848474,-0.3620028167560174,-0.6484466292680843,-0.429192611062996,-0.4372288286247014,-0.1920223529146078,-0.9241262771572012,-0.2378962583894591,-0.2852665995155082,-0.4191927610052267,1.475962593537489,-0.5124907103264267,-0.2741344428002606,-0.2715149221930298,-0.0544924350684227,-0.1054751099787656,-0.4818428714137194,0,2645769624765857911,TRAIN
-0.40118011873256,-0.5079938642590249,-0.4496293109643878,-0.4686314183190865,-0.3378076683812179,-0.4706406197225452,-0.2963929877022355,-0.3386466567372986,-0.3509324100615936,-0.5809180509977097,-0.3549638210716314,-0.5649659344636314,-0.373222855919617,-0.3664198058682011,-0.3620028167560174,-0.6484466292680843,-0.4291635518030735,-0.4372014477646949,-0.1920223529146078,0.90342218917247,-0.2378962583894591,-0.2850598532909394,-0.6579458798781034,1.475962593537489,-0.599359767458393,-0.2740299990186347,-0.2715149221930298,-0.054181893362946,-0.1054751099787656,-0.4665544015950981,1,1497845503681495151,TRAIN
-0.40118011873256,-0.5079938642590249,-0.4496293109643878,-0.4349334966888188,-0.3378076683812179,-0.4524546717646608,-0.2961170089210034,-0.3386466567372986,-0.3509324100615936,-0.4696097230424763,-0.3549638210716314,-0.4844145577825957,-0.3732610338536322,-0.3664578736610901,-0.3620028167560174,-0.6484466292680843,-0.4291913268408205,-0.4372291563607842,-0.1920223529146078,0.90342218917247,-0.2378962583894591,-0.2852690741710798,-0.6579458798781034,1.475962593537489,-0.599359767458393,-0.2741298270935701,-0.2715149221930298,-0.0544961521073349,-0.1054751099787656,-0.462645021184857,0,16927526917322834111,TRAIN
-0.40118011873256,-0.5079938642590249,-0.4496293109643878,-0.4686314183190865,-0.3378076683812179,-0.4706406197225452,-0.2963929877022355,-0.3386466567372986,-0.3509324100615936,-0.5809180509977097,-0.3549638210716314,-0.5649659344636314,-0.3732626759153102,-0.3664595109855155,-0.3620028167560174,-0.6484466292680843,-0.4291925214661,-0.4372303481283579,-0.1920223529146078,-0.9241262771572012,-0.2378962583894591,-0.2852780729186127,-0.6579458798781034,1.475962593537489,-0.599359767458393,-0.2741341207742125,-0.2715149221930298,-0.0545096686124699,-0.1054751099787656,-0.4754901282470776,0,15873444851147210944,TRAIN
-0.40118011873256,-0.5079938642590249,-0.4496293109643878,-0.4686314183190865,-0.3378074890106277,-0.4460650143740527,-0.2963929877022355,-0.3386466567372986,-0.3509324100615936,-0.4189308793257164,-0.3549638210716314,-0.4016861168890022,-0.3732625117091424,-0.3664593472530729,-0.3620025997559415,-0.6484466292680843,-0.4291920137503562,-0.437229841627139,-0.1920223529146078,0.90342218917247,-0.2378962583894591,-0.2852783728768637,1.331663444062535,-0.6775239456463912,-0.599359767458393,-0.2741342638969005,-0.2715149221930298,-0.0545103444377266,-0.1054751099787656,-0.4841466134411829,0,3439545459716259957,TRAIN
-0.40118011873256,-0.4981113540949978,-0.4465569454251236,-0.465175347461857,-0.3378076683812179,-0.4676915470807261,-0.2963900847844488,-0.3386466567372986,-0.3509324100615936,-0.5673805516518029,-0.3549638210716314,-0.5532097875982582,-0.3732607464928384,-0.3664576280624264,-0.3619992901726583,1.5421469630102351,-0.4291911476470286,-0.4372274580919916,-0.1920223529146078,-0.3149434550473107,-0.2378962583894591,-0.285271248868401,-0.5783615069204778,-0.6775239456463912,-0.5124907103264267,-0.2741291830414737,-0.2715119657543142,-0.0545103444377266,-0.1054751099787656,-0.4125909898608774,0,7737363831643046036,TRAIN
-0.40118011873256,-0.5079938642590249,-0.4496293109643878,-0.4686314183190865,-0.3378076683812179,-0.4676915470807261,-0.2963929877022355,-0.3386466567372986,-0.3509324100615936,-0.5538430523058961,-0.3549638210716314,-0.545372356354676,-0.3732584065549472,-0.3664552539420096,-0.3620028167560174,-0.6484466292680843,-0.4291894154403735,-0.4372272495326662,-0.1920223529146078,-0.9241262771572012,-0.2378962583894591,-0.2852546761750271,-0.4191927610052267,1.475962593537489,-0.599359767458393,-0.2741229572045423,-0.2715149221930298,-0.0544745256991189,-0.1054751099787656,-0.4662053497727551,0,6792609695267291303,TRAIN
-0.40118011873256,-0.4981113540949978,-0.4465569454251236,-0.465175347461857,-0.3378076683812179,-0.4676915470807261,-0.2963900847844488,-0.3386466567372986,-0.3509324100615936,-0.5673805516518029,-0.3549638210716314,-0.5532097875982582,-0.3732607875443804,-0.3664576280624264,-0.3619997632942908,1.5421469630102351,-0.4291911476470286,-0.4372283817118613,-0.1920223529146078,-0.3149434550473107,-0.2378962583894591,-0.2852735735448462,-0.5783615069204778,-0.6775239456463912,-0.5124907103264267,-0.2741291830414737,-0.2715148630642555,-0.0545103444377266,-0.1054751099787656,-0.4125909898608774,0,9578959622884163697,TRAIN
-0.40118011873256,-0.4981113540949978,-0.4465569454251236,-0.465175347461857,-0.3378076683812179,-0.4676915470807261,-0.2963900847844488,-0.3386466567372986,-0.3509324100615936,-0.5673805516518029,-0.3549638210716314,-0.5532097875982582,-0.3732607875443804,-0.3664576280624264,-0.3619997632942908,1.5421469630102351,-0.4291911476470286,-0.4372283817118613,-0.1920223529146078,-0.3149434550473107,-0.2378962583894591,-0.2852735735448462,-0.5783615069204778,-0.6775239456463912,-0.5124907103264267,-0.2741291830414737,-0.2715148630642555,-0.0545103444377266,-0.1054751099787656,-0.4125909898608774,0,9578959622884163697,TRAIN
-0.40118011873256,-0.5079938642590249,-0.4496293109643878,-0.4686314183190865,-0.3378076683812179,-0.4676915470807261,-0.2963929877022355,-0.3386466567372986,-0.3509324100615936,-0.5538430523058961,-0.3549638210716314,-0.545372356354676,-0.3732584065549472,-0.3664552539420096,-0.3620028167560174,-0.6484466292680843,-0.4291894154403735,-0.4372272495326662,-0.1920223529146078,-0.9241262771572012,-0.2378962583894591,-0.2852546761750271,-0.4191927610052267,1.475962593537489,-0.599359767458393,-0.2741229572045423,-0.2715149221930298,-0.0544745256991189,-0.1054751099787656,-0.4662053497727551,0,6792609695267291303,TRAIN
-0.40118011873256,-0.5079938642590249,-0.4496293109643878,-0.4686314183190865,-0.3378076683812179,-0.4676915470807261,-0.2963929877022355,-0.3386466567372986,-0.3509324100615936,-0.5538430523058961,-0.3549638210716314,-0.545372356354676,-0.3732584065549472,-0.3664552539420096,-0.3620028167560174,-0.6484466292680843,-0.4291894154403735,-0.4372272495326662,-0.1920223529146078,-0.9241262771572012,-0.2378962583894591,-0.2852546761750271,-0.4191927610052267,1.475962593537489,-0.599359767458393,-0.2741229572045423,-0.2715149221930298,-0.0544745256991189,-0.1054751099787656,-0.4662053497727551,0,6792609695267291303,TRAIN
-0.40118011873256,-0.5079938642590249,-0.4496293109643878,-0.4686314183190865,-0.3378076683812179,-0.4706406197225452,-0.2963929877022355,-0.3386466567372986,-0.3509324100615936,-0.5809180509977097,-0.3549638210716314,-0.5649659344636314,-0.3732626759153102,-0.3664595109855155,-0.3620028167560174,-0.6484466292680843,-0.4291925214661,-0.4372303481283579,-0.1920223529146078,-0.9241262771572012,-0.2378962583894591,-0.2852780729186127,-0.6579458798781034,1.475962593537489,-0.599359767458393,-0.2741341207742125,-0.2715149221930298,-0.0545096686124699,-0.1054751099787656,-0.4754901282470776,0,15873444851147210944,TRAIN
-0.40118011873256,-0.290578640650427,-0.3820372691005755,-0.3805016114589457,-0.3378076683812179,-0.4057610216025252,-0.2945053654114149,-0.3386466567372986,-0.3509324100615936,-0.3146805638615435,-0.3549638210716314,-0.3337617127779564,-0.3732564360809335,-0.3664595109855155,-0.3619917661326278,-0.6484466292680843,-0.4291925214661,-0.4372256406464417,-0.1920223529146078,-0.9241262771572012,-0.2378962583894591,-0.285266674505071,0.5358197144862799,-0.6775239456463912,1.3117594894448674,-0.2741341207742125,-0.2715147448067069,-0.0545096686124699,-0.1054751099787656,-0.4841466134411829,0,2948154413744390382,TRAIN
-0.40118011873256,-0.5079938642590249,-0.4496293109643878,-0.4686314183190865,-0.3378076683812179,-0.4676915470807261,-0.2963929877022355,-0.3386466567372986,-0.3509324100615936,-0.5538430523058961,-0.3549638210716314,-0.545372356354676,-0.3732584065549472,-0.3664552539420096,-0.3620028167560174,-0.6484466292680843,-0.4291894154403735,-0.4372272495326662,-0.1920223529146078,-0.9241262771572012,-0.2378962583894591,-0.2852546761750271,-0.4191927610052267,1.475962593537489,-0.599359767458393,-0.2741229572045423,-0.2715149221930298,-0.0544745256991189,-0.1054751099787656,-0.4662053497727551,0,6792609695267291303,TRAIN
-0.40118011873256,-0.5079938642590249,-0.4496293109643878,-0.4686314183190865,-0.3378076683812179,-0.4676915470807261,-0.2963929877022355,-0.3386466567372986,-0.3509324100615936,-0.5538430523058961,-0.3549638210716314,-0.545372356354676,-0.3732584065549472,-0.3664552539420096,-0.3620028167560174,-0.6484466292680843,-0.4291894154403735,-0.4372272495326662,-0.1920223529146078,-0.9241262771572012,-0.2378962583894591,-0.2852546761750271,-0.4191927610052267,1.475962593537489,-0.599359767458393,-0.2741229572045423,-0.2715149221930298,-0.0544745256991189,-0.1054751099787656,-0.4662053497727551,0,6792609695267291303,TRAIN
-0.40118011873256,-0.5079938642590249,-0.4496293109643878,-0.3001418101677477,-0.3378076683812179,-0.3644740046170578,-0.2894935181729455,-0.3386466567372986,-0.3509324100615936,0.1155110820194932,-0.3549638210716314,-0.0609755643254623,-0.3732627580183941,-0.3664595928517367,-0.3620028167560174,-0.6484466292680843,-0.429192581197364,-0.4372304077167366,-0.1920223529146078,-0.9241262771572012,-0.2378962583894591,-0.2852785228559893,0.5756119009650926,1.475962593537489,-0.599359767458393,-0.2741343354582446,-0.2715149221930298,-0.0545103444377266,-0.1054751099787656,-0.4675317466976583,0,7054729199645229301,TRAIN
-0.40118011873256,-0.5079938642590249,-0.4496293109643878,-0.4686314183190865,-0.3378076683812179,-0.4706406197225452,-0.2963929877022355,-0.3386466567372986,-0.3509324100615936,-0.5809180509977097,-0.3549638210716314,-0.5649659344636314,-0.3732626759153102,-0.3664595109855155,-0.3620028167560174,-0.6484466292680843,-0.4291925214661,-0.4372303481283579,-0.1920223529146078,-0.9241262771572012,-0.2378962583894591,-0.2852780729186127,-0.6579458798781034,1.475962593537489,-0.599359767458393,-0.2741341207742125,-0.2715149221930298,-0.0545096686124699,-0.1054751099787656,-0.4754901282470776,0,15873444851147210944,TRAIN
-0.40118011873256,-0.4981113540949978,-0.4465569454251236,-0.4649883997640792,-0.3378076683812179,-0.4676915470807261,-0.2963897622380282,-0.3386466567372986,-0.3509324100615936,-0.5658763850578132,-0.3549638210716314,-0.554080613293078,-0.3732580370910697,-0.3664596337848474,-0.3620028167560174,1.5421469630102351,-0.429192611062996,-0.4372269813849621,-0.1920223529146078,-0.3149434550473107,-0.2378962583894591,-0.2852526514568322,-0.5783615069204778,-0.6775239456463912,-0.5124907103264267,-0.2741344428002606,-0.2715149221930298,-0.0544714844854635,-0.1054751099787656,-0.4125909898608774,3,14212154446403338436,TRAIN
-0.40118011873256,-0.4289337829468075,-0.4250503866502743,-0.4548071348901686,-0.3378076683812179,-0.4470480385879924,-0.2963465410176479,-0.3386466567372986,-0.3509324100615936,-0.4365180579747043,-0.3549638210716314,-0.4395670345663162,-0.3732581191941536,-0.3664594700524048,-0.3619958449921115,-0.6484466292680843,-0.429192491600468,-0.4372254916754949,-0.1920223529146078,0.90342218917247,-0.2378962583894591,-0.2852662995572578,0.6154040874439054,-0.6775239456463912,0.095592689597338,-0.2741340134321964,-0.2715120840118628,-0.0545093306998415,-0.1054751099787656,-0.4841466134411829,0,8562596694476980318,TRAIN
-0.40118011873256,-0.4981113540949978,-0.4465569454251236,-0.4686314183190865,-0.3378076683812179,-0.4676915470807261,-0.2963929877022355,-0.3386466567372986,-0.3509324100615936,-0.5538430523058961,-0.3549638210716314,-0.545372356354676,-0.3732605822866707,-0.3664596337848474,-0.3620028167560174,-0.6484466292680843,-0.429192611062996,-0.4372288286247014,-0.1920223529146078,-0.9241262771572012,-0.2378962583894591,-0.2852665995155082,-0.4191927610052267,1.475962593537489,-0.5124907103264267,-0.2741344428002606,-0.2715149221930298,-0.0544924350684227,-0.1054751099787656,-0.4818428714137194,0,2645769624765857911,TRAIN
-0.40118011873256,-0.5079938642590249,-0.4496293109643878,-0.4686314183190865,-0.3378074890106277,-0.4460650143740527,-0.2963929877022355,-0.3386466567372986,-0.3509324100615936,-0.4189308793257164,-0.3549638210716314,-0.4016861168890022,-0.3732625117091424,-0.3664593472530729,-0.3620025997559415,-0.6484466292680843,-0.4291920137503562,-0.437229841627139,-0.1920223529146078,0.90342218917247,-0.2378962583894591,-0.2852783728768637,1.331663444062535,-0.6775239456463912,-0.599359767458393,-0.2741342638969005,-0.2715149221930298,-0.0545103444377266,-0.1054751099787656,-0.4841466134411829,0,3439545459716259957,TRAIN
-0.40118011873256,-0.4981113540949978,-0.4465569454251236,-0.4649883997640792,-0.3378076683812179,-0.4676915470807261,-0.2963897622380282,-0.3386466567372986,-0.3509324100615936,-0.5658763850578132,-0.3549638210716314,-0.554080613293078,-0.3732580370910697,-0.3664596337848474,-0.3620028167560174,1.5421469630102351,-0.429192611062996,-0.4372269813849621,-0.1920223529146078,-0.3149434550473107,-0.2378962583894591,-0.2852526514568322,-0.5783615069204778,-0.6775239456463912,-0.5124907103264267,-0.2741344428002606,-0.2715149221930298,-0.0544714844854635,-0.1054751099787656,-0.4125909898608774,3,14212154446403338436,TRAIN
-0.40118011873256,-0.4981113540949978,-0.4465569454251236,-0.4686314183190865,-0.3378076683812179,-0.4676915470807261,-0.2963929877022355,-0.3386466567372986,-0.3509324100615936,-0.5538430523058961,-0.3549638210716314,-0.545372356354676,-0.3732605822866707,-0.3664596337848474,-0.3620028167560174,-0.6484466292680843,-0.429192611062996,-0.4372288286247014,-0.1920223529146078,-0.9241262771572012,-0.2378962583894591,-0.2852665995155082,-0.4191927610052267,1.475962593537489,-0.5124907103264267,-0.2741344428002606,-0.2715149221930298,-0.0544924350684227,-0.1054751099787656,-0.4818428714137194,0,2645769624765857911,TRAIN
-0.40118011873256,-0.4981113540949978,-0.4465569454251236,-0.4649883997640792,-0.3378076683812179,-0.4676915470807261,-0.2963897622380282,-0.3386466567372986,-0.3509324100615936,-0.5658763850578132,-0.3549638210716314,-0.554080613293078,-0.3732580370910697,-0.3664596337848474,-0.3620028167560174,1.5421469630102351,-0.429192611062996,-0.4372269813849621,-0.1920223529146078,-0.3149434550473107,-0.2378962583894591,-0.2852526514568322,-0.5783615069204778,-0.6775239456463912,-0.5124907103264267,-0.2741344428002606,-0.2715149221930298,-0.0544714844854635,-0.1054751099787656,-0.4125909898608774,3,14212154446403338436,TRAIN
-0.40118011873256,-0.4289337829468075,-0.4250503866502743,-0.4548071348901686,-0.3378076683812179,-0.4470480385879924,-0.2963465410176479,-0.3386466567372986,-0.3509324100615936,-0.4365180579747043,-0.3549638210716314,-0.4395670345663162,-0.3732581191941536,-0.3664594700524048,-0.3619958449921115,-0.6484466292680843,-0.429192491600468,-0.4372254916754949,-0.1920223529146078,0.90342218917247,-0.2378962583894591,-0.2852662995572578,0.6154040874439054,-0.6775239456463912,0.095592689597338,-0.2741340134321964,-0.2715120840118628,-0.0545093306998415,-0.1054751099787656,-0.4841466134411829,0,8562596694476980318,TRAIN
-0.40118011873256,-0.5079938642590249,-0.4496293109643878,-0.4686314183190865,-0.3378074890106277,-0.4460650143740527,-0.2963929877022355,-0.3386466567372986,-0.3509324100615936,-0.4189308793257164,-0.3549638210716314,-0.4016861168890022,-0.3732625117091424,-0.3664593472530729,-0.3620025997559415,-0.6484466292680843,-0.4291920137503562,-0.437229841627139,-0.1920223529146078,0.90342218917247,-0.2378962583894591,-0.2852783728768637,1.331663444062535,-0.6775239456463912,-0.599359767458393,-0.2741342638969005,-0.2715149221930298,-0.0545103444377266,-0.1054751099787656,-0.4841466134411829,0,3439545459716259957,TRAIN
-0.40118011873256,-0.5046996942043492,-0.4486051891179664,-0.465175347461857,-0.3378076683812179,-0.4676915470807261,-0.2963900847844488,-0.3386466567372986,-0.3509324100615936,-0.5643722184638236,-0.3549638210716314,-0.5505973105170641,-0.3732613212144258,-0.3664576280624264,-0.3620005630104583,-0.6484466292680843,-0.4291911476470286,-0.4372289775956481,5.2077270423027215,-0.9241262771572012,-0.2378962583894591,-0.2852750733361024,-0.5783615069204778,1.475962593537489,-0.570403415081071,-0.2741291830414737,-0.2715148630642555,-0.0545103444377266,-0.1054751099787656,-0.4840768030767143,0,6838455251038240890,TRAIN
-0.40118011873256,-0.5079938642590249,-0.4496293109643878,-0.4686314183190865,-0.3378076683812179,-0.4706406197225452,-0.2963929877022355,-0.3386466567372986,-0.3509324100615936,-0.5809180509977097,-0.3549638210716314,-0.5649659344636314,-0.3732607875443804,-0.3664596337848474,-0.3620028167560174,-0.6484466292680843,-0.429192611062996,-0.4372289775956481,-0.1920223529146078,0.90342218917247,-0.2378962583894591,-0.2852677243589498,-0.6579458798781034,1.475962593537489,-0.599359767458393,-0.2741344428002606,-0.2715149221930298,-0.0544941246315646,-0.1054751099787656,-0.137189102032287,0,14381731653621383348,TRAIN
-0.40118011873256,-0.5079938642590249,-0.4496293109643878,-0.4686314183190865,-0.3378076683812179,-0.4676915470807261,-0.2963929877022355,-0.3386466567372986,-0.3509324100615936,-0.5538430523058961,-0.3549638210716314,-0.545372356354676,-0.3732584065549472,-0.3664552539420096,-0.3620028167560174,-0.6484466292680843,-0.4291894154403735,-0.4372272495326662,-0.1920223529146078,-0.9241262771572012,-0.2378962583894591,-0.2852546761750271,-0.4191927610052267,1.475962593537489,-0.599359767458393,-0.2741229572045423,-0.2715149221930298,-0.0544745256991189,-0.1054751099787656,-0.4662053497727551,0,6792609695267291303,TRAIN
-0.40118011873256,-0.5079938642590249,-0.4496293109643878,-0.4686314183190865,-0.3378076683812179,-0.4676915470807261,-0.2963929877022355,-0.3386466567372986,-0.3509324100615936,-0.5538430523058961,-0.3549638210716314,-0.545372356354676,-0.3732584065549472,-0.3664552539420096,-0.3620028167560174,-0.6484466292680843,-0.4291894154403735,-0.4372272495326662,-0.1920223529146078,-0.9241262771572012,-0.2378962583894591,-0.2852546761750271,-0.4191927610052267,1.475962593537489,-0.599359767458393,-0.2741229572045423,-0.2715149221930298,-0.0544745256991189,-0.1054751099787656,-0.4662053497727551,0,6792609695267291303,TRAIN
-0.40118011873256,-0.5079938642590249,-0.4496293109643878,-0.4686314183190865,-0.3378076683812179,-0.4676915470807261,-0.2963929877022355,-0.3386466567372986,-0.3509324100615936,-0.5538430523058961,-0.3549638210716314,-0.545372356354676,-0.3732584065549472,-0.3664552539420096,-0.3620028167560174,-0.6484466292680843,-0.4291894154403735,-0.4372272495326662,-0.1920223529146078,-0.9241262771572012,-0.2378962583894591,-0.2852546761750271,-0.4191927610052267,1.475962593537489,-0.599359767458393,-0.2741229572045423,-0.2715149221930298,-0.0544745256991189,-0.1054751099787656,-0.4662053497727551,0,6792609695267291303,TRAIN
-0.40118011873256,-0.4981113540949978,-0.4465569454251236,-0.4686314183190865,-0.3378076683812179,-0.4676915470807261,-0.2963929877022355,-0.3386466567372986,-0.3509324100615936,-0.5538430523058961,-0.3549638210716314,-0.545372356354676,-0.3732605822866707,-0.3664596337848474,-0.3620028167560174,-0.6484466292680843,-0.429192611062996,-0.4372288286247014,-0.1920223529146078,-0.9241262771572012,-0.2378962583894591,-0.2852665995155082,-0.4191927610052267,1.475962593537489,-0.5124907103264267,-0.2741344428002606,-0.2715149221930298,-0.0544924350684227,-0.1054751099787656,-0.4818428714137194,0,2645769624765857911,TRAIN
-0.40118011873256,-0.5079938642590249,-0.4496293109643878,-0.4686314183190865,-0.3378074890106277,-0.4460650143740527,-0.2963929877022355,-0.3386466567372986,-0.3509324100615936,-0.4189308793257164,-0.3549638210716314,-0.4016861168890022,-0.3732625117091424,-0.3664593472530729,-0.3620025997559415,-0.6484466292680843,-0.4291920137503562,-0.437229841627139,-0.1920223529146078,0.90342218917247,-0.2378962583894591,-0.2852783728768637,1.331663444062535,-0.6775239456463912,-0.599359767458393,-0.2741342638969005,-0.2715149221930298,-0.0545103444377266,-0.1054751099787656,-0.4841466134411829,0,3439545459716259957,TRAIN
-0.40118011873256,-0.5079938642590249,-0.4496293109643878,-0.4686314183190865,-0.3378076683812179,-0.4706406197225452,-0.2963929877022355,-0.3386466567372986,-0.3509324100615936,-0.5809180509977097,-0.3549638210716314,-0.5649659344636314,-0.3732626759153102,-0.3664595109855155,-0.3620028167560174,-0.6484466292680843,-0.4291925214661,-0.4372303481283579,-0.1920223529146078,-0.9241262771572012,-0.2378962583894591,-0.2852780729186127,-0.6579458798781034,1.475962593537489,-0.599359767458393,-0.2741341207742125,-0.2715149221930298,-0.0545096686124699,-0.1054751099787656,-0.4754901282470776,0,15873444851147210944,TRAIN
-0.40118011873256,-0.5079938642590249,-0.4496293109643878,-0.4686314183190865,-0.3378076683812179,-0.4706406197225452,-0.2963929877022355,-0.3386466567372986,-0.3509324100615936,-0.5809180509977097,-0.3549638210716314,-0.5649659344636314,-0.3732626759153102,-0.3664595109855155,-0.3620028167560174,-0.6484466292680843,-0.4291925214661,-0.4372303481283579,-0.1920223529146078,-0.9241262771572012,-0.2378962583894591,-0.2852780729186127,-0.6579458798781034,1.475962593537489,-0.599359767458393,-0.2741341207742125,-0.2715149221930298,-0.0545096686124699,-0.1054751099787656,-0.4754901282470776,0,15873444851147210944,TRAIN
-0.40118011873256,-0.5079938642590249,-0.4496293109643878,-0.4686314183190865,-0.3378076683812179,-0.4706406197225452,-0.2963929877022355,-0.3386466567372986,-0.3509324100615936,-0.5809180509977097,-0.3549638210716314,-0.5649659344636314,-0.3732605822866707,-0.3664596337848474,-0.3620028167560174,-0.6484466292680843,-0.429192611062996,-0.4372288286247014,-0.1920223529146078,0.90342218917247,-0.2378962583894591,-0.2852665995155082,-0.6579458798781034,1.475962593537489,-0.599359767458393,-0.2741344428002606,-0.2715149221930298,-0.0544924350684227,-0.1054751099787656,-0.4584563993167415,0,10662515155937001586,TRAIN
-0.40118011873256,-0.5079938642590249,-0.4496293109643878,-0.4686314183190865,-0.3378076683812179,-0.4706406197225452,-0.2963929877022355,-0.3386466567372986,-0.3509324100615936,-0.5809180509977097,-0.3549638210716314,-0.5649659344636314,-0.3732626759153102,-0.3664595109855155,-0.3620028167560174,-0.6484466292680843,-0.4291925214661,-0.4372303481283579,-0.1920223529146078,-0.9241262771572012,-0.2378962583894591,-0.2852780729186127,-0.6579458798781034,1.475962593537489,-0.599359767458393,-0.2741341207742125,-0.2715149221930298,-0.0545096686124699,-0.1054751099787656,-0.4754901282470776,0,15873444851147210944,TRAIN
-0.40118011873256,-0.4091687626187532,-0.4189056555717458,-0.4548071348901686,-0.3378076683812179,-0.4411498933043543,-0.2963465410176479,-0.3386466567372986,-0.3509324100615936,-0.391393060155015,-0.3549638210716314,-0.4003798783484051,-0.3732583244518633,-0.3664595109855155,-0.3619961175611511,-0.6484466292680843,-0.4291925214661,-0.437225670440631,-0.1920223529146078,0.90342218917247,-0.2378962583894591,-0.2852667494946345,1.0929103251896586,-0.6775239456463912,0.2693308038612708,-0.2741341207742125,-0.2715120840118628,-0.0545096686124699,-0.1054751099787656,-0.4841466134411829,0,16645412818067521686,TRAIN
-0.40118011873256,-0.5079938642590249,-0.4496293109643878,-0.4686314183190865,-0.3378076683812179,-0.4706406197225452,-0.2963929877022355,-0.3386466567372986,-0.3509324100615936,-0.5809180509977097,-0.3549638210716314,-0.5649659344636314,-0.3732626759153102,-0.3664595109855155,-0.3620028167560174,-0.6484466292680843,-0.4291925214661,-0.4372303481283579,-0.1920223529146078,-0.9241262771572012,-0.2378962583894591,-0.2852780729186127,-0.6579458798781034,1.475962593537489,-0.599359767458393,-0.2741341207742125,-0.2715149221930298,-0.0545096686124699,-0.1054751099787656,-0.4754901282470776,0,15873444851147210944,TRAIN
-0.40118011873256,-0.5079938642590249,-0.4496293109643878,-0.4686314183190865,-0.3378074890106277,-0.4460650143740527,-0.2963929877022355,-0.3386466567372986,-0.3509324100615936,-0.4189308793257164,-0.3549638210716314,-0.4016861168890022,-0.3732625117091424,-0.3664593472530729,-0.3620025997559415,-0.6484466292680843,-0.4291920137503562,-0.437229841627139,-0.1920223529146078,0.90342218917247,-0.2378962583894591,-0.2852783728768637,1.331663444062535,-0.6775239456463912,-0.599359767458393,-0.2741342638969005,-0.2715149221930298,-0.0545103444377266,-0.1054751099787656,-0.4841466134411829,0,3439545459716259957,TRAIN
-0.40118011873256,-0.4981113540949978,-0.4465569454251236,-0.4686314183190865,-0.3378076683812179,-0.4676915470807261,-0.2963929877022355,-0.3386466567372986,-0.3509324100615936,-0.5538430523058961,-0.3549638210716314,-0.545372356354676,-0.3732595970496638,-0.3664596337848474,-0.3620028167560174,-0.6484466292680843,-0.429192611062996,-0.4372281135641572,-0.1920223529146078,-0.9241262771572012,-0.2378962583894591,-0.2852612002669885,-0.4191927610052267,1.475962593537489,-0.5124907103264267,-0.2741344428002606,-0.2715149221930298,-0.0544843251653417,-0.1054751099787656,-0.420339940316891,0,3492594118871351361,TRAIN
-0.40118011873256,-0.5079938642590249,-0.4496293109643878,-0.4686314183190865,-0.3378074890106277,-0.4460650143740527,-0.2963929877022355,-0.3386466567372986,-0.3509324100615936,-0.4189308793257164,-0.3549638210716314,-0.4016861168890022,-0.3732625117091424,-0.3664593472530729,-0.3620025997559415,-0.6484466292680843,-0.4291920137503562,-0.437229841627139,-0.1920223529146078,0.90342218917247,-0.2378962583894591,-0.2852783728768637,1.331663444062535,-0.6775239456463912,-0.599359767458393,-0.2741342638969005,-0.2715149221930298,-0.0545103444377266,-0.1054751099787656,-0.4841466134411829,0,3439545459716259957,TRAIN
-0.40118011873256,-0.4981113540949978,-0.4465569454251236,-0.4686314183190865,-0.3378076683812179,-0.4676915470807261,-0.2963929877022355,-0.3386466567372986,-0.3509324100615936,-0.5538430523058961,-0.3549638210716314,-0.545372356354676,-0.3732588581219087,-0.3664596337848474,-0.3620028167560174,-0.6484466292680843,-0.429192611062996,-0.437227577268749,-0.1920223529146078,-0.9241262771572012,-0.2378962583894591,-0.2852571508305986,-0.4191927610052267,1.475962593537489,-0.5124907103264267,-0.2741344428002606,-0.2715149221930298,-0.054478242738031,-0.1054751099787656,-0.4601318480639877,0,13751588174306607277,TRAIN
-0.40118011873256,-0.5079938642590249,-0.4496293109643878,-0.4686314183190865,-0.3378074890106277,-0.4460650143740527,-0.2963929877022355,-0.3386466567372986,-0.3509324100615936,-0.4189308793257164,-0.3549638210716314,-0.4016861168890022,-0.3732625117091424,-0.3664593472530729,-0.3620025997559415,-0.6484466292680843,-0.4291920137503562,-0.437229841627139,-0.1920223529146078,0.90342218917247,-0.2378962583894591,-0.2852783728768637,1.331663444062535,-0.6775239456463912,-0.599359767458393,-0.2741342638969005,-0.2715149221930298,-0.0545103444377266,-0.1054751099787656,-0.4841466134411829,0,3439545459716259957,TRAIN
-0.40118011873256,-0.5079938642590249,-0.4496293109643878,-0.4686314183190865,-0.3378076683812179,-0.4706406197225452,-0.2963929877022355,-0.3386466567372986,-0.3509324100615936,-0.5809180509977097,-0.3549638210716314,-0.5649659344636314,-0.3732618959360131,-0.3664596337848474,-0.3620028167560174,-0.6484466292680843,-0.429192611062996,-0.4372297820387604,-0.1920223529146078,-0.9241262771572012,-0.2378962583894591,-0.2852737985135345,-0.6579458798781034,1.475962593537489,-0.599359767458393,-0.2741344428002606,-0.2715149221930298,-0.0545032482725308,-0.1054751099787656,-0.4766769044430437,0,14662299357843554344,TRAIN
-0.40118011873256,-0.4981113540949978,-0.4465569454251236,-0.465175347461857,-0.3378076683812179,-0.4676915470807261,-0.2963900847844488,-0.3386466567372986,-0.3509324100615936,-0.5673805516518029,-0.3549638210716314,-0.5532097875982582,-0.3732607464928384,-0.3664576280624264,-0.3619992901726583,1.5421469630102351,-0.4291911476470286,-0.4372274580919916,-0.1920223529146078,-0.3149434550473107,-0.2378962583894591,-0.285271248868401,-0.5783615069204778,-0.6775239456463912,-0.5124907103264267,-0.2741291830414737,-0.2715119657543142,-0.0545103444377266,-0.1054751099787656,-0.4125909898608774,0,7737363831643046036,TRAIN
-0.40118011873256,-0.5079938642590249,-0.4496293109643878,-0.4686314183190865,-0.3378076683812179,-0.4706406197225452,-0.2963929877022355,-0.3386466567372986,-0.3509324100615936,-0.5809180509977097,-0.3549638210716314,-0.5649659344636314,-0.3732613622659678,-0.3664596337848474,-0.3620028167560174,-0.6484466292680843,-0.429192611062996,-0.4372293947142989,-0.1920223529146078,0.90342218917247,-0.2378962583894591,-0.2852708739205863,-0.6579458798781034,1.475962593537489,-0.599359767458393,-0.2741344428002606,-0.2715149221930298,-0.0544988554083619,-0.1054751099787656,-0.4659959186793493,6,5354798063977103372,TRAIN
-0.40118011873256,-0.3449324465525765,-0.3989352795665286,-0.4202464263178737,-0.3378076683812179,-0.4219809211325302,-0.2958240158160366,-0.3386466567372986,-0.3509324100615936,-0.3349868128804036,-0.3549638210716314,-0.3513959330760163,-0.3732572571117726,-0.3664595109855155,-0.3619943796259524,-0.6484466292680843,-0.4291925214661,-0.4372248659975187,-0.1920223529146078,0.90342218917247,-0.2378962583894591,-0.2852647247764396,1.053118138710846,-0.6775239456463912,0.8339796752190524,-0.2741341207742125,-0.2715120248830885,-0.0545096686124699,-0.1054751099787656,-0.4841466134411829,0,8124634703051358247,TRAIN
-0.40118011873256,-0.5079938642590249,-0.4496293109643878,-0.4349334966888188,-0.3378076683812179,-0.4524546717646608,-0.2961170089209833,-0.3386466567372986,-0.3509324100615936,-0.4696097230424763,-0.3549638210716314,-0.4844145577933721,-0.3732627169668522,-0.3664595519186261,-0.3620028167560174,-0.6484466292680843,-0.429192551331732,-0.4372303779225472,-0.1920223529146078,0.90342218917247,-0.2378962583894591,-0.285278297887301,-0.6579458798781034,1.475962593537489,-0.599359767458393,-0.2741342281162285,-0.2715149221930298,-0.0545100065250983,-0.1054751099787656,-0.4783523531902899,0,9407790298126483679,TRAIN
-0.40118011873256,-0.5079938642590249,-0.4496293109643878,-0.4686314183190865,-0.3378076683812179,-0.4706406197225452,-0.2963929877022355,-0.3386466567372986,-0.3509324100615936,-0.5809180509977097,-0.3549638210716314,-0.5649659344636314,-0.3732626759153102,-0.3664595109855155,-0.3620028167560174,-0.6484466292680843,-0.4291925214661,-0.4372303481283579,-0.1920223529146078,0.90342218917247,-0.2378962583894591,-0.2852780729186127,-0.6579458798781034,1.475962593537489,-0.599359767458393,-0.2741341207742125,-0.2715149221930298,-0.0545096686124699,-0.1054751099787656,-0.0903463474738626,0,15405569697603911696,TRAIN
-0.40118011873256,-0.4981113540949978,-0.4465569454251236,-0.4686314183190865,-0.3378076683812179,-0.4676915470807261,-0.2963929877022355,-0.3386466567372986,-0.3509324100615936,-0.5538430523058961,-0.3549638210716314,-0.545372356354676,-0.3732612391113419,-0.3664596337848474,-0.3620028167560174,-0.6484466292680843,-0.429192611062996,-0.4372293053317309,-0.1920223529146078,-0.9241262771572012,-0.2378962583894591,-0.2852701990145214,-0.4191927610052267,1.475962593537489,-0.5124907103264267,-0.2741344428002606,-0.2715149221930298,-0.0544978416704768,-0.1054751099787656,-0.481912681778188,0,1085546133084963025,TRAIN
-0.40118011873256,-0.290578640650427,-0.3820372691005755,-0.3805016114589457,-0.3378076683812179,-0.4057610216025252,-0.2945053654114149,-0.3386466567372986,-0.3509324100615936,-0.3146805638615435,-0.3549638210716314,-0.3337617127779564,-0.3732564360809335,-0.3664595109855155,-0.3619917661326278,-0.6484466292680843,-0.4291925214661,-0.4372256406464417,-0.1920223529146078,-0.9241262771572012,-0.2378962583894591,-0.285266674505071,0.5358197144862799,-0.6775239456463912,1.3117594894448674,-0.2741341207742125,-0.2715147448067069,-0.0545096686124699,-0.1054751099787656,-0.4841466134411829,0,2948154413744390382,TRAIN
-0.40118011873256,-0.5079938642590249,-0.4496293109643878,-0.4686314183190865,-0.3378074890106277,-0.4460650143740527,-0.2963929877022355,-0.3386466567372986,-0.3509324100615936,-0.4189308793257164,-0.3549638210716314,-0.4016861168890022,-0.3732625117091424,-0.3664593472530729,-0.3620025997559415,-0.6484466292680843,-0.4291920137503562,-0.437229841627139,-0.1920223529146078,0.90342218917247,-0.2378962583894591,-0.2852783728768637,1.331663444062535,-0.6775239456463912,-0.599359767458393,-0.2741342638969005,-0.2715149221930298,-0.0545103444377266,-0.1054751099787656,-0.4841466134411829,0,3439545459716259957,TRAIN
-0.40118011873256,-0.5079938642590249,-0.4496293109643878,-0.4686314183190865,-0.3378076683812179,-0.4706406197225452,-0.2963929877022355,-0.3386466567372986,-0.3509324100615936,-0.5809180509977097,-0.3549638210716314,-0.5649659344636314,-0.3732607875443804,-0.3664596337848474,-0.3620028167560174,-0.6484466292680843,-0.429192611062996,-0.4372289775956481,-0.1920223529146078,0.90342218917247,-0.2378962583894591,-0.2852677243589498,-0.6579458798781034,1.475962593537489,-0.599359767458393,-0.2741344428002606,-0.2715149221930298,-0.0544941246315646,-0.1054751099787656,-0.4753505075181405,0,16782952135519240414,TRAIN
-0.40118011873256,-0.5079938642590249,-0.4496293109643878,-0.4686314183190865,-0.3378076683812179,-0.4706406197225452,-0.2963929877022355,-0.3386466567372986,-0.3509324100615936,-0.5809180509977097,-0.3549638210716314,-0.5649659344636314,-0.373222855919617,-0.3664198058682011,-0.3620028167560174,-0.6484466292680843,-0.4291635518030735,-0.4372014477646949,-0.1920223529146078,0.90342218917247,-0.2378962583894591,-0.2850598532909394,-0.6579458798781034,1.475962593537489,-0.599359767458393,-0.2740299990186347,-0.2715149221930298,-0.054181893362946,-0.1054751099787656,-0.4665544015950981,1,1497845503681495151,TRAIN
-0.40118011873256,-0.5079938642590249,-0.4496293109643878,-0.4686314183190865,-0.3378074890106277,-0.4460650143740527,-0.2963929877022355,-0.3386466567372986,-0.3509324100615936,-0.4189308793257164,-0.3549638210716314,-0.4016861168890022,-0.3732625117091424,-0.3664593472530729,-0.3620025997559415,-0.6484466292680843,-0.4291920137503562,-0.437229841627139,-0.1920223529146078,0.90342218917247,-0.2378962583894591,-0.2852783728768637,1.331663444062535,-0.6775239456463912,-0.599359767458393,-0.2741342638969005,-0.2715149221930298,-0.0545103444377266,-0.1054751099787656,-0.4841466134411829,0,3439545459716259957,TRAIN
-0.40118011873256,-0.5079938642590249,-0.4496293109643878,-0.4686314183190865,-0.3378076683812179,-0.4706406197225452,-0.2963929877022355,-0.3386466567372986,-0.3509324100615936,-0.5809180509977097,-0.3549638210716314,-0.5649659344636314,-0.3732626759153102,-0.3664595109855155,-0.3620028167560174,-0.6484466292680843,-0.4291925214661,-0.4372303481283579,-0.1920223529146078,-0.9241262771572012,-0.2378962583894591,-0.2852780729186127,-0.6579458798781034,1.475962593537489,-0.599359767458393,-0.2741341207742125,-0.2715149221930298,-0.0545096686124699,-0.1054751099787656,-0.4754901282470776,0,15873444851147210944,TRAIN
-0.40118011873256,-0.5079938642590249,-0.4496293109643878,-0.4686314183190865,-0.3378076683812179,-0.4706406197225452,-0.2963929877022355,-0.3386466567372986,-0.3509324100615936,-0.5809180509977097,-0.3549638210716314,-0.5649659344636314,-0.3732626759153102,-0.3664595109855155,-0.3620028167560174,-0.6484466292680843,-0.4291925214661,-0.4372303481283579,-0.1920223529146078,-0.9241262771572012,-0.2378962583894591,-0.2852780729186127,-0.6579458798781034,1.475962593537489,-0.599359767458393,-0.2741341207742125,-0.2715149221930298,-0.0545096686124699,-0.1054751099787656,-0.4754901282470776,0,15873444851147210944,TRAIN
-0.40118011873256,-0.4289337829468075,-0.4250503866502743,-0.4548071348901686,-0.3378076683812179,-0.4470480385879924,-0.2963465410176479,-0.3386466567372986,-0.3509324100615936,-0.4365180579747043,-0.3549638210716314,-0.4395670345663162,-0.3732590633796184,-0.366457668995537,-0.361999690592821,-0.6484466292680843,-0.4291911775126606,-0.4372248659975187,-0.1920223529146078,-0.9241262771572012,-0.2378962583894591,-0.2852647247764396,0.6154040874439054,-0.6775239456463912,0.095592689597338,-0.2741292903834898,-0.2715120840118628,-0.054494462544193,-0.1054751099787656,-0.4841466134411829,0,3745889634849259548,TRAIN
-0.40118011873256,-0.3399911914705629,-0.3973990967968965,-0.408150178309683,-0.3378076683812179,-0.4205063848116206,-0.2955039691300497,-0.3386466567372986,-0.3509324100615936,-0.3552930618992637,-0.3549638210716314,-0.3690301533740763,-0.3732564771324755,-0.3664595109855155,-0.3619930706908187,-0.6484466292680843,-0.4291925214661,-0.4372242999079212,-0.1920223529146078,-0.9241262771572012,-0.2378962583894591,-0.2852632999747453,0.6154040874439054,-0.6775239456463912,0.8774142037850355,-0.2741341207742125,-0.2715120248830885,-0.0545096686124699,-0.1054751099787656,-0.4841466134411829,0,17790487705224347715,TRAIN
-0.40118011873256,-0.5079938642590249,-0.4496293109643878,-0.4686314183190865,-0.3378076683812179,-0.4676915470807261,-0.2963929877022355,-0.3386466567372986,-0.3509324100615936,-0.5538430523058961,-0.3549638210716314,-0.545372356354676,-0.3732584065549472,-0.3664552539420096,-0.3620028167560174,-0.6484466292680843,-0.4291894154403735,-0.4372272495326662,-0.1920223529146078,-0.9241262771572012,-0.2378962583894591,-0.2852546761750271,-0.4191927610052267,1.475962593537489,-0.599359767458393,-0.2741229572045423,-0.2715149221930298,-0.0544745256991189,-0.1054751099787656,-0.4662053497727551,0,6792609695267291303,TRAIN
-0.40118011873256,-0.4091687626187532,-0.4189056555717458,-0.4548071348901686,-0.3378076683812179,-0.4411498933043543,-0.2963465410176479,-0.3386466567372986,-0.3509324100615936,-0.391393060155015,-0.3549638210716314,-0.4003798783484051,-0.3732570518540628,-0.3664595109855155,-0.3619928566546726,-0.6484466292680843,-0.4291925214661,-0.4372260875592818,-0.1920223529146078,-0.9241262771572012,-0.2378962583894591,-0.2852677993485119,1.0929103251896586,-0.6775239456463912,0.2693308038612708,-0.2741341207742125,-0.2715147448067069,-0.0545096686124699,-0.1054751099787656,-0.4841466134411829,0,2094685658787217629,TRAIN
-0.40118011873256,-0.5079938642590249,-0.4496293109643878,-0.4686314183190865,-0.3378076683812179,-0.4676915470807261,-0.2963929877022355,-0.3386466567372986,-0.3509324100615936,-0.5538430523058961,-0.3549638210716314,-0.545372356354676,-0.3732584065549472,-0.3664552539420096,-0.3620028167560174,-0.6484466292680843,-0.4291894154403735,-0.4372272495326662,-0.1920223529146078,-0.9241262771572012,-0.2378962583894591,-0.2852546761750271,-0.4191927610052267,1.475962593537489,-0.599359767458393,-0.2741229572045423,-0.2715149221930298,-0.0544745256991189,-0.1054751099787656,-0.4662053497727551,0,6792609695267291303,TRAIN
-0.40118011873256,-0.4981113540949978,-0.4465569454251236,-0.4686314183190865,-0.3378076683812179,-0.4676915470807261,-0.2963929877022355,-0.3386466567372986,-0.3509324100615936,-0.5538430523058961,-0.3549638210716314,-0.545372356354676,-0.3732595970496638,-0.3664596337848474,-0.3620028167560174,-0.6484466292680843,-0.429192611062996,-0.4372281135641572,-0.1920223529146078,-0.9241262771572012,-0.2378962583894591,-0.2852612002669885,-0.4191927610052267,1.475962593537489,-0.5124907103264267,-0.2741344428002606,-0.2715149221930298,-0.0544843251653417,-0.1054751099787656,-0.420339940316891,0,3492594118871351361,TRAIN
-0.40118011873256,-0.5079938642590249,-0.4496293109643878,-0.4686314183190865,-0.3378074890106277,-0.4460650143740527,-0.2963929877022355,-0.3386466567372986,-0.3509324100615936,-0.4189308793257164,-0.3549638210716314,-0.4016861168890022,-0.3732625117091424,-0.3664593472530729,-0.3620025997559415,-0.6484466292680843,-0.4291920137503562,-0.437229841627139,-0.1920223529146078,0.90342218917247,-0.2378962583894591,-0.2852783728768637,1.331663444062535,-0.6775239456463912,-0.599359767458393,-0.2741342638969005,-0.2715149221930298,-0.0545103444377266,-0.1054751099787656,-0.4841466134411829,0,3439545459716259957,TRAIN
-0.40118011873256,-0.5079938642590249,-0.4496293109643878,-0.4686314183190865,-0.3378074890106277,-0.4460650143740527,-0.2963929877022355,-0.3386466567372986,-0.3509324100615936,-0.4189308793257164,-0.3549638210716314,-0.4016861168890022,-0.3732625117091424,-0.3664593472530729,-0.3620025997559415,-0.6484466292680843,-0.4291920137503562,-0.437229841627139,-0.1920223529146078,0.90342218917247,-0.2378962583894591,-0.2852783728768637,1.331663444062535,-0.6775239456463912,-0.599359767458393,-0.2741342638969005,-0.2715149221930298,-0.0545103444377266,-0.1054751099787656,-0.4841466134411829,0,3439545459716259957,TRAIN
-0.40118011873256,-0.5079938642590249,-0.4496293109643878,-0.4686314183190865,-0.3378076683812179,-0.4706406197225452,-0.2963929877022355,-0.3386466567372986,-0.3509324100615936,-0.5809180509977097,-0.3549638210716314,-0.5649659344636314,-0.373222855919617,-0.3664198058682011,-0.3620028167560174,-0.6484466292680843,-0.4291635518030735,-0.4372014477646949,-0.1920223529146078,0.90342218917247,-0.2378962583894591,-0.2850598532909394,-0.6579458798781034,1.475962593537489,-0.599359767458393,-0.2740299990186347,-0.2715149221930298,-0.054181893362946,-0.1054751099787656,-0.4665544015950981,1,1497845503681495151,TRAIN
-0.40118011873256,-0.5079938642590249,-0.4496293109643878,-0.4686314183190865,-0.3378076683812179,-0.4706406197225452,-0.2963929877022355,-0.3386466567372986,-0.3509324100615936,-0.5809180509977097,-0.3549638210716314,-0.5649659344636314,-0.3732570108025209,-0.3664538622162481,-0.3620028167560174,-0.6484466292680843,-0.4291884000088859,-0.4372262365302286,-0.1920223529146078,0.90342218917247,-0.2378962583894591,-0.2852470272396241,-0.6579458798781034,1.475962593537489,-0.599359767458393,-0.2741193075759962,-0.2715149221930298,-0.0544630366697541,-0.1054751099787656,-0.4611091931665479,0,516750434422227158,TRAIN
-0.40118011873256,-0.4701109086302541,-0.4378519097305417,-0.4686314183190865,-0.3378076683812179,-0.4593358412622387,-0.2963929877022355,-0.3386466567372986,-0.3509324100615936,-0.4944284718433053,-0.3549638210716314,-0.489857218379302,-0.3732561487201399,-0.3664595928517367,-0.3619923742837679,-0.6484466292680843,-0.429192581197364,-0.4372241807311638,-0.1920223529146078,0.90342218917247,-0.2378962583894591,-0.285263000016495,0.2572744091345904,-0.6775239456463912,-0.2663617151191885,-0.2741343354582446,-0.2715121431406371,-0.0545103444377266,-0.1054751099787656,-0.4841466134411829,0,8661695051829477467,TRAIN
-0.40118011873256,-0.5079938642590249,-0.4496293109643878,-0.4686314183190865,-0.3378076683812179,-0.4706406197225452,-0.2963929877022355,-0.3386466567372986,-0.3509324100615936,-0.5809180509977097,-0.3549638210716314,-0.5649659344636314,-0.3732494573188017,-0.3664463305238916,-0.3620028167560174,-0.6484466292680843,-0.4291829047326004,-0.4372207543993894,-0.1920223529146078,0.90342218917247,-0.2378962583894591,-0.2852056330009727,-0.6579458798781034,1.475962593537489,-0.599359767458393,-0.2740995566450412,-0.2715149221930298,-0.0544008607461331,-0.1054751099787656,-0.4752806971536719,0,12911829287618740308,TRAIN
-0.40118011873256,-0.5079938642590249,-0.4496293109643878,-0.4686314183190865,-0.3378076683812179,-0.4706406197225452,-0.2963929877022355,-0.3386466567372986,-0.3509324100615936,-0.5809180509977097,-0.3549638210716314,-0.5649659344636314,-0.373222855919617,-0.3664198058682011,-0.3620028167560174,-0.6484466292680843,-0.4291635518030735,-0.4372014477646949,-0.1920223529146078,0.90342218917247,-0.2378962583894591,-0.2850598532909394,-0.6579458798781034,1.475962593537489,-0.599359767458393,-0.2740299990186347,-0.2715149221930298,-0.054181893362946,-0.1054751099787656,-0.4665544015950981,1,1497845503681495151,TRAIN
-0.40118011873256,-0.5079938642590249,-0.4496293109643878,-0.4686314183190865,-0.3378074890106277,-0.4460650143740527,-0.2963929877022355,-0.3386466567372986,-0.3509324100615936,-0.4189308793257164,-0.3549638210716314,-0.4016861168890022,-0.3732625117091424,-0.3664593472530729,-0.3620025997559415,-0.6484466292680843,-0.4291920137503562,-0.437229841627139,-0.1920223529146078,0.90342218917247,-0.2378962583894591,-0.2852783728768637,1.331663444062535,-0.6775239456463912,-0.599359767458393,-0.2741342638969005,-0.2715149221930298,-0.0545103444377266,-0.1054751099787656,-0.4841466134411829,0,3439545459716259957,TRAIN
-0.40118011873256,-0.5079938642590249,-0.4496293109643878,-0.4686314183190865,-0.3378076683812179,-0.4706406197225452,-0.2963929877022355,-0.3386466567372986,-0.3509324100615936,-0.5809180509977097,-0.3549638210716314,-0.5649659344636314,-0.3732607875443804,-0.3664596337848474,-0.3620028167560174,-0.6484466292680843,-0.429192611062996,-0.4372289775956481,-0.1920223529146078,0.90342218917247,-0.2378962583894591,-0.2852677243589498,-0.6579458798781034,1.475962593537489,-0.599359767458393,-0.2741344428002606,-0.2715149221930298,-0.0544941246315646,-0.1054751099787656,-0.1380966367703787,0,5537762716552265848,TRAIN
-0.40118011873256,-0.5079938642590249,-0.4496293109643878,-0.4686314183190865,-0.3378076683812179,-0.4706406197225452,-0.2963929877022355,-0.3386466567372986,-0.3509324100615936,-0.5809180509977097,-0.3549638210716314,-0.5649659344636314,-0.3732626759153102,-0.3664595109855155,-0.3620028167560174,-0.6484466292680843,-0.4291925214661,-0.4372303481283579,-0.1920223529146078,-0.9241262771572012,-0.2378962583894591,-0.2852780729186127,-0.6579458798781034,1.475962593537489,-0.599359767458393,-0.2741341207742125,-0.2715149221930298,-0.0545096686124699,-0.1054751099787656,-0.4754901282470776,0,15873444851147210944,TRAIN
-0.40118011873256,-0.4981113540949978,-0.4465569454251236,-0.4686314183190865,-0.3378076683812179,-0.4676915470807261,-0.2963929877022355,-0.3386466567372986,-0.3509324100615936,-0.5538430523058961,-0.3549638210716314,-0.545372356354676,-0.3732595970496638,-0.3664596337848474,-0.3620028167560174,-0.6484466292680843,-0.429192611062996,-0.4372281135641572,-0.1920223529146078,-0.9241262771572012,-0.2378962583894591,-0.2852612002669885,-0.4191927610052267,1.475962593537489,-0.5124907103264267,-0.2741344428002606,-0.2715149221930298,-0.0544843251653417,-0.1054751099787656,-0.420339940316891,0,3492594118871351361,TRAIN
-0.40118011873256,-0.5079938642590249,-0.4496293109643878,-0.4349334966888188,-0.3378076683812179,-0.4524546717646608,-0.2961170089210034,-0.3386466567372986,-0.3509324100615936,-0.4696097230424763,-0.3549638210716314,-0.4844145577825957,-0.3732610338536322,-0.3664578736610901,-0.3620028167560174,-0.6484466292680843,-0.4291913268408205,-0.4372291563607842,-0.1920223529146078,0.90342218917247,-0.2378962583894591,-0.2852690741710798,-0.6579458798781034,1.475962593537489,-0.599359767458393,-0.2741298270935701,-0.2715149221930298,-0.0544961521073349,-0.1054751099787656,-0.462645021184857,0,16927526917322834111,TRAIN
-0.40118011873256,-0.4981113540949978,-0.4465569454251236,-0.465175347461857,-0.3378076683812179,-0.4676915470807261,-0.2963900847844488,-0.3386466567372986,-0.3509324100615936,-0.5673805516518029,-0.3549638210716314,-0.5532097875982582,-0.3732592686373282,-0.3664595109855155,-0.361996818554317,1.5421469630102351,-0.4291925214661,-0.437227666651317,-0.1920223529146078,-0.3149434550473107,-0.2378962583894591,-0.2852717737953396,-0.5783615069204778,-0.6775239456463912,-0.5124907103264267,-0.2741341207742125,-0.2715146856779326,-0.0545096686124699,-0.1054751099787656,-0.4125909898608774,0,16261496183555883026,TRAIN
-0.40118011873256,-0.5079938642590249,-0.4496293109643878,-0.4686314183190865,-0.3378076683812179,-0.4706406197225452,-0.2963929877022355,-0.3386466567372986,-0.3509324100615936,-0.5809180509977097,-0.3549638210716314,-0.5649659344636314,-0.3732626759153102,-0.3664595109855155,-0.3620028167560174,-0.6484466292680843,-0.4291925214661,-0.4372303481283579,-0.1920223529146078,0.90342218917247,-0.2378962583894591,-0.2852780729186127,-0.6579458798781034,1.475962593537489,-0.599359767458393,-0.2741341207742125,-0.2715149221930298,-0.0545096686124699,-0.1054751099787656,-0.0903463474738626,0,15405569697603911696,TRAIN
-0.40118011873256,-0.5079938642590249,-0.4496293109643878,-0.4686314183190865,-0.3378076683812179,-0.4676915470807261,-0.2963929877022355,-0.3386466567372986,-0.3509324100615936,-0.5538430523058961,-0.3549638210716314,-0.545372356354676,-0.3732584065549472,-0.3664552539420096,-0.3620028167560174,-0.6484466292680843,-0.4291894154403735,-0.4372272495326662,-0.1920223529146078,-0.9241262771572012,-0.2378962583894591,-0.2852546761750271,-0.4191927610052267,1.475962593537489,-0.599359767458393,-0.2741229572045423,-0.2715149221930298,-0.0544745256991189,-0.1054751099787656,-0.4662053497727551,0,6792609695267291303,TRAIN
-0.40118011873256,-0.5079938642590249,-0.4496293109643878,-0.4686314183190865,-0.3378076683812179,-0.4706406197225452,-0.2963929877022355,-0.3386466567372986,-0.3509324100615936,-0.5809180509977097,-0.3549638210716314,-0.5649659344636314,-0.373222855919617,-0.3664198058682011,-0.3620028167560174,-0.6484466292680843,-0.4291635518030735,-0.4372014477646949,-0.1920223529146078,0.90342218917247,-0.2378962583894591,-0.2850598532909394,-0.6579458798781034,1.475962593537489,-0.599359767458393,-0.2740299990186347,-0.2715149221930298,-0.054181893362946,-0.1054751099787656,-0.4665544015950981,1,1497845503681495151,TRAIN
-0.40118011873256,-0.4981113540949978,-0.4465569454251236,-0.4686314183190865,-0.3378076683812179,-0.4676915470807261,-0.2963929877022355,-0.3386466567372986,-0.3509324100615936,-0.5538430523058961,-0.3549638210716314,-0.545372356354676,-0.3732605822866707,-0.3664596337848474,-0.3620028167560174,-0.6484466292680843,-0.429192611062996,-0.4372288286247014,-0.1920223529146078,-0.9241262771572012,-0.2378962583894591,-0.2852665995155082,-0.4191927610052267,1.475962593537489,-0.5124907103264267,-0.2741344428002606,-0.2715149221930298,-0.0544924350684227,-0.1054751099787656,-0.4818428714137194,0,2645769624765857911,TRAIN
-0.40118011873256,-0.5079938642590249,-0.4496293109643878,-0.4403980245284283,-0.3378076683812179,-0.4554037444064799,-0.2961992582582941,-0.3386466567372986,-0.3509324100615936,-0.487659722170352,-0.3549638210716314,-0.497476943188566,-0.3732626759153102,-0.3664595109855155,-0.3620028167560174,-0.6484466292680843,-0.4291925214661,-0.4372303481283579,-0.1920223529146078,0.90342218917247,-0.2378962583894591,-0.2852780729186127,-0.6579458798781034,1.475962593537489,-0.599359767458393,-0.2741341207742125,-0.2715149221930298,-0.0545096686124699,-0.1054751099787656,-0.4629242626427313,0,17864302160861986873,TRAIN
-0.40118011873256,-0.5079938642590249,-0.4496293109643878,-0.4686314183190865,-0.3378076683812179,-0.4706406197225452,-0.2963929877022355,-0.3386466567372986,-0.3509324100615936,-0.5809180509977097,-0.3549638210716314,-0.5649659344636314,-0.3732606643897546,-0.3664596337848474,-0.3620028167560174,-0.6484466292680843,-0.429192611062996,-0.4372288882130801,-0.1920223529146078,0.90342218917247,-0.2378962583894591,-0.2852670494528848,-0.6579458798781034,1.475962593537489,-0.599359767458393,-0.2741344428002606,-0.2715149221930298,-0.0544931108936795,-0.1054751099787656,-0.4558734158314036,0,8895906479142600935,TRAIN
-0.40118011873256,-0.4981113540949978,-0.4465569454251236,-0.4686314183190865,-0.3378076683812179,-0.4676915470807261,-0.2963929877022355,-0.3386466567372986,-0.3509324100615936,-0.5538430523058961,-0.3549638210716314,-0.545372356354676,-0.3732626759153102,-0.3664596337848474,-0.3620028167560174,-0.6484466292680843,-0.429192611062996,-0.4372303481283579,-0.1920223529146078,-0.9241262771572012,-0.2378962583894591,-0.2852780729186127,-0.4191927610052267,1.475962593537489,-0.5124907103264267,-0.2741344428002606,-0.2715149221930298,-0.0545096686124699,-0.1054751099787656,-0.4766769044430437,0,15564636983479894257,TRAIN
-0.40118011873256,-0.5079938642590249,-0.4496293109643878,-0.4686314183190865,-0.3378076683812179,-0.4706406197225452,-0.2963929877022355,-0.3386466567372986,-0.3509324100615936,-0.5809180509977097,-0.3549638210716314,-0.5649659344636314,-0.3732626759153102,-0.3664595109855155,-0.3620028167560174,-0.6484466292680843,-0.4291925214661,-0.4372303481283579,-0.1920223529146078,-0.9241262771572012,-0.2378962583894591,-0.2852780729186127,-0.6579458798781034,1.475962593537489,-0.599359767458393,-0.2741341207742125,-0.2715149221930298,-0.0545096686124699,-0.1054751099787656,-0.4754901282470776,0,15873444851147210944,TRAIN
-0.40118011873256,-0.4981113540949978,-0.4465569454251236,-0.4686314183190865,-0.3378076683812179,-0.4676915470807261,-0.2963929877022355,-0.3386466567372986,-0.3509324100615936,-0.5538430523058961,-0.3549638210716314,-0.545372356354676,-0.3732605822866707,-0.3664596337848474,-0.3620028167560174,-0.6484466292680843,-0.429192611062996,-0.4372288286247014,-0.1920223529146078,-0.9241262771572012,-0.2378962583894591,-0.2852665995155082,-0.4191927610052267,1.475962593537489,-0.5124907103264267,-0.2741344428002606,-0.2715149221930298,-0.0544924350684227,-0.1054751099787656,-0.4818428714137194,0,2645769624765857911,TRAIN
-0.40118011873256,-0.4981113540949978,-0.4465569454251236,-0.465175347461857,-0.3378076683812179,-0.4676915470807261,-0.2963900847844488,-0.3386466567372986,-0.3509324100615936,-0.5673805516518029,-0.3549638210716314,-0.5532097875982582,-0.3732607464928384,-0.3664576280624264,-0.3619992901726583,1.5421469630102351,-0.4291911476470286,-0.4372274580919916,-0.1920223529146078,-0.3149434550473107,-0.2378962583894591,-0.285271248868401,-0.5783615069204778,-0.6775239456463912,-0.5124907103264267,-0.2741291830414737,-0.2715119657543142,-0.0545103444377266,-0.1054751099787656,-0.4125909898608774,0,7737363831643046036,TRAIN
-0.40118011873256,-0.3729328920173201,-0.4076403152611105,-0.4262945503140816,-0.3378076683812179,-0.4303366269510176,-0.2959573686018645,-0.3386466567372986,-0.3509324100615936,-0.3831201438880721,-0.3549638210716314,-0.3931955663751215,-0.3732549171738814,-0.3664595928517367,-0.3619889307753125,-0.6484466292680843,-0.429192581197364,-0.4372246574381933,-0.1920223529146078,-0.9241262771572012,-0.2378962583894591,-0.2852641998494987,0.6551962739227182,-0.6775239456463912,0.5878506800118143,-0.2741343354582446,-0.2715148630642555,-0.0545103444377266,-0.1054751099787656,-0.4841466134411829,0,16106803596795576357,TRAIN
-0.40118011873256,-0.4981113540949978,-0.4465569454251236,-0.465175347461857,-0.3378076683812179,-0.4676915470807261,-0.2963900847844488,-0.3386466567372986,-0.3509324100615936,-0.5673805516518029,-0.3549638210716314,-0.5532097875982582,-0.3732592686373282,-0.3664595109855155,-0.361996818554317,1.5421469630102351,-0.4291925214661,-0.437227666651317,-0.1920223529146078,-0.3149434550473107,-0.2378962583894591,-0.2852717737953396,-0.5783615069204778,-0.6775239456463912,-0.5124907103264267,-0.2741341207742125,-0.2715146856779326,-0.0545096686124699,-0.1054751099787656,-0.4125909898608774,0,16261496183555883026,TRAIN
-0.40118011873256,-0.5079938642590249,-0.4496293109643878,-0.4686314183190865,-0.3378076683812179,-0.4706406197225452,-0.2963929877022355,-0.3386466567372986,-0.3509324100615936,-0.5809180509977097,-0.3549638210716314,-0.5649659344636314,-0.3732626759153102,-0.3664595109855155,-0.3620028167560174,-0.6484466292680843,-0.4291925214661,-0.4372303481283579,-0.1920223529146078,-0.9241262771572012,-0.2378962583894591,-0.2852780729186127,-0.6579458798781034,1.475962593537489,-0.599359767458393,-0.2741341207742125,-0.2715149221930298,-0.0545096686124699,-0.1054751099787656,-0.4754901282470776,0,15873444851147210944,TRAIN
-0.40118011873256,-0.5079938642590249,-0.4496293109643878,-0.4686314183190865,-0.3378076683812179,-0.4706406197225452,-0.2963929877022355,-0.3386466567372986,-0.3509324100615936,-0.5809180509977097,-0.3549638210716314,-0.5649659344636314,-0.3732626759153102,-0.3664595109855155,-0.3620028167560174,-0.6484466292680843,-0.4291925214661,-0.4372303481283579,-0.1920223529146078,-0.9241262771572012,-0.2378962583894591,-0.2852780729186127,-0.6579458798781034,1.475962593537489,-0.599359767458393,-0.2741341207742125,-0.2715149221930298,-0.0545096686124699,-0.1054751099787656,-0.4754901282470776,0,15873444851147210944,TRAIN
-0.40118011873256,-0.5079938642590249,-0.4496293109643878,-0.4686314183190865,-0.3378074890106277,-0.4460650143740527,-0.2963929877022355,-0.3386466567372986,-0.3509324100615936,-0.4189308793257164,-0.3549638210716314,-0.4016861168890022,-0.3732625117091424,-0.3664593472530729,-0.3620025997559415,-0.6484466292680843,-0.4291920137503562,-0.437229841627139,-0.1920223529146078,0.90342218917247,-0.2378962583894591,-0.2852783728768637,1.331663444062535,-0.6775239456463912,-0.599359767458393,-0.2741342638969005,-0.2715149221930298,-0.0545103444377266,-0.1054751099787656,-0.4841466134411829,0,3439545459716259957,TRAIN
-0.40118011873256,-0.229636494638926,-0.3630910149417797,-0.3580371508877428,-0.3378076683812179,-0.3875750736446408,-0.2934203998886249,-0.3386466567372986,-0.3509324100615936,-0.2342076510830978,-0.3549638210716314,-0.2638779508560151,-0.3732561076685979,-0.3664595109855155,-0.3619924265484681,-0.6484466292680843,-0.4291925214661,-0.4372240615544064,-0.1920223529146078,0.90342218917247,-0.2378962583894591,-0.2852627000582447,0.9735337657532204,-0.6775239456463912,1.8474520084253268,-0.2741341207742125,-0.2715120840118628,-0.0545096686124699,-0.1054751099787656,-0.4841466134411829,0,6294656846150893582,TRAIN
-0.40118011873256,-0.4981113540949978,-0.4465569454251236,-0.4686314183190865,-0.3378076683812179,-0.4676915470807261,-0.2963929877022355,-0.3386466567372986,-0.3509324100615936,-0.5538430523058961,-0.3549638210716314,-0.545372356354676,-0.3732595970496638,-0.3664596337848474,-0.3620028167560174,-0.6484466292680843,-0.429192611062996,-0.4372281135641572,-0.1920223529146078,-0.9241262771572012,-0.2378962583894591,-0.2852612002669885,-0.4191927610052267,1.475962593537489,-0.5124907103264267,-0.2741344428002606,-0.2715149221930298,-0.0544843251653417,-0.1054751099787656,-0.420339940316891,0,3492594118871351361,TRAIN
-0.40118011873256,-0.4981113540949978,-0.4465569454251236,-0.4686314183190865,-0.3378076683812179,-0.4676915470807261,-0.2963929877022355,-0.3386466567372986,-0.3509324100615936,-0.5538430523058961,-0.3549638210716314,-0.545372356354676,-0.3732605822866707,-0.3664596337848474,-0.3620028167560174,-0.6484466292680843,-0.429192611062996,-0.4372288286247014,-0.1920223529146078,-0.9241262771572012,-0.2378962583894591,-0.2852665995155082,-0.4191927610052267,1.475962593537489,-0.5124907103264267,-0.2741344428002606,-0.2715149221930298,-0.0544924350684227,-0.1054751099787656,-0.4818428714137194,0,2645769624765857911,TRAIN
-0.40118011873256,-0.4981113540949978,-0.4465569454251236,-0.4686314183190865,-0.3378076683812179,-0.4676915470807261,-0.2963929877022355,-0.3386466567372986,-0.3509324100615936,-0.5538430523058961,-0.3549638210716314,-0.545372356354676,-0.3732595970496638,-0.3664596337848474,-0.3620028167560174,-0.6484466292680843,-0.429192611062996,-0.4372281135641572,-0.1920223529146078,-0.9241262771572012,-0.2378962583894591,-0.2852612002669885,-0.4191927610052267,1.475962593537489,-0.5124907103264267,-0.2741344428002606,-0.2715149221930298,-0.0544843251653417,-0.1054751099787656,-0.420339940316891,0,3492594118871351361,TRAIN
-0.40118011873256,-0.5079938642590249,-0.4496293109643878,-0.4686314183190865,-0.3378076683812179,-0.4676915470807261,-0.2963929877022355,-0.3386466567372986,-0.3509324100615936,-0.5538430523058961,-0.3549638210716314,-0.545372356354676,-0.3732584065549472,-0.3664552539420096,-0.3620028167560174,-0.6484466292680843,-0.4291894154403735,-0.4372272495326662,-0.1920223529146078,-0.9241262771572012,-0.2378962583894591,-0.2852546761750271,-0.4191927610052267,1.475962593537489,-0.599359767458393,-0.2741229572045423,-0.2715149221930298,-0.0544745256991189,-0.1054751099787656,-0.4662053497727551,0,6792609695267291303,TRAIN
-0.40118011873256,-0.399286252454726,-0.4158332900324817,-0.4548071348900108,-0.3378076683812179,-0.4382008206625352,-0.2963465410176479,-0.3386466567372986,-0.3509324100615936,-0.3688305612451705,-0.3549638210716314,-0.3807863002394496,-0.3732566823901853,-0.3664595109855155,-0.3619922023414457,-0.6484466292680843,-0.4291925214661,-0.4372258194115777,-0.1920223529146078,0.90342218917247,-0.2378962583894591,-0.2852671244424476,1.331663444062535,-0.6775239456463912,0.3561998609932372,-0.2741341207742125,-0.2715147448067069,-0.0545096686124699,-0.1054751099787656,-0.4841466134411829,0,13979521799519863001,TRAIN
-0.40118011873256,-0.5079938642590249,-0.4496293109643878,-0.4686314183190865,-0.3378074890106277,-0.4460650143740527,-0.2963929877022355,-0.3386466567372986,-0.3509324100615936,-0.4189308793257164,-0.3549638210716314,-0.4016861168890022,-0.3732625117091424,-0.3664593472530729,-0.3620025997559415,-0.6484466292680843,-0.4291920137503562,-0.437229841627139,-0.1920223529146078,0.90342218917247,-0.2378962583894591,-0.2852783728768637,1.331663444062535,-0.6775239456463912,-0.599359767458393,-0.2741342638969005,-0.2715149221930298,-0.0545103444377266,-0.1054751099787656,-0.4841466134411829,0,3439545459716259957,TRAIN
-0.40118011873256,-0.5079938642590249,-0.4496293109643878,-0.4686314183190865,-0.3378076683812179,-0.4706406197225452,-0.2963929877022355,-0.3386466567372986,-0.3509324100615936,-0.5809180509977097,-0.3549638210716314,-0.5649659344636314,-0.373222855919617,-0.3664198058682011,-0.3620028167560174,-0.6484466292680843,-0.4291635518030735,-0.4372014477646949,-0.1920223529146078,0.90342218917247,-0.2378962583894591,-0.2850598532909394,-0.6579458798781034,1.475962593537489,-0.599359767458393,-0.2740299990186347,-0.2715149221930298,-0.054181893362946,-0.1054751099787656,-0.4665544015950981,1,1497845503681495151,TRAIN
-0.40118011873256,-0.5079938642590249,-0.4496293109643878,-0.4686314183190865,-0.3378076683812179,-0.4706406197225452,-0.2963929877022355,-0.3386466567372986,-0.3509324100615936,-0.5809180509977097,-0.3549638210716314,-0.5649659344636314,-0.3732608285959224,-0.3664596337848474,-0.3620028167560174,-0.6484466292680843,-0.429192611062996,-0.4372290073898375,-0.1920223529146078,0.90342218917247,-0.2378962583894591,-0.2852679493276381,-0.6579458798781034,1.475962593537489,-0.599359767458393,-0.2741344428002606,-0.2715149221930298,-0.054494462544193,-0.1054751099787656,-0.4208984232326397,0,15508384312669765716,TRAIN
-0.40118011873256,-0.290578640650427,-0.3820372691005755,-0.3805016114589457,-0.3378076683812179,-0.4057610216025252,-0.2945053654114149,-0.3386466567372986,-0.3509324100615936,-0.3146805638615435,-0.3549638210716314,-0.3337617127779564,-0.3732564360809335,-0.3664595109855155,-0.3619917661326278,-0.6484466292680843,-0.4291925214661,-0.4372256406464417,-0.1920223529146078,-0.9241262771572012,-0.2378962583894591,-0.285266674505071,0.5358197144862799,-0.6775239456463912,1.3117594894448674,-0.2741341207742125,-0.2715147448067069,-0.0545096686124699,-0.1054751099787656,-0.4841466134411829,0,2948154413744390382,TRAIN
-0.40118011873256,-0.5079938642590249,-0.4496293109643878,-0.4686314183190865,-0.3378076683812179,-0.4706406197225452,-0.2963929877022355,-0.3386466567372986,-0.3509324100615936,-0.5809180509977097,-0.3549638210716314,-0.5649659344636314,-0.3732626759153102,-0.3664595109855155,-0.3620028167560174,-0.6484466292680843,-0.4291925214661,-0.4372303481283579,-0.1920223529146078,0.90342218917247,-0.2378962583894591,-0.2852780729186127,-0.6579458798781034,1.475962593537489,-0.599359767458393,-0.2741341207742125,-0.2715149221930298,-0.0545096686124699,-0.1054751099787656,-0.0899274852870511,0,5496464567001415860,TRAIN
-0.40118011873256,-0.4981113540949978,-0.4465569454251236,-0.4686314183190865,-0.3378076683812179,-0.4676915470807261,-0.2963929877022355,-0.3386466567372986,-0.3509324100615936,-0.5538430523058961,-0.3549638210716314,-0.545372356354676,-0.3732595559981219,-0.3664596337848474,-0.3620028167560174,-0.6484466292680843,-0.429192611062996,-0.4372280837699678,-0.1920223529146078,-0.9241262771572012,-0.2378962583894591,-0.2852609752983001,-0.4191927610052267,1.475962593537489,-0.5124907103264267,-0.2741344428002606,-0.2715149221930298,-0.0544839872527134,-0.1054751099787656,-0.4124513691319402,0,9545363615456165941,TRAIN
-0.40118011873256,-0.5079938642590249,-0.4496293109643878,-0.4686314183190865,-0.3378076683812179,-0.4706406197225452,-0.2963929877022355,-0.3386466567372986,-0.3509324100615936,-0.5809180509977097,-0.3549638210716314,-0.5649659344636314,-0.3732608285959224,-0.3664596337848474,-0.3620028167560174,-0.6484466292680843,-0.429192611062996,-0.4372290073898375,-0.1920223529146078,0.90342218917247,-0.2378962583894591,-0.2852679493276381,-0.6579458798781034,1.475962593537489,-0.599359767458393,-0.2741344428002606,-0.2715149221930298,-0.054494462544193,-0.1054751099787656,-0.4208984232326397,0,15508384312669765716,TRAIN
-0.40118011873256,-0.4981113540949978,-0.4465569454251236,-0.4686314183190865,-0.3378076683812179,-0.4676915470807261,-0.2963929877022355,-0.3386466567372986,-0.3509324100615936,-0.5538430523058961,-0.3549638210716314,-0.545372356354676,-0.3732626759153102,-0.3664596337848474,-0.3620028167560174,-0.6484466292680843,-0.429192611062996,-0.4372303481283579,-0.1920223529146078,-0.9241262771572012,-0.2378962583894591,-0.2852780729186127,-0.4191927610052267,1.475962593537489,-0.5124907103264267,-0.2741344428002606,-0.2715149221930298,-0.0545096686124699,-0.1054751099787656,-0.4766769044430437,0,15564636983479894257,TRAIN
-0.40118011873256,-0.5079938642590249,-0.4496293109643878,-0.4686314183190865,-0.3378074890106277,-0.4460650143740527,-0.2963929877022355,-0.3386466567372986,-0.3509324100615936,-0.4189308793257164,-0.3549638210716314,-0.4016861168890022,-0.3732625117091424,-0.3664593472530729,-0.3620025997559415,-0.6484466292680843,-0.4291920137503562,-0.437229841627139,-0.1920223529146078,0.90342218917247,-0.2378962583894591,-0.2852783728768637,1.331663444062535,-0.6775239456463912,-0.599359767458393,-0.2741342638969005,-0.2715149221930298,-0.0545103444377266,-0.1054751099787656,-0.4841466134411829,0,3439545459716259957,TRAIN
-0.40118011873256,-0.5079938642590249,-0.4496293109643878,-0.4686314183190865,-0.3378076683812179,-0.4706406197225452,-0.2963929877022355,-0.3386466567372986,-0.3509324100615936,-0.5809180509977097,-0.3549638210716314,-0.5649659344636314,-0.3732626759153102,-0.3664595109855155,-0.3620028167560174,-0.6484466292680843,-0.4291925214661,-0.4372303481283579,-0.1920223529146078,-0.9241262771572012,-0.2378962583894591,-0.2852780729186127,-0.6579458798781034,1.475962593537489,-0.599359767458393,-0.2741341207742125,-0.2715149221930298,-0.0545096686124699,-0.1054751099787656,-0.4754901282470776,0,15873444851147210944,TRAIN
-0.40118011873256,-0.4981113540949978,-0.4465569454251236,-0.465175347461857,-0.3378076683812179,-0.4676915470807261,-0.2963900847844488,-0.3386466567372986,-0.3509324100615936,-0.5673805516518029,-0.3549638210716314,-0.5532097875982582,-0.3732607875443804,-0.3664576280624264,-0.3619997632942908,1.5421469630102351,-0.4291911476470286,-0.4372283817118613,-0.1920223529146078,-0.3149434550473107,-0.2378962583894591,-0.2852735735448462,-0.5783615069204778,-0.6775239456463912,-0.5124907103264267,-0.2741291830414737,-0.2715148630642555,-0.0545103444377266,-0.1054751099787656,-0.4125909898608774,0,9578959622884163697,TRAIN
-0.40118011873256,-0.5079938642590249,-0.4496293109643878,-0.4441805820546621,-0.3378073739796201,-0.4554037444064799,-0.2962476906192643,-0.3386466567372986,-0.3509324100615936,-0.5498319413986182,-0.3549638210716314,-0.5396575627395639,-0.3732626348637682,-0.3664594700524048,-0.3620024605930089,-0.6484466292680843,-0.429192491600468,-0.4372303183341686,-0.1920223529146078,0.90342218917247,-0.2378962583894591,-0.285278297887301,-0.6579458798781034,1.475962593537489,-0.599359767458393,-0.2741342281162285,-0.2715149221930298,-0.054510682350355,-0.1054751099787656,-0.4799579915730674,0,10468070615587225815,TRAIN
-0.40118011873256,-0.5079938642590249,-0.4496293109643878,-0.4686314183190865,-0.3378076683812179,-0.4706406197225452,-0.2963929877022355,-0.3386466567372986,-0.3509324100615936,-0.5809180509977097,-0.3549638210716314,-0.5649659344636314,-0.373222855919617,-0.3664198058682011,-0.3620028167560174,-0.6484466292680843,-0.4291635518030735,-0.4372014477646949,-0.1920223529146078,0.90342218917247,-0.2378962583894591,-0.2850598532909394,-0.6579458798781034,1.475962593537489,-0.599359767458393,-0.2740299990186347,-0.2715149221930298,-0.054181893362946,-0.1054751099787656,-0.4665544015950981,1,1497845503681495151,TRAIN
-0.40118011873256,-0.4981113540949978,-0.4465569454251236,-0.465175347461857,-0.3378076683812179,-0.4676915470807261,-0.2963900847844488,-0.3386466567372986,-0.3509324100615936,-0.5673805516518029,-0.3549638210716314,-0.5532097875982582,-0.3732607875443804,-0.3664576280624264,-0.3619997632942908,1.5421469630102351,-0.4291911476470286,-0.4372283817118613,-0.1920223529146078,-0.3149434550473107,-0.2378962583894591,-0.2852735735448462,-0.5783615069204778,-0.6775239456463912,-0.5124907103264267,-0.2741291830414737,-0.2715148630642555,-0.0545103444377266,-0.1054751099787656,-0.4125909898608774,0,9578959622884163697,TRAIN
-0.40118011873256,-0.290578640650427,-0.3820372691005755,-0.3805016114518471,-0.3378076683812179,-0.4057610216025252,-0.2945053654114149,-0.3386466567372986,-0.3509324100615936,-0.3146805638615435,-0.3549638210716314,-0.3337617127779564,-0.3732549992769652,-0.3664595109855155,-0.361989257785741,-0.6484466292680843,-0.4291925214661,-0.4372245680556253,-0.1920223529146078,-0.9241262771572012,-0.2378962583894591,-0.2852639748808103,0.5358197144862799,-0.6775239456463912,1.3117594894448674,-0.2741341207742125,-0.2715146856779326,-0.0545096686124699,-0.1054751099787656,-0.4841466134411829,0,8070352391376601223,TRAIN
-0.40118011873256,-0.4981113540949978,-0.4465569454251236,-0.465175347461857,-0.3378076683812179,-0.4676915470807261,-0.2963900847844488,-0.3386466567372986,-0.3509324100615936,-0.5673805516518029,-0.3549638210716314,-0.5532097875982582,-0.3732607875443804,-0.3664576280624264,-0.3619997632942908,1.5421469630102351,-0.4291911476470286,-0.4372283817118613,-0.1920223529146078,-0.3149434550473107,-0.2378962583894591,-0.2852735735448462,-0.5783615069204778,-0.6775239456463912,-0.5124907103264267,-0.2741291830414737,-0.2715148630642555,-0.0545103444377266,-0.1054751099787656,-0.4125909898608774,0,9578959622884163697,TRAIN
-0.40118011873256,-0.5079938642590249,-0.4496293109643878,-0.4686314183190865,-0.3378076683812179,-0.4676915470807261,-0.2963929877022355,-0.3386466567372986,-0.3509324100615936,-0.5538430523058961,-0.3549638210716314,-0.545372356354676,-0.3732620601421809,-0.366458896988856,-0.3620028167560174,-0.6484466292680843,-0.4291920734816202,-0.4372299012155178,-0.1920223529146078,-0.9241262771572012,-0.2378962583894591,-0.2852746983882878,-0.4191927610052267,1.475962593537489,-0.599359767458393,-0.2741325106439716,-0.2715149221930298,-0.0545045999230443,-0.1054751099787656,-0.4662751601372237,0,14360694348866125941,TRAIN
-0.40118011873256,-0.5079938642590249,-0.4496293109643878,-0.4686314183190865,-0.3378074890106277,-0.4460650143740527,-0.2963929877022355,-0.3386466567372986,-0.3509324100615936,-0.4189308793257164,-0.3549638210716314,-0.4016861168890022,-0.3732625117091424,-0.3664593472530729,-0.3620025997559415,-0.6484466292680843,-0.4291920137503562,-0.437229841627139,-0.1920223529146078,0.90342218917247,-0.2378962583894591,-0.2852783728768637,1.331663444062535,-0.6775239456463912,-0.599359767458393,-0.2741342638969005,-0.2715149221930298,-0.0545103444377266,-0.1054751099787656,-0.4841466134411829,0,3439545459716259957,TRAIN
-0.40118011873256,-0.4091687626187532,-0.4189056555717458,-0.4548071348901686,-0.3378076683812179,-0.4411498933043543,-0.2963465410176479,-0.3386466567372986,-0.3509324100615936,-0.391393060155015,-0.3549638210716314,-0.4003798783484051,-0.3732570518540628,-0.3664595109855155,-0.3619928566546726,-0.6484466292680843,-0.4291925214661,-0.4372260875592818,-0.1920223529146078,-0.9241262771572012,-0.2378962583894591,-0.2852677993485119,1.0929103251896586,-0.6775239456463912,0.2693308038612708,-0.2741341207742125,-0.2715147448067069,-0.0545096686124699,-0.1054751099787656,-0.4841466134411829,0,2094685658787217629,TRAIN
-0.40118011873256,-0.5079938642590249,-0.4496293109643878,-0.4686314183190865,-0.3378074890106277,-0.4460650143740527,-0.2963929877022355,-0.3386466567372986,-0.3509324100615936,-0.4189308793257164,-0.3549638210716314,-0.4016861168890022,-0.3732625117091424,-0.3664593472530729,-0.3620025997559415,-0.6484466292680843,-0.4291920137503562,-0.437229841627139,-0.1920223529146078,0.90342218917247,-0.2378962583894591,-0.2852783728768637,1.331663444062535,-0.6775239456463912,-0.599359767458393,-0.2741342638969005,-0.2715149221930298,-0.0545103444377266,-0.1054751099787656,-0.4841466134411829,0,3439545459716259957,TRAIN
-0.40118011873256,-0.5079938642590249,-0.4496293109643878,-0.4686314183190865,-0.3378076683812179,-0.4706406197225452,-0.2963929877022355,-0.3386466567372986,-0.3509324100615936,-0.5809180509977097,-0.3549638210716314,-0.5649659344636314,-0.373222855919617,-0.3664198058682011,-0.3620028167560174,-0.6484466292680843,-0.4291635518030735,-0.4372014477646949,-0.1920223529146078,0.90342218917247,-0.2378962583894591,-0.2850598532909394,-0.6579458798781034,1.475962593537489,-0.599359767458393,-0.2740299990186347,-0.2715149221930298,-0.054181893362946,-0.1054751099787656,-0.4665544015950981,1,1497845503681495151,TRAIN
-0.40118011873256,-0.3861095722360231,-0.4117368026467961,-0.4431302884324583,-0.3378076683812179,-0.4342687238067764,-0.2962349399560893,-0.3386466567372986,-0.3509324100615936,-0.3312263963954295,-0.3549638210716314,-0.3842696030252604,-0.3719709480962561,-0.3664596337848474,-0.3620028167560174,-0.6484466292680843,-0.429192611062996,-0.4362928441664805,-0.1920223529146078,0.90342218917247,-0.2378962583894591,-0.2781992081718423,1.172494698147284,-0.6775239456463912,0.4720252705025257,-0.2741344428002606,-0.2715149221930298,-0.0438769098480183,-0.1054751099787656,-0.4841466134411829,0,3522817610244948016,TRAIN
-0.40118011873256,-0.3531678716892658,-0.4014955841825821,-0.4254305325958305,-0.3378076683812179,-0.4244384816673794,-0.2959394067980591,-0.3386466567372986,-0.3509324100615936,-0.3402513959593674,-0.3549638210716314,-0.355967767968106,-0.3732555739985526,-0.3664595109855155,-0.3619902755944534,-0.6484466292680843,-0.4291925214661,-0.4372249851742761,-0.1920223529146078,0.90342218917247,-0.2378962583894591,-0.2852650247346899,1.0929103251896586,-0.6775239456463912,0.761588794275747,-0.2741341207742125,-0.2715146856779326,-0.0545096686124699,-0.1054751099787656,-0.4841466134411829,0,14689578513408458881,TRAIN
-0.40118011873256,-0.5079938642590249,-0.4496293109643878,-0.4686314183190865,-0.3378076683812179,-0.4676915470807261,-0.2963929877022355,-0.3386466567372986,-0.3509324100615936,-0.5538430523058961,-0.3549638210716314,-0.545372356354676,-0.3732584065549472,-0.3664552539420096,-0.3620028167560174,-0.6484466292680843,-0.4291894154403735,-0.4372272495326662,-0.1920223529146078,-0.9241262771572012,-0.2378962583894591,-0.2852546761750271,-0.4191927610052267,1.475962593537489,-0.599359767458393,-0.2741229572045423,-0.2715149221930298,-0.0544745256991189,-0.1054751099787656,-0.4662053497727551,0,6792609695267291303,TRAIN
-0.40118011873256,-0.4157571027281046,-0.4209538992645887,-0.4548071348901686,-0.3378076683812179,-0.4431159417322337,-0.2963465410176479,-0.3386466567372986,-0.3509324100615936,-0.4064347260949115,-0.3549638210716314,-0.4134422637543755,-0.3732580781426116,-0.3664594700524048,-0.3619957782173834,-0.6484466292680843,-0.429192491600468,-0.4372254618813056,-0.1920223529146078,-0.9241262771572012,-0.2378962583894591,-0.2852662245676935,0.9337415792744076,-0.6775239456463912,0.2114180991066265,-0.2741340134321964,-0.2715120840118628,-0.0545093306998415,-0.1054751099787656,-0.4841466134411829,0,10823106279071809637,TRAIN
-0.40118011873256,-0.5079938642590249,-0.4496293109643878,-0.4686314183190865,-0.3378074890106277,-0.4460650143740527,-0.2963929877022355,-0.3386466567372986,-0.3509324100615936,-0.4189308793257164,-0.3549638210716314,-0.4016861168890022,-0.3732625117091424,-0.3664593472530729,-0.3620025997559415,-0.6484466292680843,-0.4291920137503562,-0.437229841627139,-0.1920223529146078,0.90342218917247,-0.2378962583894591,-0.2852783728768637,1.331663444062535,-0.6775239456463912,-0.599359767458393,-0.2741342638969005,-0.2715149221930298,-0.0545103444377266,-0.1054751099787656,-0.4841466134411829,0,3439545459716259957,TRAIN
-0.40118011873256,-0.4981113540949978,-0.4465569454251236,-0.4686314183190865,-0.3378076683812179,-0.4676915470807261,-0.2963929877022355,-0.3386466567372986,-0.3509324100615936,-0.5538430523058961,-0.3549638210716314,-0.545372356354676,-0.3732605822866707,-0.3664596337848474,-0.3620028167560174,-0.6484466292680843,-0.429192611062996,-0.4372288286247014,-0.1920223529146078,-0.9241262771572012,-0.2378962583894591,-0.2852665995155082,-0.4191927610052267,1.475962593537489,-0.5124907103264267,-0.2741344428002606,-0.2715149221930298,-0.0544924350684227,-0.1054751099787656,-0.4818428714137194,0,2645769624765857911,TRAIN
-0.40118011873256,-0.5079938642590249,-0.4496293109643878,-0.4686314183190865,-0.3378076683812179,-0.4706406197225452,-0.2963929877022355,-0.3386466567372986,-0.3509324100615936,-0.5809180509977097,-0.3549638210716314,-0.5649659344636314,-0.373222855919617,-0.3664198058682011,-0.3620028167560174,-0.6484466292680843,-0.4291635518030735,-0.4372014477646949,-0.1920223529146078,0.90342218917247,-0.2378962583894591,-0.2850598532909394,-0.6579458798781034,1.475962593537489,-0.599359767458393,-0.2740299990186347,-0.2715149221930298,-0.054181893362946,-0.1054751099787656,-0.4665544015950981,1,1497845503681495151,TRAIN
-0.40118011873256,-0.5079938642590249,-0.4496293109643878,-0.4686314183190865,-0.3378076683812179,-0.4706406197225452,-0.2963929877022355,-0.3386466567372986,-0.3509324100615936,-0.5809180509977097,-0.3549638210716314,-0.5649659344636314,-0.3732608285959224,-0.3664596337848474,-0.3620028167560174,-0.6484466292680843,-0.429192611062996,-0.4372290073898375,-0.1920223529146078,0.90342218917247,-0.2378962583894591,-0.2852679493276381,-0.6579458798781034,1.475962593537489,-0.599359767458393,-0.2741344428002606,-0.2715149221930298,-0.054494462544193,-0.1054751099787656,-0.4208984232326397,0,15508384312669765716,TRAIN
-0.40118011873256,-0.5079938642590249,-0.4496293109643878,-0.4686314183190865,-0.3378076683812179,-0.4706406197225452,-0.2963929877022355,-0.3386466567372986,-0.3509324100615936,-0.5809180509977097,-0.3549638210716314,-0.5649659344636314,-0.3732606643897546,-0.3664596337848474,-0.3620028167560174,-0.6484466292680843,-0.429192611062996,-0.4372288882130801,-0.1920223529146078,0.90342218917247,-0.2378962583894591,-0.2852670494528848,-0.6579458798781034,1.475962593537489,-0.599359767458393,-0.2741344428002606,-0.2715149221930298,-0.0544931108936795,-0.1054751099787656,-0.4558734158314036,0,8895906479142600935,TRAIN
-0.40118011873256,-0.5079938642590249,-0.4496293109643878,-0.4686314183190865,-0.3378076683812179,-0.4706406197225452,-0.2963929877022355,-0.3386466567372986,-0.3509324100615936,-0.5809180509977097,-0.3549638210716314,-0.5649659344636314,-0.3732626759153102,-0.3664595109855155,-0.3620028167560174,-0.6484466292680843,-0.4291925214661,-0.4372303481283579,-0.1920223529146078,-0.9241262771572012,-0.2378962583894591,-0.2852780729186127,-0.6579458798781034,1.475962593537489,-0.599359767458393,-0.2741341207742125,-0.2715149221930298,-0.0545096686124699,-0.1054751099787656,-0.4754901282470776,0,15873444851147210944,TRAIN
-0.40118011873256,-0.4981113540949978,-0.4465569454251236,-0.4686314183190865,-0.3378076683812179,-0.4676915470807261,-0.2963929877022355,-0.3386466567372986,-0.3509324100615936,-0.5538430523058961,-0.3549638210716314,-0.545372356354676,-0.3732588581219087,-0.3664596337848474,-0.3620028167560174,-0.6484466292680843,-0.429192611062996,-0.437227577268749,-0.1920223529146078,-0.9241262771572012,-0.2378962583894591,-0.2852571508305986,-0.4191927610052267,1.475962593537489,-0.5124907103264267,-0.2741344428002606,-0.2715149221930298,-0.054478242738031,-0.1054751099787656,-0.4601318480639877,0,13751588174306607277,TRAIN
-0.40118011873256,-0.4075216775914153,-0.4183935946485352,-0.4548071348901686,-0.3378076683812179,-0.4406583811973844,-0.2963465410176479,-0.3386466567372986,-0.3509324100615936,-0.387632643670041,-0.3549638210716314,-0.3971142819969125,-0.3732579139364438,-0.3664595109855155,-0.3619954523447453,-0.6484466292680843,-0.4291925214661,-0.4372253724987376,-0.1920223529146078,-0.9241262771572012,-0.2378962583894591,-0.2852659995990053,1.1327025116684717,-0.6775239456463912,0.2838089800499319,-0.2741341207742125,-0.2715120840118628,-0.0545096686124699,-0.1054751099787656,-0.4841466134411829,0,8370284566369271805,TRAIN
-0.40118011873256,-0.5079938642590249,-0.4496293109643878,-0.4686314183190865,-0.3378076683812179,-0.4706406197225452,-0.2963929877022355,-0.3386466567372986,-0.3509324100615936,-0.5809180509977097,-0.3549638210716314,-0.5649659344636314,-0.3732608285959224,-0.3664596337848474,-0.3620028167560174,-0.6484466292680843,-0.429192611062996,-0.4372290073898375,-0.1920223529146078,0.90342218917247,-0.2378962583894591,-0.2852679493276381,-0.6579458798781034,1.475962593537489,-0.599359767458393,-0.2741344428002606,-0.2715149221930298,-0.054494462544193,-0.1054751099787656,-0.4208984232326397,0,15508384312669765716,TRAIN
-0.40118011873256,-0.5079938642590249,-0.4496293109643878,-0.4686314183190865,-0.3378076683812179,-0.4676915470807261,-0.2963929877022355,-0.3386466567372986,-0.3509324100615936,-0.5538430523058961,-0.3549638210716314,-0.545372356354676,-0.3732620601421809,-0.366458896988856,-0.3620028167560174,-0.6484466292680843,-0.4291920734816202,-0.4372299012155178,-0.1920223529146078,-0.9241262771572012,-0.2378962583894591,-0.2852746983882878,-0.4191927610052267,1.475962593537489,-0.599359767458393,-0.2741325106439716,-0.2715149221930298,-0.0545045999230443,-0.1054751099787656,-0.4662751601372237,0,14360694348866125941,TRAIN
-0.40118011873256,-0.1670472636000872,-0.3436326998597732,-0.3157002828827378,-0.3378076683812179,-0.3688976135797865,-0.2907088932434582,-0.3386466567372986,-0.3509324100615936,-0.2018680693123205,-0.3549638210716314,-0.2357938222331788,-0.3732536445760808,-0.3664595109855155,-0.361986822432693,-0.6484466292680843,-0.4291925214661,-0.4372236146415663,-0.1920223529146078,-0.9241262771572012,-0.2378962583894591,-0.2852615752148031,0.5358197144862799,-0.6775239456463912,2.3976227035944477,-0.2741341207742125,-0.2715147448067069,-0.0545096686124699,-0.1054751099787656,-0.4841466134411829,0,2938351481559842826,TRAIN
-0.40118011873256,-0.3729328920173201,-0.4076403152611105,-0.4262945503140816,-0.3378076683812179,-0.4303366269510176,-0.2959573686018645,-0.3386466567372986,-0.3509324100615936,-0.3831201438880721,-0.3549638210716314,-0.3931955663751215,-0.3732549171738814,-0.3664595928517367,-0.3619889307753125,-0.6484466292680843,-0.429192581197364,-0.4372246574381933,-0.1920223529146078,-0.9241262771572012,-0.2378962583894591,-0.2852641998494987,0.6551962739227182,-0.6775239456463912,0.5878506800118143,-0.2741343354582446,-0.2715148630642555,-0.0545103444377266,-0.1054751099787656,-0.4841466134411829,0,16106803596795576357,TRAIN
-0.40118011873256,-0.4981113540949978,-0.4465569454251236,-0.4649883997640792,-0.3378076683812179,-0.4676915470807261,-0.2963897622380282,-0.3386466567372986,-0.3509324100615936,-0.5658763850578132,-0.3549638210716314,-0.554080613293078,-0.3732580370910697,-0.3664596337848474,-0.3620028167560174,1.5421469630102351,-0.429192611062996,-0.4372269813849621,-0.1920223529146078,-0.3149434550473107,-0.2378962583894591,-0.2852526514568322,-0.5783615069204778,-0.6775239456463912,-0.5124907103264267,-0.2741344428002606,-0.2715149221930298,-0.0544714844854635,-0.1054751099787656,-0.4125909898608774,3,14212154446403338436,TRAIN
-0.40118011873256,-0.5079938642590249,-0.4496293109643878,-0.4686314183190865,-0.3378076683812179,-0.4706406197225452,-0.2963929877022355,-0.3386466567372986,-0.3509324100615936,-0.5809180509977097,-0.3549638210716314,-0.5649659344636314,-0.3732605822866707,-0.3664596337848474,-0.3620028167560174,-0.6484466292680843,-0.429192611062996,-0.4372288286247014,-0.1920223529146078,0.90342218917247,-0.2378962583894591,-0.2852665995155082,-0.6579458798781034,1.475962593537489,-0.599359767458393,-0.2741344428002606,-0.2715149221930298,-0.0544924350684227,-0.1054751099787656,-0.4584563993167415,0,10662515155937001586,TRAIN
-0.40118011873256,-0.5046996942043492,-0.4486051891179664,-0.465175347461857,-0.3378076683812179,-0.4676915470807261,-0.2963900847844488,-0.3386466567372986,-0.3509324100615936,-0.5643722184638236,-0.3549638210716314,-0.5505973105170641,-0.3732613212144258,-0.3664576280624264,-0.3620005630104583,-0.6484466292680843,-0.4291911476470286,-0.4372289775956481,5.2077270423027215,-0.9241262771572012,-0.2378962583894591,-0.2852750733361024,-0.5783615069204778,1.475962593537489,-0.570403415081071,-0.2741291830414737,-0.2715148630642555,-0.0545103444377266,-0.1054751099787656,-0.4840768030767143,0,6838455251038240890,TRAIN
-0.40118011873256,-0.5079938642590249,-0.4496293109643878,-0.4686314183190865,-0.3378076683812179,-0.4706406197225452,-0.2963929877022355,-0.3386466567372986,-0.3509324100615936,-0.5809180509977097,-0.3549638210716314,-0.5649659344636314,-0.3732626759153102,-0.3664595109855155,-0.3620028167560174,-0.6484466292680843,-0.4291925214661,-0.4372303481283579,-0.1920223529146078,-0.9241262771572012,-0.2378962583894591,-0.2852780729186127,-0.6579458798781034,1.475962593537489,-0.599359767458393,-0.2741341207742125,-0.2715149221930298,-0.0545096686124699,-0.1054751099787656,-0.4754901282470776,0,15873444851147210944,TRAIN
-0.40118011873256,-0.4981113540949978,-0.4465569454251236,-0.4649883997640792,-0.3378076683812179,-0.4676915470807261,-0.2963897622380282,-0.3386466567372986,-0.3509324100615936,-0.5658763850578132,-0.3549638210716314,-0.554080613293078,-0.3732580370910697,-0.3664596337848474,-0.3620028167560174,1.5421469630102351,-0.429192611062996,-0.4372269813849621,-0.1920223529146078,-0.3149434550473107,-0.2378962583894591,-0.2852526514568322,-0.5783615069204778,-0.6775239456463912,-0.5124907103264267,-0.2741344428002606,-0.2715149221930298,-0.0544714844854635,-0.1054751099787656,-0.4125909898608774,3,14212154446403338436,TRAIN
-0.40118011873256,-0.5079938642590249,-0.4496293109643878,-0.4686314183190865,-0.3378074890106277,-0.4460650143740527,-0.2963929877022355,-0.3386466567372986,-0.3509324100615936,-0.4189308793257164,-0.3549638210716314,-0.4016861168890022,-0.3732625117091424,-0.3664593472530729,-0.3620025997559415,-0.6484466292680843,-0.4291920137503562,-0.437229841627139,-0.1920223529146078,0.90342218917247,-0.2378962583894591,-0.2852783728768637,1.331663444062535,-0.6775239456463912,-0.599359767458393,-0.2741342638969005,-0.2715149221930298,-0.0545103444377266,-0.1054751099787656,-0.4841466134411829,0,3439545459716259957,TRAIN
-0.40118011873256,-0.4091687626187532,-0.4189056555717458,-0.4444389223183223,-0.3378076683812179,-0.4411498933043543,-0.2962507447306858,-0.3386466567372986,-0.3509324100615936,-0.4184680588468286,-0.3549638210716314,-0.4238921720791517,-0.3732557382047203,-0.3664595928517367,-0.361990384804704,-0.6484466292680843,-0.429192581197364,-0.4372252533219802,-0.1920223529146078,0.90342218917247,-0.2378962583894591,-0.2852656996407549,0.6154040874439054,-0.6775239456463912,0.2693308038612708,-0.2741343354582446,-0.2715148630642555,-0.0545103444377266,-0.1054751099787656,-0.4841466134411829,0,3811376621902888976,TEST
-0.40118011873256,-0.5079938642590249,-0.4496293109643878,-0.4686314183190865,-0.3378076683812179,-0.4676915470807261,-0.2963929877022355,-0.3386466567372986,-0.3509324100615936,-0.5538430523058961,-0.3549638210716314,-0.545372356354676,-0.3732620601421809,-0.366458896988856,-0.3620028167560174,-0.6484466292680843,-0.4291920734816202,-0.4372299012155178,-0.1920223529146078,-0.9241262771572012,-0.2378962583894591,-0.2852746983882878,-0.4191927610052267,1.475962593537489,-0.599359767458393,-0.2741325106439716,-0.2715149221930298,-0.0545045999230443,-0.1054751099787656,-0.4662751601372237,0,14360694348866125941,TEST
-0.40118011873256,-0.5079938642590249,-0.4496293109643878,-0.4686314183190865,-0.3378076683812179,-0.4706406197225452,-0.2963929877022355,-0.3386466567372986,-0.3509324100615936,-0.5809180509977097,-0.3549638210716314,-0.5649659344636314,-0.3732626759153102,-0.3664595109855155,-0.3620028167560174,-0.6484466292680843,-0.4291925214661,-0.4372303481283579,-0.1920223529146078,-0.9241262771572012,-0.2378962583894591,-0.2852780729186127,-0.6579458798781034,1.475962593537489,-0.599359767458393,-0.2741341207742125,-0.2715149221930298,-0.0545096686124699,-0.1054751099787656,-0.4754901282470776,0,15873444851147210944,TEST
-0.40118011873256,-0.4981113540949978,-0.4465569454251236,-0.465175347461857,-0.3378076683812179,-0.4676915470807261,-0.2963900847844488,-0.3386466567372986,-0.3509324100615936,-0.5673805516518029,-0.3549638210716314,-0.5532097875982582,-0.3732607875443804,-0.3664576280624264,-0.3619997632942908,1.5421469630102351,-0.4291911476470286,-0.4372283817118613,-0.1920223529146078,-0.3149434550473107,-0.2378962583894591,-0.2852735735448462,-0.5783615069204778,-0.6775239456463912,-0.5124907103264267,-0.2741291830414737,-0.2715148630642555,-0.0545103444377266,-0.1054751099787656,-0.4125909898608774,0,9578959622884163697,TEST
-0.40118011873256,-0.4981113540949978,-0.4465569454251236,-0.465175347461857,-0.3378076683812179,-0.4676915470807261,-0.2963900847844488,-0.3386466567372986,-0.3509324100615936,-0.5673805516518029,-0.3549638210716314,-0.5532097875982582,-0.3732592686373282,-0.3664595109855155,-0.361996818554317,1.5421469630102351,-0.4291925214661,-0.437227666651317,-0.1920223529146078,-0.3149434550473107,-0.2378962583894591,-0.2852717737953396,-0.5783615069204778,-0.6775239456463912,-0.5124907103264267,-0.2741341207742125,-0.2715146856779326,-0.0545096686124699,-0.1054751099787656,-0.4125909898608774,0,16261496183555883026,TEST
-0.40118011873256,-0.4289337829468075,-0.4250503866502743,-0.4548071348900108,-0.3378076683812179,-0.4470480385879924,-0.2963465410176479,-0.3386466567372986,-0.3509324100615936,-0.4365180579747043,-0.3549638210716314,-0.4395670345663162,-0.3732553687408428,-0.3664595109855155,-0.3619898758944163,-0.6484466292680843,-0.4291925214661,-0.4372248659975187,-0.1920223529146078,0.90342218917247,-0.2378962583894591,-0.2852647247764389,0.6154040874439054,-0.6775239456463912,0.095592689597338,-0.2741341207742125,-0.2715147448067069,-0.0545096686124699,-0.1054751099787656,-0.4841466134411829,0,14378605593718292494,TEST
-0.40118011873256,-0.5079938642590249,-0.4496293109643878,-0.4686314183190865,-0.3378074890106277,-0.4460650143740527,-0.2963929877022355,-0.3386466567372986,-0.3509324100615936,-0.4189308793257164,-0.3549638210716314,-0.4016861168890022,-0.3732625117091424,-0.3664593472530729,-0.3620025997559415,-0.6484466292680843,-0.4291920137503562,-0.437229841627139,-0.1920223529146078,0.90342218917247,-0.2378962583894591,-0.2852783728768637,1.331663444062535,-0.6775239456463912,-0.599359767458393,-0.2741342638969005,-0.2715149221930298,-0.0545103444377266,-0.1054751099787656,-0.4841466134411829,0,3439545459716259957,TEST
-0.40118011873256,-0.5079938642590249,-0.4496293109643878,-0.4403980245284283,-0.3378076683812179,-0.4554037444064799,-0.2961992582582941,-0.3386466567372986,-0.3509324100615936,-0.487659722170352,-0.3549638210716314,-0.497476943188566,-0.3732626759153102,-0.3664595109855155,-0.3620028167560174,-0.6484466292680843,-0.4291925214661,-0.4372303481283579,-0.1920223529146078,0.90342218917247,-0.2378962583894591,-0.2852780729186127,-0.6579458798781034,1.475962593537489,-0.599359767458393,-0.2741341207742125,-0.2715149221930298,-0.0545096686124699,-0.1054751099787656,-0.4629242626427313,0,17864302160861986873,TEST
-0.40118011873256,-0.5079938642590249,-0.4496293109643878,-0.4686314183190865,-0.3378076683812179,-0.4706406197225452,-0.2963929877022355,-0.3386466567372986,-0.3509324100615936,-0.5809180509977097,-0.3549638210716314,-0.5649659344636314,-0.373222855919617,-0.3664198058682011,-0.3620028167560174,-0.6484466292680843,-0.4291635518030735,-0.4372014477646949,-0.1920223529146078,0.90342218917247,-0.2378962583894591,-0.2850598532909394,-0.6579458798781034,1.475962593537489,-0.599359767458393,-0.2740299990186347,-0.2715149221930298,-0.054181893362946,-0.1054751099787656,-0.4665544015950981,1,1497845503681495151,TEST
-0.40118011873256,-0.4981113540949978,-0.4465569454251236,-0.4634473120332423,-0.3378076683812179,-0.4676915470807261,-0.2963864561372154,-0.3386466567372986,-0.3509324100615936,-0.5673805516518029,-0.3549638210716314,-0.5532097875982582,-0.3732601717712511,-0.3664596337848474,-0.3619983075063341,-0.6484466292680843,-0.429192611062996,-0.4372284115060506,-0.1920223529146078,0.90342218917247,-0.2378960261902421,-0.2852736485344082,-0.6579458798781034,1.475962593537489,-0.5124907103264267,-0.2741344428002606,-0.2715147448067069,-0.0545103444377266,-0.1054751099787656,-0.4185248708407076,0,6847418481730125872,TEST
-0.40118011873256,-0.4701109086302541,-0.4378519097305417,-0.4686314183190865,-0.3378076683812179,-0.4593358412622387,-0.2963929877022355,-0.3386466567372986,-0.3509324100615936,-0.4944284718433053,-0.3549638210716314,-0.489857218379302,-0.3732567644932691,-0.3664595928517367,-0.3619921658046169,-0.6484466292680843,-0.429192581197364,-0.4372260279709031,-0.1920223529146078,0.90342218917247,-0.2378962583894591,-0.2852676493693878,0.2572744091345904,-0.6775239456463912,-0.2663617151191885,-0.2741343354582446,-0.2715149221930298,-0.054510682350355,-0.1054751099787656,-0.4841466134411829,0,239575852119228456,TEST
-0.40118011873256,-0.5079938642590249,-0.4496293109643878,-0.4686314183190865,-0.3378076683812179,-0.4706406197225452,-0.2963929877022355,-0.3386466567372986,-0.3509324100615936,-0.5809180509977097,-0.3549638210716314,-0.5649659344636314,-0.373222855919617,-0.3664198058682011,-0.3620028167560174,-0.6484466292680843,-0.4291635518030735,-0.4372014477646949,-0.1920223529146078,0.90342218917247,-0.2378962583894591,-0.2850598532909394,-0.6579458798781034,1.475962593537489,-0.599359767458393,-0.2740299990186347,-0.2715149221930298,-0.054181893362946,-0.1054751099787656,-0.4665544015950981,1,1497845503681495151,TEST
-0.40118011873256,-0.5079938642590249,-0.4496293109643878,-0.4686314183190865,-0.3378074890106277,-0.4460650143740527,-0.2963929877022355,-0.3386466567372986,-0.3509324100615936,-0.4189308793257164,-0.3549638210716314,-0.4016861168890022,-0.3732625117091424,-0.3664593472530729,-0.3620025997559415,-0.6484466292680843,-0.4291920137503562,-0.437229841627139,-0.1920223529146078,0.90342218917247,-0.2378962583894591,-0.2852783728768637,1.331663444062535,-0.6775239456463912,-0.599359767458393,-0.2741342638969005,-0.2715149221930298,-0.0545103444377266,-0.1054751099787656,-0.4841466134411829,0,3439545459716259957,TEST
-0.40118011873256,-0.5046996942043492,-0.4486051891179664,-0.465175347461857,-0.3378076683812179,-0.4676915470807261,-0.2963900847844488,-0.3386466567372986,-0.3509324100615936,-0.5643722184638236,-0.3549638210716314,-0.5505973105170641,-0.3732613212144258,-0.3664576280624264,-0.3620005630104583,-0.6484466292680843,-0.4291911476470286,-0.4372289775956481,5.2077270423027215,-0.9241262771572012,-0.2378962583894591,-0.2852750733361024,-0.5783615069204778,1.475962593537489,-0.570403415081071,-0.2741291830414737,-0.2715148630642555,-0.0545103444377266,-0.1054751099787656,-0.4840768030767143,0,6838455251038240890,TEST
-0.40118011873256,-0.4701109086302541,-0.4378519097305417,-0.4686314183190865,-0.3378076683812179,-0.4593358412622387,-0.2963929877022355,-0.3386466567372986,-0.3509324100615936,-0.4944284718433053,-0.3549638210716314,-0.489857218379302,-0.3732567644932691,-0.3664595928517367,-0.3619921658046169,-0.6484466292680843,-0.429192581197364,-0.4372260279709031,-0.1920223529146078,0.90342218917247,-0.2378962583894591,-0.2852676493693878,0.2572744091345904,-0.6775239456463912,-0.2663617151191885,-0.2741343354582446,-0.2715149221930298,-0.054510682350355,-0.1054751099787656,-0.4841466134411829,0,239575852119228456,TEST
-0.40118011873256,-0.4981113540949978,-0.4465569454251236,-0.465175347461857,-0.3378076683812179,-0.4676915470807261,-0.2963900847844488,-0.3386466567372986,-0.3509324100615936,-0.5673805516518029,-0.3549638210716314,-0.5532097875982582,-0.3732592686373282,-0.3664595109855155,-0.361996818554317,1.5421469630102351,-0.4291925214661,-0.437227666651317,-0.1920223529146078,-0.3149434550473107,-0.2378962583894591,-0.2852717737953396,-0.5783615069204778,-0.6775239456463912,-0.5124907103264267,-0.2741341207742125,-0.2715146856779326,-0.0545096686124699,-0.1054751099787656,-0.4125909898608774,0,16261496183555883026,TEST
-0.40118011873256,-0.5079938642590249,-0.4496293109643878,-0.4686314183190865,-0.3378076683812179,-0.4706406197225452,-0.2963929877022355,-0.3386466567372986,-0.3509324100615936,-0.5809180509977097,-0.3549638210716314,-0.5649659344636314,-0.373222855919617,-0.3664198058682011,-0.3620028167560174,-0.6484466292680843,-0.4291635518030735,-0.4372014477646949,-0.1920223529146078,0.90342218917247,-0.2378962583894591,-0.2850598532909394,-0.6579458798781034,1.475962593537489,-0.599359767458393,-0.2740299990186347,-0.2715149221930298,-0.054181893362946,-0.1054751099787656,-0.4665544015950981,1,1497845503681495151,TEST
-0.40118011873256,-0.5079938642590249,-0.4496293109643878,-0.4686314183190865,-0.3378074890106277,-0.4460650143740527,-0.2963929877022355,-0.3386466567372986,-0.3509324100615936,-0.4189308793257164,-0.3549638210716314,-0.4016861168890022,-0.3732625117091424,-0.3664593472530729,-0.3620025997559415,-0.6484466292680843,-0.4291920137503562,-0.437229841627139,-0.1920223529146078,0.90342218917247,-0.2378962583894591,-0.2852783728768637,1.331663444062535,-0.6775239456463912,-0.599359767458393,-0.2741342638969005,-0.2715149221930298,-0.0545103444377266,-0.1054751099787656,-0.4841466134411829,0,3439545459716259957,TEST
-0.40118011873256,-0.5079938642590249,-0.4496293109643878,-0.4686314183190865,-0.3378074890106277,-0.4460650143740527,-0.2963929877022355,-0.3386466567372986,-0.3509324100615936,-0.4189308793257164,-0.3549638210716314,-0.4016861168890022,-0.3732625117091424,-0.3664593472530729,-0.3620025997559415,-0.6484466292680843,-0.4291920137503562,-0.437229841627139,-0.1920223529146078,0.90342218917247,-0.2378962583894591,-0.2852783728768637,1.331663444062535,-0.6775239456463912,-0.599359767458393,-0.2741342638969005,-0.2715149221930298,-0.0545103444377266,-0.1054751099787656,-0.4841466134411829,0,3439545459716259957,TEST
-0.40118011873256,-0.4981113540949978,-0.4465569454251236,-0.465175347461857,-0.3378076683812179,-0.4676915470807261,-0.2963900847844488,-0.3386466567372986,-0.3509324100615936,-0.5673805516518029,-0.3549638210716314,-0.5532097875982582,-0.3732592686373282,-0.3664595109855155,-0.361996818554317,1.5421469630102351,-0.4291925214661,-0.437227666651317,-0.1920223529146078,-0.3149434550473107,-0.2378962583894591,-0.2852717737953396,-0.5783615069204778,-0.6775239456463912,-0.5124907103264267,-0.2741341207742125,-0.2715146856779326,-0.0545096686124699,-0.1054751099787656,-0.4125909898608774,0,16261496183555883026,TEST
-0.40118011873256,-0.5079938642590249,-0.4496293109643878,-0.4686314183190865,-0.3378074890106277,-0.4460650143740527,-0.2963929877022355,-0.3386466567372986,-0.3509324100615936,-0.4189308793257164,-0.3549638210716314,-0.4016861168890022,-0.3732625117091424,-0.3664593472530729,-0.3620025997559415,-0.6484466292680843,-0.4291920137503562,-0.437229841627139,-0.1920223529146078,0.90342218917247,-0.2378962583894591,-0.2852783728768637,1.331663444062535,-0.6775239456463912,-0.599359767458393,-0.2741342638969005,-0.2715149221930298,-0.0545103444377266,-0.1054751099787656,-0.4841466134411829,0,3439545459716259957,TEST
-0.40118011873256,-0.4981113540949978,-0.4465569454251236,-0.4686314183190865,-0.3378076683812179,-0.4676915470807261,-0.2963929877022355,-0.3386466567372986,-0.3509324100615936,-0.5538430523058961,-0.3549638210716314,-0.545372356354676,-0.3732595970496638,-0.3664596337848474,-0.3620028167560174,-0.6484466292680843,-0.429192611062996,-0.4372281135641572,-0.1920223529146078,-0.9241262771572012,-0.2378962583894591,-0.2852612002669885,-0.4191927610052267,1.475962593537489,-0.5124907103264267,-0.2741344428002606,-0.2715149221930298,-0.0544843251653417,-0.1054751099787656,-0.420339940316891,0,3492594118871351361,TEST
-0.40118011873256,-0.5079938642590249,-0.4496293109643878,-0.4686314183190865,-0.3378076683812179,-0.4706406197225452,-0.2963929877022355,-0.3386466567372986,-0.3509324100615936,-0.5809180509977097,-0.3549638210716314,-0.5649659344636314,-0.373222855919617,-0.3664198058682011,-0.3620028167560174,-0.6484466292680843,-0.4291635518030735,-0.4372014477646949,-0.1920223529146078,0.90342218917247,-0.2378962583894591,-0.2850598532909394,-0.6579458798781034,1.475962593537489,-0.599359767458393,-0.2740299990186347,-0.2715149221930298,-0.054181893362946,-0.1054751099787656,-0.4665544015950981,1,1497845503681495151,TEST
-0.40118011873256,-0.5079938642590249,-0.4496293109643878,-0.4686314183190865,-0.3378076683812179,-0.4676915470807261,-0.2963929877022355,-0.3386466567372986,-0.3509324100615936,-0.5538430523058961,-0.3549638210716314,-0.545372356354676,-0.3732584476064892,-0.3664552948751202,-0.3620028167560174,-0.6484466292680843,-0.4291894453060054,-0.4372272793268555,-0.1920223529146078,-0.9241262771572012,-0.2378962583894591,-0.2852549011437154,-0.4191927610052267,1.475962593537489,-0.599359767458393,-0.2741230645465583,-0.2715149221930298,-0.0544748636117472,-0.1054751099787656,-0.4581073474943986,0,14950654304723009607,TEST
-0.40118011873256,-0.4981113540949978,-0.4465569454251236,-0.4686314183190865,-0.3378076683812179,-0.4676915470807261,-0.2963929877022355,-0.3386466567372986,-0.3509324100615936,-0.5538430523058961,-0.3549638210716314,-0.545372356354676,-0.3732614443690517,-0.3664596337848474,-0.3620028167560174,-0.6484466292680843,-0.429192611062996,-0.4372294543026776,-0.1920223529146078,-0.9241262771572012,-0.2378962583894591,-0.285271323857963,-0.4191927610052267,1.475962593537489,-0.5124907103264267,-0.2741344428002606,-0.2715149221930298,-0.0544995312336186,-0.1054751099787656,-0.4752108867892033,0,4727452443563130936,TEST
-0.40118011873256,-0.5079938642590249,-0.4496293109643878,-0.4686314183190865,-0.3378074890106277,-0.4460650143740527,-0.2963929877022355,-0.3386466567372986,-0.3509324100615936,-0.4189308793257164,-0.3549638210716314,-0.4016861168890022,-0.3732625117091424,-0.3664593472530729,-0.3620025997559415,-0.6484466292680843,-0.4291920137503562,-0.437229841627139,-0.1920223529146078,0.90342218917247,-0.2378962583894591,-0.2852783728768637,1.331663444062535,-0.6775239456463912,-0.599359767458393,-0.2741342638969005,-0.2715149221930298,-0.0545103444377266,-0.1054751099787656,-0.4841466134411829,0,3439545459716259957,TEST
-0.40118011873256,-0.5079938642590249,-0.4496293109643878,-0.4686314183190865,-0.3378076683812179,-0.4706406197225452,-0.2963929877022355,-0.3386466567372986,-0.3509324100615936,-0.5809180509977097,-0.3549638210716314,-0.5649659344636314,-0.373222855919617,-0.3664198058682011,-0.3620028167560174,-0.6484466292680843,-0.4291635518030735,-0.4372014477646949,-0.1920223529146078,0.90342218917247,-0.2378962583894591,-0.2850598532909394,-0.6579458798781034,1.475962593537489,-0.599359767458393,-0.2740299990186347,-0.2715149221930298,-0.054181893362946,-0.1054751099787656,-0.4665544015950981,1,1497845503681495151,TEST
-0.40118011873256,-0.3449324465525765,-0.3989352795665286,-0.4202464263178737,-0.3378076683812179,-0.4219809211325302,-0.2958240158160366,-0.3386466567372986,-0.3509324100615936,-0.3349868128804036,-0.3549638210716314,-0.3513959330760163,-0.3732572571117726,-0.3664595109855155,-0.3619943796259524,-0.6484466292680843,-0.4291925214661,-0.4372248659975187,-0.1920223529146078,0.90342218917247,-0.2378962583894591,-0.2852647247764396,1.053118138710846,-0.6775239456463912,0.8339796752190524,-0.2741341207742125,-0.2715120248830885,-0.0545096686124699,-0.1054751099787656,-0.4841466134411829,0,8124634703051358247,TEST
-0.40118011873256,-0.5079938642590249,-0.4496293109643878,-0.4686314183190865,-0.3378076683812179,-0.4676915470807261,-0.2963929877022355,-0.3386466567372986,-0.3509324100615936,-0.5538430523058961,-0.3549638210716314,-0.545372356354676,-0.3732327082896854,-0.3664296298147532,-0.3620028167560174,-0.6484466292680843,-0.4291707195547501,-0.4372085983701373,-0.1920223529146078,-0.9241262771572012,-0.2378962583894591,-0.2851138457761369,-0.4191927610052267,1.475962593537489,-0.599359767458393,-0.2740557611024889,-0.2715149221930298,-0.054262992393756,-0.1054751099787656,-0.420339940316891,0,9907163879573291185,TEST
-0.40118011873256,-0.5079938642590249,-0.4496293109643878,-0.4686314183190865,-0.3378076683812179,-0.4706406197225452,-0.2963929877022355,-0.3386466567372986,-0.3509324100615936,-0.5809180509977097,-0.3549638210716314,-0.5649659344636314,-0.3732605822866707,-0.3664596337848474,-0.3620028167560174,-0.6484466292680843,-0.429192611062996,-0.4372288286247014,-0.1920223529146078,0.90342218917247,-0.2378962583894591,-0.2852665995155082,-0.6579458798781034,1.475962593537489,-0.599359767458393,-0.2741344428002606,-0.2715149221930298,-0.0544924350684227,-0.1054751099787656,-0.4584563993167415,0,10662515155937001586,TEST
-0.40118011873256,-0.5079938642590249,-0.4496293109643878,-0.4686314183190865,-0.3378076683812179,-0.4706406197225452,-0.2963929877022355,-0.3386466567372986,-0.3509324100615936,-0.5809180509977097,-0.3549638210716314,-0.5649659344636314,-0.3732608285959224,-0.3664596337848474,-0.3620028167560174,-0.6484466292680843,-0.429192611062996,-0.4372290073898375,-0.1920223529146078,0.90342218917247,-0.2378962583894591,-0.2852679493276381,-0.6579458798781034,1.475962593537489,-0.599359767458393,-0.2741344428002606,-0.2715149221930298,-0.054494462544193,-0.1054751099787656,-0.4208984232326397,0,15508384312669765716,TEST
-0.40118011873256,-0.4091687626187532,-0.4189056555717458,-0.4548071348901686,-0.3378076683812179,-0.4411498933043543,-0.2963465410176479,-0.3386466567372986,-0.3509324100615936,-0.391393060155015,-0.3549638210716314,-0.4003798783484051,-0.3732583244518633,-0.3664595109855155,-0.3619961175611511,-0.6484466292680843,-0.4291925214661,-0.437225670440631,-0.1920223529146078,0.90342218917247,-0.2378962583894591,-0.2852667494946345,1.0929103251896586,-0.6775239456463912,0.2693308038612708,-0.2741341207742125,-0.2715120840118628,-0.0545096686124699,-0.1054751099787656,-0.4841466134411829,0,16645412818067521686,TEST
-0.40118011873256,-0.3861095722360231,-0.4117368026467961,-0.4431302884324583,-0.3378076683812179,-0.4342687238067764,-0.2962349399560893,-0.3386466567372986,-0.3509324100615936,-0.3312263963954295,-0.3549638210716314,-0.3842696030252604,-0.3719709480962561,-0.3664596337848474,-0.3620028167560174,-0.6484466292680843,-0.429192611062996,-0.4362928441664805,-0.1920223529146078,0.90342218917247,-0.2378962583894591,-0.2781992081718423,1.172494698147284,-0.6775239456463912,0.4720252705025257,-0.2741344428002606,-0.2715149221930298,-0.0438769098480183,-0.1054751099787656,-0.4841466134411829,0,3522817610244948016,TEST
-0.40118011873256,-0.5079938642590249,-0.4496293109643878,-0.4686314183190865,-0.3378076683812179,-0.4706406197225452,-0.2963929877022355,-0.3386466567372986,-0.3509324100615936,-0.5809180509977097,-0.3549638210716314,-0.5649659344636314,-0.3732557382047203,-0.3664525932898184,-0.3620028167560174,-0.6484466292680843,-0.4291874741742943,-0.4372253129103589,-0.1920223529146078,0.90342218917247,-0.2378962583894591,-0.2852400532102861,-0.6579458798781034,1.475962593537489,-0.599359767458393,-0.2741159799734984,-0.2715149221930298,-0.0544525613782745,-0.1054751099787656,-0.4599224169705819,0,14688418848998555808,TEST
-0.40118011873256,-0.5079938642590249,-0.4496293109643878,-0.4441805820546621,-0.3378073739796201,-0.4554037444064799,-0.2962476906192643,-0.3386466567372986,-0.3509324100615936,-0.5498319413986182,-0.3549638210716314,-0.5396575627395639,-0.3732626348637682,-0.3664594700524048,-0.3620024605930089,-0.6484466292680843,-0.429192491600468,-0.4372303183341686,-0.1920223529146078,0.90342218917247,-0.2378962583894591,-0.285278297887301,-0.6579458798781034,1.475962593537489,-0.599359767458393,-0.2741342281162285,-0.2715149221930298,-0.054510682350355,-0.1054751099787656,-0.4799579915730674,0,10468070615587225815,TEST
-0.40118011873256,-0.4981113540949978,-0.4465569454251236,-0.4686314183190865,-0.3378076683812179,-0.4676915470807261,-0.2963929877022355,-0.3386466567372986,-0.3509324100615936,-0.5538430523058961,-0.3549638210716314,-0.545372356354676,-0.3732612391113419,-0.3664596337848474,-0.3620028167560174,-0.6484466292680843,-0.429192611062996,-0.4372293053317309,-0.1920223529146078,-0.9241262771572012,-0.2378962583894591,-0.2852701990145214,-0.4191927610052267,1.475962593537489,-0.5124907103264267,-0.2741344428002606,-0.2715149221930298,-0.0544978416704768,-0.1054751099787656,-0.481912681778188,0,1085546133084963025,TEST
-0.40118011873256,-0.4981113540949978,-0.4465569454251236,-0.4686314183190865,-0.3378076683812179,-0.4676915470807261,-0.2963929877022355,-0.3386466567372986,-0.3509324100615936,-0.5538430523058961,-0.3549638210716314,-0.545372356354676,-0.3732614443690517,-0.3664596337848474,-0.3620028167560174,-0.6484466292680843,-0.429192611062996,-0.4372294543026776,-0.1920223529146078,-0.9241262771572012,-0.2378962583894591,-0.285271323857963,-0.4191927610052267,1.475962593537489,-0.5124907103264267,-0.2741344428002606,-0.2715149221930298,-0.0544995312336186,-0.1054751099787656,-0.4752108867892033,0,4727452443563130936,TEST
-0.40118011873256,-0.5079938642590249,-0.4496293109643878,-0.4686314183190865,-0.3378074890106277,-0.4460650143740527,-0.2963929877022355,-0.3386466567372986,-0.3509324100615936,-0.4189308793257164,-0.3549638210716314,-0.4016861168890022,-0.3732625117091424,-0.3664593472530729,-0.3620025997559415,-0.6484466292680843,-0.4291920137503562,-0.437229841627139,-0.1920223529146078,0.90342218917247,-0.2378962583894591,-0.2852783728768637,1.331663444062535,-0.6775239456463912,-0.599359767458393,-0.2741342638969005,-0.2715149221930298,-0.0545103444377266,-0.1054751099787656,-0.4841466134411829,0,3439545459716259957,TEST
-0.40118011873256,-0.4701109086302541,-0.4378519097305417,-0.4686314183190865,-0.3378076683812179,-0.4593358412622387,-0.2963929877022355,-0.3386466567372986,-0.3509324100615936,-0.4944284718433053,-0.3549638210716314,-0.489857218379302,-0.3732567644932691,-0.3664595928517367,-0.3619921658046169,-0.6484466292680843,-0.429192581197364,-0.4372260279709031,-0.1920223529146078,0.90342218917247,-0.2378962583894591,-0.2852676493693878,0.2572744091345904,-0.6775239456463912,-0.2663617151191885,-0.2741343354582446,-0.2715149221930298,-0.054510682350355,-0.1054751099787656,-0.4841466134411829,0,239575852119228456,TEST
-0.40118011873256,-0.5079938642590249,-0.4496293109643878,-0.4686314183190865,-0.3378076683812179,-0.4706406197225452,-0.2963929877022355,-0.3386466567372986,-0.3509324100615936,-0.5809180509977097,-0.3549638210716314,-0.5649659344636314,-0.3732608285959224,-0.3664596337848474,-0.3620028167560174,-0.6484466292680843,-0.429192611062996,-0.4372290073898375,-0.1920223529146078,0.90342218917247,-0.2378962583894591,-0.2852679493276381,-0.6579458798781034,1.475962593537489,-0.599359767458393,-0.2741344428002606,-0.2715149221930298,-0.054494462544193,-0.1054751099787656,-0.4208984232326397,0,15508384312669765716,TEST
-0.40118011873256,-0.5079938642590249,-0.4496293109643878,-0.4686314183190865,-0.3378076683812179,-0.4706406197225452,-0.2963929877022355,-0.3386466567372986,-0.3509324100615936,-0.5809180509977097,-0.3549638210716314,-0.5649659344636314,-0.3732618959360131,-0.3664596337848474,-0.3620028167560174,-0.6484466292680843,-0.429192611062996,-0.4372297820387604,-0.1920223529146078,-0.9241262771572012,-0.2378962583894591,-0.2852737985135345,-0.6579458798781034,1.475962593537489,-0.599359767458393,-0.2741344428002606,-0.2715149221930298,-0.0545032482725308,-0.1054751099787656,-0.4766769044430437,0,14662299357843554344,TEST
-0.40118011873256,-0.5079938642590249,-0.4496293109643878,-0.4686314183190865,-0.3378076683812179,-0.4706406197225452,-0.2963929877022355,-0.3386466567372986,-0.3509324100615936,-0.5809180509977097,-0.3549638210716314,-0.5649659344636314,-0.3732596791527477,-0.3664596337848474,-0.3620028167560174,-0.6484466292680843,-0.429192611062996,-0.4372281731525358,-0.1920223529146078,0.90342218917247,-0.2378962583894591,-0.2852616502043651,-0.6579458798781034,1.475962593537489,-0.599359767458393,-0.2741344428002606,-0.2715149221930298,-0.0544850009905985,-0.1054751099787656,-0.4589450718680217,0,3203679379119800395,TEST
-0.40118011873256,-0.1670472636000872,-0.3436326998597732,-0.3157002828827378,-0.3378076683812179,-0.3688976135797865,-0.2907088932434582,-0.3386466567372986,-0.3509324100615936,-0.2018680693123205,-0.3549638210716314,-0.2357938222331788,-0.3732536445760808,-0.3664595109855155,-0.361986822432693,-0.6484466292680843,-0.4291925214661,-0.4372236146415663,-0.1920223529146078,-0.9241262771572012,-0.2378962583894591,-0.2852615752148031,0.5358197144862799,-0.6775239456463912,2.3976227035944477,-0.2741341207742125,-0.2715147448067069,-0.0545096686124699,-0.1054751099787656,-0.4841466134411829,0,2938351481559842826,TEST
-0.40118011873256,-0.4981113540949978,-0.4465569454251236,-0.4686314183190865,-0.3378076683812179,-0.4676915470807261,-0.2963929877022355,-0.3386466567372986,-0.3509324100615936,-0.5538430523058961,-0.3549638210716314,-0.545372356354676,-0.3732588581219087,-0.3664596337848474,-0.3620028167560174,-0.6484466292680843,-0.429192611062996,-0.437227577268749,-0.1920223529146078,-0.9241262771572012,-0.2378962583894591,-0.2852571508305986,-0.4191927610052267,1.475962593537489,-0.5124907103264267,-0.2741344428002606,-0.2715149221930298,-0.054478242738031,-0.1054751099787656,-0.4601318480639877,0,13751588174306607277,TEST
-0.40118011873256,-0.290578640650427,-0.3820372691005755,-0.3805016114589457,-0.3378076683812179,-0.4057610216025252,-0.2945053654114149,-0.3386466567372986,-0.3509324100615936,-0.3146805638615435,-0.3549638210716314,-0.3337617127779564,-0.3732564360809335,-0.3664595109855155,-0.3619917661326278,-0.6484466292680843,-0.4291925214661,-0.4372256406464417,-0.1920223529146078,-0.9241262771572012,-0.2378962583894591,-0.285266674505071,0.5358197144862799,-0.6775239456463912,1.3117594894448674,-0.2741341207742125,-0.2715147448067069,-0.0545096686124699,-0.1054751099787656,-0.4841466134411829,0,2948154413744390382,TEST
-0.40118011873256,-0.3646974668806308,-0.405080010645057,-0.4237024971751031,-0.3378076683812179,-0.4278790664161684,-0.2959023945962783,-0.3386466567372986,-0.3509324100615936,-0.371086811136155,-0.3549638210716314,-0.3827456580503452,-0.3732556971531784,-0.3664595109855155,-0.361990457506174,-0.6484466292680843,-0.4291925214661,-0.4372251043510335,-0.1920223529146078,-0.9241262771572012,-0.2378962583894591,-0.2852653246929403,0.7347806468803437,-0.6775239456463912,0.6602415609551195,-0.2741341207742125,-0.2715147448067069,-0.0545096686124699,-0.1054751099787656,-0.4841466134411829,0,7095287923680870432,TEST
-0.40118011873256,-0.5079938642590249,-0.4496293109643878,-0.4686314183190865,-0.3378076683812179,-0.4676915470807261,-0.2963929877022355,-0.3386466567372986,-0.3509324100615936,-0.5538430523058961,-0.3549638210716314,-0.545372356354676,-0.3732620601421809,-0.366458896988856,-0.3620028167560174,-0.6484466292680843,-0.4291920734816202,-0.4372299012155178,-0.1920223529146078,-0.9241262771572012,-0.2378962583894591,-0.2852746983882878,-0.4191927610052267,1.475962593537489,-0.599359767458393,-0.2741325106439716,-0.2715149221930298,-0.0545045999230443,-0.1054751099787656,-0.4662751601372237,0,14360694348866125941,TEST
-0.40118011873256,-0.5079938642590249,-0.4496293109643878,-0.3001418101677477,-0.3378076683812179,-0.3644740046170578,-0.2894935181729455,-0.3386466567372986,-0.3509324100615936,0.1155110820194932,-0.3549638210716314,-0.0609755643254623,-0.3732627580183941,-0.3664595928517367,-0.3620028167560174,-0.6484466292680843,-0.429192581197364,-0.4372304077167366,-0.1920223529146078,-0.9241262771572012,-0.2378962583894591,-0.2852785228559893,0.5756119009650926,1.475962593537489,-0.599359767458393,-0.2741343354582446,-0.2715149221930298,-0.0545103444377266,-0.1054751099787656,-0.4675317466976583,0,7054729199645229301,TEST
-0.40118011873256,-0.5079938642590249,-0.4496293109643878,-0.4686314183190865,-0.3378076683812179,-0.4706406197225452,-0.2963929877022355,-0.3386466567372986,-0.3509324100615936,-0.5809180509977097,-0.3549638210716314,-0.5649659344636314,-0.3732607054412965,-0.3664596337848474,-0.3620028167560174,-0.6484466292680843,-0.429192611062996,-0.4372289180072694,-0.1920223529146078,0.90342218917247,-0.2378962583894591,-0.2852672744215732,-0.6579458798781034,1.475962593537489,-0.599359767458393,-0.2741344428002606,-0.2715149221930298,-0.0544934488063079,-0.1054751099787656,-0.4759788007983578,0,12934349058531262553,TEST
-0.40118011873256,-0.5079938642590249,-0.4496293109643878,-0.4686314183190865,-0.3378076683812179,-0.4706406197225452,-0.2963929877022355,-0.3386466567372986,-0.3509324100615936,-0.5809180509977097,-0.3549638210716314,-0.5649659344636314,-0.3732626759153102,-0.3664595109855155,-0.3620028167560174,-0.6484466292680843,-0.4291925214661,-0.4372303481283579,-0.1920223529146078,-0.9241262771572012,-0.2378962583894591,-0.2852780729186127,-0.6579458798781034,1.475962593537489,-0.599359767458393,-0.2741341207742125,-0.2715149221930298,-0.0545096686124699,-0.1054751099787656,-0.4754901282470776,0,15873444851147210944,TEST
-0.40118011873256,-0.5079938642590249,-0.4496293109643878,-0.4686314183190865,-0.3378076683812179,-0.4706406197225452,-0.2963929877022355,-0.3386466567372986,-0.3509324100615936,-0.5809180509977097,-0.3549638210716314,-0.5649659344636314,-0.3732613622659678,-0.3664596337848474,-0.3620028167560174,-0.6484466292680843,-0.429192611062996,-0.4372293947142989,-0.1920223529146078,0.90342218917247,-0.2378962583894591,-0.2852708739205863,-0.6579458798781034,1.475962593537489,-0.599359767458393,-0.2741344428002606,-0.2715149221930298,-0.0544988554083619,-0.1054751099787656,-0.4659959186793493,6,5354798063977103372,TEST
-0.40118011873256,-0.4981113540949978,-0.4465569454251236,-0.465175347461857,-0.3378076683812179,-0.4676915470807261,-0.2963900847844488,-0.3386466567372986,-0.3509324100615936,-0.5673805516518029,-0.3549638210716314,-0.5532097875982582,-0.3732609106990063,-0.3664576280624264,-0.361999690592821,1.5421469630102351,-0.4291911476470286,-0.4372276070629383,-0.1920223529146078,-0.3149434550473107,-0.2378962583894591,-0.2852716238162133,-0.5783615069204778,-0.6775239456463912,-0.5124907103264267,-0.2741291830414737,-0.2715120248830885,-0.0545096686124699,-0.1054751099787656,-0.4125909898608774,0,15373769209021726958,TEST
-0.40118011873256,-0.3894037422906988,-0.4127609244932175,-0.454059344100635,-0.3378076683812179,-0.4352517480207161,-0.2963413802749179,-0.3386466567372986,-0.3509324100615936,-0.304151397703616,-0.3549638210716314,-0.3646760249163049,-0.372291806948151,-0.3664596337848474,-0.3620028167560174,-0.6484466292680843,-0.429192611062996,-0.436525715550388,-0.1920223529146078,-0.9241262771572012,-0.2378962583894591,-0.2799575634397745,1.5704165629354117,-0.6775239456463912,0.4430689181252036,-0.2741344428002606,-0.2715149221930298,-0.0465180349513982,-0.1054751099787656,-0.4841466134411829,0,5973099795185401905,TEST
-0.40118011873256,-0.5079938642590249,-0.4496293109643878,-0.4686314183190865,-0.3378076683812179,-0.4706406197225452,-0.2963929877022355,-0.3386466567372986,-0.3509324100615936,-0.5809180509977097,-0.3549638210716314,-0.5649659344636314,-0.373222855919617,-0.3664198058682011,-0.3620028167560174,-0.6484466292680843,-0.4291635518030735,-0.4372014477646949,-0.1920223529146078,0.90342218917247,-0.2378962583894591,-0.2850598532909394,-0.6579458798781034,1.475962593537489,-0.599359767458393,-0.2740299990186347,-0.2715149221930298,-0.054181893362946,-0.1054751099787656,-0.4665544015950981,1,1497845503681495151,TEST
-0.40118011873256,-0.5079938642590249,-0.4496293109643878,-0.4349334966888188,-0.3378076683812179,-0.4524546717646608,-0.2961170089210034,-0.3386466567372986,-0.3509324100615936,-0.4696097230424763,-0.3549638210716314,-0.4844145577825957,-0.3732588991734507,-0.3664557451393372,-0.3620028167560174,-0.6484466292680843,-0.4291897738279573,-0.4372276070629383,-0.1920223529146078,0.90342218917247,-0.2378962583894591,-0.2852573757992869,-0.6579458798781034,1.475962593537489,-0.599359767458393,-0.2741242453087349,-0.2715149221930298,-0.0544785806506594,-0.1054751099787656,1.8408875751852312,0,1601701804398870559,TEST
-0.40118011873256,-0.5079938642590249,-0.4496293109643878,-0.4686314183190865,-0.3378076683812179,-0.4706406197225452,-0.2963929877022355,-0.3386466567372986,-0.3509324100615936,-0.5809180509977097,-0.3549638210716314,-0.5649659344636314,-0.373222855919617,-0.3664198058682011,-0.3620028167560174,-0.6484466292680843,-0.4291635518030735,-0.4372014477646949,-0.1920223529146078,0.90342218917247,-0.2378962583894591,-0.2850598532909394,-0.6579458798781034,1.475962593537489,-0.599359767458393,-0.2740299990186347,-0.2715149221930298,-0.054181893362946,-0.1054751099787656,-0.4665544015950981,1,1497845503681495151,TEST
-0.40118011873256,-0.5079938642590249,-0.4496293109643878,-0.4686314183190865,-0.3378076683812179,-0.4676915470807261,-0.2963929877022355,-0.3386466567372986,-0.3509324100615936,-0.5538430523058961,-0.3549638210716314,-0.545372356354676,-0.3732584065549472,-0.3664552539420096,-0.3620028167560174,-0.6484466292680843,-0.4291894154403735,-0.4372272495326662,-0.1920223529146078,-0.9241262771572012,-0.2378962583894591,-0.2852546761750271,-0.4191927610052267,1.475962593537489,-0.599359767458393,-0.2741229572045423,-0.2715149221930298,-0.0544745256991189,-0.1054751099787656,-0.4662053497727551,0,6792609695267291303,TEST
-0.40118011873256,-0.5079938642590249,-0.4496293109643878,-0.4686314183190865,-0.3378076683812179,-0.4706406197225452,-0.2963929877022355,-0.3386466567372986,-0.3509324100615936,-0.5809180509977097,-0.3549638210716314,-0.5649659344636314,-0.3732626759153102,-0.3664595109855155,-0.3620028167560174,-0.6484466292680843,-0.4291925214661,-0.4372303481283579,-0.1920223529146078,0.90342218917247,-0.2378962583894591,-0.2852780729186127,-0.6579458798781034,1.475962593537489,-0.599359767458393,-0.2741341207742125,-0.2715149221930298,-0.0545096686124699,-0.1054751099787656,-0.0899274852870511,0,5496464567001415860,TEST
-0.40118011873256,-0.5046996942043492,-0.4486051891179664,-0.465175347461857,-0.3378076683812179,-0.4676915470807261,-0.2963900847844488,-0.3386466567372986,-0.3509324100615936,-0.5643722184638236,-0.3549638210716314,-0.5505973105170641,-0.3732613212144258,-0.3664576280624264,-0.3620005630104583,-0.6484466292680843,-0.4291911476470286,-0.4372289775956481,5.2077270423027215,-0.9241262771572012,-0.2378962583894591,-0.2852750733361024,-0.5783615069204778,1.475962593537489,-0.570403415081071,-0.2741291830414737,-0.2715148630642555,-0.0545103444377266,-0.1054751099787656,-0.4840768030767143,0,6838455251038240890,TEST
-0.40118011873256,-0.4141100177007668,-0.420441838341378,-0.4548071348901686,-0.3378076683812179,-0.4426244296252638,-0.2963465410176479,-0.3386466567372986,-0.3509324100615936,-0.4026743096099374,-0.3549638210716314,-0.4101766674028829,-0.3732582423487794,-0.3664594700524048,-0.3619960445838742,-0.6484466292680843,-0.429192491600468,-0.437225581058063,-0.1920223529146078,-0.9241262771572012,-0.2378962583894591,-0.2852665245259462,0.9735337657532204,-0.6775239456463912,0.2258962752952876,-0.2741340134321964,-0.2715120840118628,-0.0545093306998415,-0.1054751099787656,-0.4841466134411829,0,12047297765991645397,TEST
-0.40118011873256,-0.4981113540949978,-0.4465569454251236,-0.4686314183190865,-0.3378076683812179,-0.4676915470807261,-0.2963929877022355,-0.3386466567372986,-0.3509324100615936,-0.5538430523058961,-0.3549638210716314,-0.545372356354676,-0.3732595559981219,-0.3664596337848474,-0.3620028167560174,-0.6484466292680843,-0.429192611062996,-0.4372280837699678,-0.1920223529146078,-0.9241262771572012,-0.2378962583894591,-0.2852609752983001,-0.4191927610052267,1.475962593537489,-0.5124907103264267,-0.2741344428002606,-0.2715149221930298,-0.0544839872527134,-0.1054751099787656,-0.4124513691319402,0,9545363615456165941,TEST
-0.40118011873256,-0.4289337829468075,-0.4250503866502743,-0.4548071348901686,-0.3378076683812179,-0.4470480385879924,-0.2963465410176479,-0.3386466567372986,-0.3509324100615936,-0.4365180579747043,-0.3549638210716314,-0.4395670345663162,-0.3732556561016364,-0.3664594700524048,-0.3619904209955393,-0.6484466292680843,-0.429192491600468,-0.4372250447626548,-0.1920223529146078,-0.9241262771572012,-0.2378962583894591,-0.2852651747138162,0.6154040874439054,-0.6775239456463912,0.095592689597338,-0.2741340134321964,-0.2715147448067069,-0.0545096686124699,-0.1054751099787656,-0.4841466134411829,0,17076862295630414021,TEST
-0.40118011873256,-0.4981113540949978,-0.4465569454251236,-0.4686314183190865,-0.3378076683812179,-0.4676915470807261,-0.2963929877022355,-0.3386466567372986,-0.3509324100615936,-0.5538430523058961,-0.3549638210716314,-0.545372356354676,-0.3732588991734507,-0.3664596337848474,-0.3620028167560174,-0.6484466292680843,-0.429192611062996,-0.4372276070629383,-0.1920223529146078,-0.9241262771572012,-0.2378962583894591,-0.2852573757992869,-0.4191927610052267,1.475962593537489,-0.5124907103264267,-0.2741344428002606,-0.2715149221930298,-0.0544785806506594,-0.1054751099787656,1.8358612289434928,0,8530256536715788384,TEST
-0.40118011873256,-0.5079938642590249,-0.4496293109643878,-0.4686314183190865,-0.3378074890106277,-0.4460650143740527,-0.2963929877022355,-0.3386466567372986,-0.3509324100615936,-0.4189308793257164,-0.3549638210716314,-0.4016861168890022,-0.3732625117091424,-0.3664593472530729,-0.3620025997559415,-0.6484466292680843,-0.4291920137503562,-0.437229841627139,-0.1920223529146078,0.90342218917247,-0.2378962583894591,-0.2852783728768637,1.331663444062535,-0.6775239456463912,-0.599359767458393,-0.2741342638969005,-0.2715149221930298,-0.0545103444377266,-0.1054751099787656,-0.4841466134411829,0,3439545459716259957,TEST
-0.40118011873256,-0.5079938642590249,-0.4496293109643878,-0.4686314183190865,-0.3378076683812179,-0.4676915470807261,-0.2963929877022355,-0.3386466567372986,-0.3509324100615936,-0.5538430523058961,-0.3549638210716314,-0.545372356354676,-0.3732584065549472,-0.3664552539420096,-0.3620028167560174,-0.6484466292680843,-0.4291894154403735,-0.4372272495326662,-0.1920223529146078,-0.9241262771572012,-0.2378962583894591,-0.2852546761750271,-0.4191927610052267,1.475962593537489,-0.599359767458393,-0.2741229572045423,-0.2715149221930298,-0.0544745256991189,-0.1054751099787656,-0.4662053497727551,0,6792609695267291303,TEST
-0.40118011873256,-0.5079938642590249,-0.4496293109643878,-0.4686314183190865,-0.3378076683812179,-0.4706406197225452,-0.2963929877022355,-0.3386466567372986,-0.3509324100615936,-0.5809180509977097,-0.3549638210716314,-0.5649659344636314,-0.3732592275857863,-0.3664596337848474,-0.3620028167560174,-0.6484466292680843,-0.429192611062996,-0.4372278454164531,-0.1920223529146078,-0.9241262771572012,-0.2378962583894591,-0.2852591755487935,-0.6579458798781034,1.475962593537489,-0.599359767458393,-0.2741344428002606,-0.2715149221930298,-0.0544812839516864,-0.1054751099787656,-0.459573365148239,0,1630980420615143584,TEST
-0.40118011873256,-0.290578640650427,-0.3820372691005755,-0.3805016114518471,-0.3378076683812179,-0.4057610216025252,-0.2945053654114149,-0.3386466567372986,-0.3509324100615936,-0.3146805638615435,-0.3549638210716314,-0.3337617127779564,-0.3732549992769652,-0.3664595109855155,-0.361989257785741,-0.6484466292680843,-0.4291925214661,-0.4372245680556253,-0.1920223529146078,-0.9241262771572012,-0.2378962583894591,-0.2852639748808103,0.5358197144862799,-0.6775239456463912,1.3117594894448674,-0.2741341207742125,-0.2715146856779326,-0.0545096686124699,-0.1054751099787656,-0.4841466134411829,0,8070352391376601223,TEST
-0.40118011873256,-0.5079938642590249,-0.4496293109643878,-0.4686314183190865,-0.3378076683812179,-0.4706406197225452,-0.2963929877022355,-0.3386466567372986,-0.3509324100615936,-0.5809180509977097,-0.3549638210716314,-0.5649659344636314,-0.3732607054412965,-0.3664596337848474,-0.3620028167560174,-0.6484466292680843,-0.429192611062996,-0.4372289180072694,-0.1920223529146078,0.90342218917247,-0.2378962583894591,-0.2852672744215732,-0.6579458798781034,1.475962593537489,-0.599359767458393,-0.2741344428002606,-0.2715149221930298,-0.0544934488063079,-0.1054751099787656,-0.4759788007983578,0,12934349058531262553,TEST
-0.40118011873256,-0.5079938642590249,-0.4496293109643878,-0.4686314183190865,-0.3378076683812179,-0.4706406197225452,-0.2963929877022355,-0.3386466567372986,-0.3509324100615936,-0.5809180509977097,-0.3549638210716314,-0.5649659344636314,-0.373222855919617,-0.3664198058682011,-0.3620028167560174,-0.6484466292680843,-0.4291635518030735,-0.4372014477646949,-0.1920223529146078,0.90342218917247,-0.2378962583894591,-0.2850598532909394,-0.6579458798781034,1.475962593537489,-0.599359767458393,-0.2740299990186347,-0.2715149221930298,-0.054181893362946,-0.1054751099787656,-0.4665544015950981,1,1497845503681495151,TEST
-0.40118011873256,-0.3729328920173201,-0.4076403152611105,-0.4262945503140816,-0.3378076683812179,-0.4303366269510176,-0.2959573686018645,-0.3386466567372986,-0.3509324100615936,-0.3831201438880721,-0.3549638210716314,-0.3931955663751215,-0.3732549171738814,-0.3664595928517367,-0.3619889307753125,-0.6484466292680843,-0.429192581197364,-0.4372246574381933,-0.1920223529146078,-0.9241262771572012,-0.2378962583894591,-0.2852641998494987,0.6551962739227182,-0.6775239456463912,0.5878506800118143,-0.2741343354582446,-0.2715148630642555,-0.0545103444377266,-0.1054751099787656,-0.4841466134411829,0,16106803596795576357,TEST
-0.40118011873256,-0.5079938642590249,-0.4496293109643878,-0.4686314183190865,-0.3378076683812179,-0.4706406197225452,-0.2963929877022355,-0.3386466567372986,-0.3509324100615936,-0.5809180509977097,-0.3549638210716314,-0.5649659344636314,-0.3732626759153102,-0.3664595109855155,-0.3620028167560174,-0.6484466292680843,-0.4291925214661,-0.4372303481283579,-0.1920223529146078,-0.9241262771572012,-0.2378962583894591,-0.2852780729186127,-0.6579458798781034,1.475962593537489,-0.599359767458393,-0.2741341207742125,-0.2715149221930298,-0.0545096686124699,-0.1054751099787656,-0.4754901282470776,0,15873444851147210944,TEST
-0.40118011873256,-0.4981113540949978,-0.4465569454251236,-0.4686314183190865,-0.3378076683812179,-0.4676915470807261,-0.2963929877022355,-0.3386466567372986,-0.3509324100615936,-0.5538430523058961,-0.3549638210716314,-0.545372356354676,-0.3732595970496638,-0.3664596337848474,-0.3620028167560174,-0.6484466292680843,-0.429192611062996,-0.4372281135641572,-0.1920223529146078,-0.9241262771572012,-0.2378962583894591,-0.2852612002669885,-0.4191927610052267,1.475962593537489,-0.5124907103264267,-0.2741344428002606,-0.2715149221930298,-0.0544843251653417,-0.1054751099787656,-0.420339940316891,0,3492594118871351361,TEST
-0.40118011873256,-0.3531678716892658,-0.4014955841825821,-0.4254305325958305,-0.3378076683812179,-0.4244384816673794,-0.2959394067980591,-0.3386466567372986,-0.3509324100615936,-0.3402513959593674,-0.3549638210716314,-0.355967767968106,-0.3732555739985526,-0.3664595109855155,-0.3619902755944534,-0.6484466292680843,-0.4291925214661,-0.4372249851742761,-0.1920223529146078,0.90342218917247,-0.2378962583894591,-0.2852650247346899,1.0929103251896586,-0.6775239456463912,0.761588794275747,-0.2741341207742125,-0.2715146856779326,-0.0545096686124699,-0.1054751099787656,-0.4841466134411829,0,14689578513408458881,TEST
-0.40118011873256,-0.5079938642590249,-0.4496293109643878,-0.4686314183190865,-0.3378076683812179,-0.4706406197225452,-0.2963929877022355,-0.3386466567372986,-0.3509324100615936,-0.5809180509977097,-0.3549638210716314,-0.5649659344636314,-0.3732613622659678,-0.3664596337848474,-0.3620028167560174,-0.6484466292680843,-0.429192611062996,-0.4372293947142989,-0.1920223529146078,0.90342218917247,-0.2378962583894591,-0.2852708739205863,-0.6579458798781034,1.475962593537489,-0.599359767458393,-0.2741344428002606,-0.2715149221930298,-0.0544988554083619,-0.1054751099787656,-0.4659959186793493,6,5354798063977103372,TEST
-0.40118011873256,-0.4981113540949978,-0.4465569454251236,-0.465175347461857,-0.3378076683812179,-0.4676915470807261,-0.2963900847844488,-0.3386466567372986,-0.3509324100615936,-0.5673805516518029,-0.3549638210716314,-0.5532097875982582,-0.3732592686373282,-0.3664595109855155,-0.361996818554317,1.5421469630102351,-0.4291925214661,-0.437227666651317,-0.1920223529146078,-0.3149434550473107,-0.2378962583894591,-0.2852717737953396,-0.5783615069204778,-0.6775239456463912,-0.5124907103264267,-0.2741341207742125,-0.2715146856779326,-0.0545096686124699,-0.1054751099787656,-0.4125909898608774,0,16261496183555883026,TEST
-0.40118011873256,-0.4981113540949978,-0.4465569454251236,-0.465175347461857,-0.3378076683812179,-0.4676915470807261,-0.2963900847844488,-0.3386466567372986,-0.3509324100615936,-0.5673805516518029,-0.3549638210716314,-0.5532097875982582,-0.3732592686373282,-0.3664595109855155,-0.361996818554317,1.5421469630102351,-0.4291925214661,-0.437227666651317,-0.1920223529146078,-0.3149434550473107,-0.2378962583894591,-0.2852717737953396,-0.5783615069204778,-0.6775239456463912,-0.5124907103264267,-0.2741341207742125,-0.2715146856779326,-0.0545096686124699,-0.1054751099787656,-0.4125909898608774,0,16261496183555883026,TEST
-0.40118011873256,-0.399286252454726,-0.4158332900324817,-0.4548071348900108,-0.3378076683812179,-0.4382008206625352,-0.2963465410176479,-0.3386466567372986,-0.3509324100615936,-0.3688305612451705,-0.3549638210716314,-0.3807863002394496,-0.3732566823901853,-0.3664595109855155,-0.3619922023414457,-0.6484466292680843,-0.4291925214661,-0.4372258194115777,-0.1920223529146078,0.90342218917247,-0.2378962583894591,-0.2852671244424476,1.331663444062535,-0.6775239456463912,0.3561998609932372,-0.2741341207742125,-0.2715147448067069,-0.0545096686124699,-0.1054751099787656,-0.4841466134411829,0,13979521799519863001,TEST
-0.40118011873256,-0.5079938642590249,-0.4496293109643878,-0.4686314183190865,-0.3378076683812179,-0.4676915470807261,-0.2963929877022355,-0.3386466567372986,-0.3509324100615936,-0.5538430523058961,-0.3549638210716314,-0.545372356354676,-0.3732584065549472,-0.3664552539420096,-0.3620028167560174,-0.6484466292680843,-0.4291894154403735,-0.4372272495326662,-0.1920223529146078,-0.9241262771572012,-0.2378962583894591,-0.2852546761750271,-0.4191927610052267,1.475962593537489,-0.599359767458393,-0.2741229572045423,-0.2715149221930298,-0.0544745256991189,-0.1054751099787656,-0.4662053497727551,0,6792609695267291303,TEST
-0.40118011873256,-0.4981113540949978,-0.4465569454251236,-0.465175347461857,-0.3378076683812179,-0.4676915470807261,-0.2963900847844488,-0.3386466567372986,-0.3509324100615936,-0.5673805516518029,-0.3549638210716314,-0.5532097875982582,-0.3732592686373282,-0.3664595109855155,-0.361996818554317,1.5421469630102351,-0.4291925214661,-0.437227666651317,-0.1920223529146078,-0.3149434550473107,-0.2378962583894591,-0.2852717737953396,-0.5783615069204778,-0.6775239456463912,-0.5124907103264267,-0.2741341207742125,-0.2715146856779326,-0.0545096686124699,-0.1054751099787656,-0.4125909898608774,0,16261496183555883026,TEST
-0.40118011873256,-0.5079938642590249,-0.4496293109643878,-0.4686314183190865,-0.3378076683812179,-0.4706406197225452,-0.2963929877022355,-0.3386466567372986,-0.3509324100615936,-0.5809180509977097,-0.3549638210716314,-0.5649659344636314,-0.3732607054412965,-0.3664596337848474,-0.3620028167560174,-0.6484466292680843,-0.429192611062996,-0.4372289180072694,-0.1920223529146078,0.90342218917247,-0.2378962583894591,-0.2852672744215732,-0.6579458798781034,1.475962593537489,-0.599359767458393,-0.2741344428002606,-0.2715149221930298,-0.0544934488063079,-0.1054751099787656,-0.4759788007983578,0,12934349058531262553,TEST
-0.40118011873256,-0.5079938642590249,-0.4496293109643878,-0.4686314183190865,-0.3378076683812179,-0.4706406197225452,-0.2963929877022355,-0.3386466567372986,-0.3509324100615936,-0.5809180509977097,-0.3549638210716314,-0.5649659344636314,-0.3732608285959224,-0.3664596337848474,-0.3620028167560174,-0.6484466292680843,-0.429192611062996,-0.4372290073898375,-0.1920223529146078,0.90342218917247,-0.2378962583894591,-0.2852679493276381,-0.6579458798781034,1.475962593537489,-0.599359767458393,-0.2741344428002606,-0.2715149221930298,-0.054494462544193,-0.1054751099787656,-0.4208984232326397,0,15508384312669765716,TEST
-0.40118011873256,-0.4091687626187532,-0.4189056555717458,-0.44443892231848,-0.3378076683812179,-0.4411498933043543,-0.2962507447306858,-0.3386466567372986,-0.3509324100615936,-0.4184680588468286,-0.3549638210716314,-0.4238921720791517,-0.3732593096888701,-0.3664576280624264,-0.3620001624055469,-0.6484466292680843,-0.4291911476470286,-0.4372250149684655,-0.1920223529146078,-0.9241262771572012,-0.2378962583894591,-0.2852650997242519,0.6154040874439054,-0.6775239456463912,0.2693308038612708,-0.2741291830414737,-0.2715120840118628,-0.054494462544193,-0.1054751099787656,-0.4841466134411829,0,14789394800449552532,TEST
-0.40118011873256,-0.4981113540949978,-0.4465569454251236,-0.4686314183190865,-0.3378076683812179,-0.4676915470807261,-0.2963929877022355,-0.3386466567372986,-0.3509324100615936,-0.5592580520442588,-0.3549638210716314,-0.545372356354676,-0.3732608285959224,-0.3664596337848474,-0.3619999317348842,-0.6484466292680843,-0.429192611062996,-0.4372287988305121,-0.1920223529146078,-0.9241262771572012,-0.237891803027589,-0.2852756545052132,-0.4191927610052267,1.475962593537489,-0.5124907103264267,-0.2741344428002606,-0.2715120840118628,-0.0545103444377266,-0.1054751099787656,-0.4662751601372237,0,18419372022883025044,TEST
-0.40118011873256,-0.5079938642590249,-0.4496293109643878,-0.4686314183190865,-0.3378076683812179,-0.4706406197225452,-0.2963929877022355,-0.3386466567372986,-0.3509324100615936,-0.5809180509977097,-0.3549638210716314,-0.5649659344636314,-0.3732607875443804,-0.3664596337848474,-0.3620028167560174,-0.6484466292680843,-0.429192611062996,-0.4372289775956481,-0.1920223529146078,0.90342218917247,-0.2378962583894591,-0.2852677243589498,-0.6579458798781034,1.475962593537489,-0.599359767458393,-0.2741344428002606,-0.2715149221930298,-0.0544941246315646,-0.1054751099787656,-0.137189102032287,0,14381731653621383348,TEST
-0.40118011873256,-0.5079938642590249,-0.4496293109643878,-0.4686314183190865,-0.3378074890106277,-0.4460650143740527,-0.2963929877022355,-0.3386466567372986,-0.3509324100615936,-0.4189308793257164,-0.3549638210716314,-0.4016861168890022,-0.3732625117091424,-0.3664593472530729,-0.3620025997559415,-0.6484466292680843,-0.4291920137503562,-0.437229841627139,-0.1920223529146078,0.90342218917247,-0.2378962583894591,-0.2852783728768637,1.331663444062535,-0.6775239456463912,-0.599359767458393,-0.2741342638969005,-0.2715149221930298,-0.0545103444377266,-0.1054751099787656,-0.4841466134411829,0,3439545459716259957,TEST
-0.40118011873256,-0.5079938642590249,-0.4496293109643878,-0.4686314183190865,-0.3378076683812179,-0.4706406197225452,-0.2963929877022355,-0.3386466567372986,-0.3509324100615936,-0.5809180509977097,-0.3549638210716314,-0.5649659344636314,-0.373222855919617,-0.3664198058682011,-0.3620028167560174,-0.6484466292680843,-0.4291635518030735,-0.4372014477646949,-0.1920223529146078,0.90342218917247,-0.2378962583894591,-0.2850598532909394,-0.6579458798781034,1.475962593537489,-0.599359767458393,-0.2740299990186347,-0.2715149221930298,-0.054181893362946,-0.1054751099787656,-0.4665544015950981,1,1497845503681495151,TEST
-0.40118011873256,-0.5079938642590249,-0.4496293109643878,-0.4686314183190865,-0.3378076683812179,-0.4706406197225452,-0.2963929877022355,-0.3386466567372986,-0.3509324100615936,-0.5809180509977097,-0.3549638210716314,-0.5649659344636314,-0.373222855919617,-0.3664198058682011,-0.3620028167560174,-0.6484466292680843,-0.4291635518030735,-0.4372014477646949,-0.1920223529146078,0.90342218917247,-0.2378962583894591,-0.2850598532909394,-0.6579458798781034,1.475962593537489,-0.599359767458393,-0.2740299990186347,-0.2715149221930298,-0.054181893362946,-0.1054751099787656,-0.4665544015950981,1,1497845503681495151,TEST
-0.40118011873256,-0.4141100177007668,-0.420441838341378,-0.4548071348900108,-0.3378076683812179,-0.4426244296252638,-0.2963465410176479,-0.3386466567372986,-0.3509324100615936,-0.4026743096099374,-0.3549638210716314,-0.4101766674028829,-0.3732571750086887,-0.3664594700524048,-0.3619931109056011,-0.6484466292680843,-0.429192491600468,-0.4372261471476605,-0.1920223529146078,-0.9241262771572012,-0.2378962583894591,-0.2852679493276381,0.9735337657532204,-0.6775239456463912,0.2258962752952876,-0.2741340134321964,-0.2715147448067069,-0.0545096686124699,-0.1054751099787656,-0.4841466134411829,0,14562031351694622918,TEST
-0.40118011873256,-0.4981113540949978,-0.4465569454251236,-0.465175347461857,-0.3378076683812179,-0.4676915470807261,-0.2963900847844488,-0.3386466567372986,-0.3509324100615936,-0.5673805516518029,-0.3549638210716314,-0.5532097875982582,-0.3732592686373282,-0.3664595109855155,-0.361996818554317,1.5421469630102351,-0.4291925214661,-0.437227666651317,-0.1920223529146078,-0.3149434550473107,-0.2378962583894591,-0.2852717737953396,-0.5783615069204778,-0.6775239456463912,-0.5124907103264267,-0.2741341207742125,-0.2715146856779326,-0.0545096686124699,-0.1054751099787656,-0.4125909898608774,0,16261496183555883026,TEST
-0.40118011873256,-0.4981113540949978,-0.4465569454251236,-0.4686314183190865,-0.3378076683812179,-0.4676915470807261,-0.2963929877022355,-0.3386466567372986,-0.3509324100615936,-0.5538430523058961,-0.3549638210716314,-0.545372356354676,-0.3732626759153102,-0.3664596337848474,-0.3620028167560174,-0.6484466292680843,-0.429192611062996,-0.4372303481283579,-0.1920223529146078,-0.9241262771572012,-0.2378962583894591,-0.2852780729186127,-0.4191927610052267,1.475962593537489,-0.5124907103264267,-0.2741344428002606,-0.2715149221930298,-0.0545096686124699,-0.1054751099787656,-0.4766769044430437,0,15564636983479894257,TEST
-0.40118011873256,-0.5079938642590249,-0.4496293109643878,-0.4686314183190865,-0.3378076683812179,-0.4706406197225452,-0.2963929877022355,-0.3386466567372986,-0.3509324100615936,-0.5809180509977097,-0.3549638210716314,-0.5649659344636314,-0.3732609928020902,-0.3664596337848474,-0.3620028167560174,-0.6484466292680843,-0.429192611062996,-0.4372291265665948,-0.1920223529146078,-0.9241262771572012,-0.2378962583894591,-0.2852688492023914,-0.6579458798781034,1.475962593537489,-0.599359767458393,-0.2741344428002606,-0.2715149221930298,-0.0544958141947065,-0.1054751099787656,1.5543858394061347,0,15776308001658503411,TEST
-0.40118011873256,-0.3399911914705629,-0.3973990967968965,-0.408150178309683,-0.3378076683812179,-0.4205063848116206,-0.2955039691300497,-0.3386466567372986,-0.3509324100615936,-0.3552930618992637,-0.3549638210716314,-0.3690301533740763,-0.3732564771324755,-0.3664595109855155,-0.3619930706908187,-0.6484466292680843,-0.4291925214661,-0.4372242999079212,-0.1920223529146078,-0.9241262771572012,-0.2378962583894591,-0.2852632999747453,0.6154040874439054,-0.6775239456463912,0.8774142037850355,-0.2741341207742125,-0.2715120248830885,-0.0545096686124699,-0.1054751099787656,-0.4841466134411829,0,17790487705224347715,TEST
-0.40118011873256,-0.4981113540949978,-0.4465569454251236,-0.4649883997640792,-0.3378076683812179,-0.4676915470807261,-0.2963897622380282,-0.3386466567372986,-0.3509324100615936,-0.5658763850578132,-0.3549638210716314,-0.554080613293078,-0.3732580370910697,-0.3664596337848474,-0.3620028167560174,1.5421469630102351,-0.429192611062996,-0.4372269813849621,-0.1920223529146078,-0.3149434550473107,-0.2378962583894591,-0.2852526514568322,-0.5783615069204778,-0.6775239456463912,-0.5124907103264267,-0.2741344428002606,-0.2715149221930298,-0.0544714844854635,-0.1054751099787656,-0.4125909898608774,3,14212154446403338436,TEST
-0.40118011873256,-0.3663445519079687,-0.4055920715682677,-0.4332066920285406,-0.3378076683812179,-0.4283705785231382,-0.2960879999022673,-0.3386466567372986,-0.3509324100615936,-0.3500284788203,-0.3549638210716314,-0.3644583184819867,-0.3732562308232238,-0.3664594700524048,-0.3619914388018113,-0.6484466292680843,-0.429192491600468,-0.4372254618813056,-0.1920223529146078,0.90342218917247,-0.2378962583894591,-0.2852662245676935,1.1327025116684717,-0.6775239456463912,0.6457633847664586,-0.2741340134321964,-0.2715147448067069,-0.0545096686124699,-0.1054751099787656,-0.4841466134411829,0,7614232506450968797,TEST
-0.40118011873256,-0.5079938642590249,-0.4496293109643878,-0.4349334966888188,-0.3378076683812179,-0.4524546717646608,-0.2961170089209833,-0.3386466567372986,-0.3509324100615936,-0.4696097230424763,-0.3549638210716314,-0.4844145577933721,-0.3732627169668522,-0.3664595519186261,-0.3620028167560174,-0.6484466292680843,-0.429192551331732,-0.4372303779225472,-0.1920223529146078,0.90342218917247,-0.2378962583894591,-0.285278297887301,-0.6579458798781034,1.475962593537489,-0.599359767458393,-0.2741342281162285,-0.2715149221930298,-0.0545100065250983,-0.1054751099787656,-0.4783523531902899,0,9407790298126483679,TEST
-0.40118011873256,-0.4981113540949978,-0.4465569454251236,-0.4686314183190865,-0.3378076683812179,-0.4676915470807261,-0.2963929877022355,-0.3386466567372986,-0.3509324100615936,-0.5538430523058961,-0.3549638210716314,-0.545372356354676,-0.3732605822866707,-0.3664596337848474,-0.3620028167560174,-0.6484466292680843,-0.429192611062996,-0.4372288286247014,-0.1920223529146078,-0.9241262771572012,-0.2378962583894591,-0.2852665995155082,-0.4191927610052267,1.475962593537489,-0.5124907103264267,-0.2741344428002606,-0.2715149221930298,-0.0544924350684227,-0.1054751099787656,-0.4818428714137194,0,2645769624765857911,TEST
-0.40118011873256,-0.5079938642590249,-0.4496293109643878,-0.4686314183190865,-0.3378076683812179,-0.4706406197225452,-0.2963929877022355,-0.3386466567372986,-0.3509324100615936,-0.5809180509977097,-0.3549638210716314,-0.5649659344636314,-0.373222855919617,-0.3664198058682011,-0.3620028167560174,-0.6484466292680843,-0.4291635518030735,-0.4372014477646949,-0.1920223529146078,0.90342218917247,-0.2378962583894591,-0.2850598532909394,-0.6579458798781034,1.475962593537489,-0.599359767458393,-0.2740299990186347,-0.2715149221930298,-0.054181893362946,-0.1054751099787656,-0.4665544015950981,1,1497845503681495151,TEST
-0.40118011873256,-0.5079938642590249,-0.4496293109643878,-0.4686314183190865,-0.3378076683812179,-0.4706406197225452,-0.2963929877022355,-0.3386466567372986,-0.3509324100615936,-0.5809180509977097,-0.3549638210716314,-0.5649659344636314,-0.3732626759153102,-0.3664595109855155,-0.3620028167560174,-0.6484466292680843,-0.4291925214661,-0.4372303481283579,-0.1920223529146078,-0.9241262771572012,-0.2378962583894591,-0.2852780729186127,-0.6579458798781034,1.475962593537489,-0.599359767458393,-0.2741341207742125,-0.2715149221930298,-0.0545096686124699,-0.1054751099787656,-0.4754901282470776,0,15873444851147210944,TEST
-0.40118011873256,-0.5079938642590249,-0.4496293109643878,-0.4686314183190865,-0.3378076683812179,-0.4706406197225452,-0.2963929877022355,-0.3386466567372986,-0.3509324100615936,-0.5809180509977097,-0.3549638210716314,-0.5649659344636314,-0.3732608285959224,-0.3664596337848474,-0.3620028167560174,-0.6484466292680843,-0.429192611062996,-0.4372290073898375,-0.1920223529146078,0.90342218917247,-0.2378962583894591,-0.2852679493276381,-0.6579458798781034,1.475962593537489,-0.599359767458393,-0.2741344428002606,-0.2715149221930298,-0.054494462544193,-0.1054751099787656,-0.4208984232326397,0,15508384312669765716,TEST
-0.40118011873256,-0.4289337829468075,-0.4250503866502743,-0.4548071348901686,-0.3378076683812179,-0.4470480385879924,-0.2963465410176479,-0.3386466567372986,-0.3509324100615936,-0.4365180579747043,-0.3549638210716314,-0.4395670345663162,-0.3732581191941536,-0.3664594700524048,-0.3619958449921115,-0.6484466292680843,-0.429192491600468,-0.4372254916754949,-0.1920223529146078,0.90342218917247,-0.2378962583894591,-0.2852662995572578,0.6154040874439054,-0.6775239456463912,0.095592689597338,-0.2741340134321964,-0.2715120840118628,-0.0545093306998415,-0.1054751099787656,-0.4841466134411829,0,8562596694476980318,TEST
-0.40118011873256,-0.5079938642590249,-0.4496293109643878,-0.4686314183190865,-0.3378076683812179,-0.4706406197225452,-0.2963929877022355,-0.3386466567372986,-0.3509324100615936,-0.5809180509977097,-0.3549638210716314,-0.5649659344636314,-0.3732626759153102,-0.3664595109855155,-0.3620028167560174,-0.6484466292680843,-0.4291925214661,-0.4372303481283579,-0.1920223529146078,-0.9241262771572012,-0.2378962583894591,-0.2852780729186127,-0.6579458798781034,1.475962593537489,-0.599359767458393,-0.2741341207742125,-0.2715149221930298,-0.0545096686124699,-0.1054751099787656,-0.4754901282470776,0,15873444851147210944,TEST
-0.40118011873256,-0.5079938642590249,-0.4496293109643878,-0.4686314183190865,-0.3378076683812179,-0.4676915470807261,-0.2963929877022355,-0.3386466567372986,-0.3509324100615936,-0.5538430523058961,-0.3549638210716314,-0.545372356354676,-0.3732584065549472,-0.3664552539420096,-0.3620028167560174,-0.6484466292680843,-0.4291894154403735,-0.4372272495326662,-0.1920223529146078,-0.9241262771572012,-0.2378962583894591,-0.2852546761750271,-0.4191927610052267,1.475962593537489,-0.599359767458393,-0.2741229572045423,-0.2715149221930298,-0.0544745256991189,-0.1054751099787656,-0.4662053497727551,0,6792609695267291303,TEST
-0.40118011873256,-0.4981113540949978,-0.4465569454251236,-0.4686314183190865,-0.3378076683812179,-0.4676915470807261,-0.2963929877022355,-0.3386466567372986,-0.3509324100615936,-0.5538430523058961,-0.3549638210716314,-0.545372356354676,-0.3732605822866707,-0.3664596337848474,-0.3620028167560174,-0.6484466292680843,-0.429192611062996,-0.4372288286247014,-0.1920223529146078,-0.9241262771572012,-0.2378962583894591,-0.2852665995155082,-0.4191927610052267,1.475962593537489,-0.5124907103264267,-0.2741344428002606,-0.2715149221930298,-0.0544924350684227,-0.1054751099787656,-0.4818428714137194,0,2645769624765857911,TEST
-0.40118011873256,-0.4981113540949978,-0.4465569454251236,-0.4686314183190865,-0.3378076683812179,-0.4676915470807261,-0.2963929877022355,-0.3386466567372986,-0.3509324100615936,-0.5568513854938754,-0.3549638210716314,-0.545372356354676,-0.3732617727813873,-0.3664596337848474,-0.3620006797779663,-0.6484466292680843,-0.429192611062996,-0.437229662862003,-0.1920223529146078,-0.9241262771572012,-0.2378962583894591,-0.2852758232317294,-0.4191927610052267,1.475962593537489,-0.5124907103264267,-0.2741344428002606,-0.2715148630642555,-0.0545103444377266,-0.1054751099787656,-0.468090229613407,0,14098881056475709653,TEST
-0.40118011873256,-0.5079938642590249,-0.4496293109643878,-0.4686314183190865,-0.3378074890106277,-0.4460650143740527,-0.2963929877022355,-0.3386466567372986,-0.3509324100615936,-0.4189308793257164,-0.3549638210716314,-0.4016861168890022,-0.3732625117091424,-0.3664593472530729,-0.3620025997559415,-0.6484466292680843,-0.4291920137503562,-0.437229841627139,-0.1920223529146078,0.90342218917247,-0.2378962583894591,-0.2852783728768637,1.331663444062535,-0.6775239456463912,-0.599359767458393,-0.2741342638969005,-0.2715149221930298,-0.0545103444377266,-0.1054751099787656,-0.4841466134411829,0,3439545459716259957,TEST
-0.40118011873256,-0.3778741470993337,-0.4091764980307426,-0.4280225857505837,-0.3378076683812179,-0.4318111632719272,-0.2959922036153052,-0.3386466567372986,-0.3509324100615936,-0.3898888935610254,-0.3549638210716314,-0.3990736398078081,-0.3732527824936998,-0.3664595928517367,-0.3619851502988895,-0.6484466292680843,-0.429192581197364,-0.4372231081403475,-0.1920223529146078,-0.9241262771572012,-0.2378962583894591,-0.2852603003922351,0.6154040874439054,-0.6775239456463912,0.5444161514458311,-0.2741343354582446,-0.2715148630642555,-0.0545103444377266,-0.1054751099787656,-0.4841466134411829,0,7572067939009036376,TEST
-0.40118011873256,-0.5079938642590249,-0.4496293109643878,-0.4686314183190865,-0.3378076683812179,-0.4706406197225452,-0.2963929877022355,-0.3386466567372986,-0.3509324100615936,-0.5809180509977097,-0.3549638210716314,-0.5649659344636314,-0.3732608285959224,-0.3664596337848474,-0.3620028167560174,-0.6484466292680843,-0.429192611062996,-0.4372290073898375,-0.1920223529146078,0.90342218917247,-0.2378962583894591,-0.2852679493276381,-0.6579458798781034,1.475962593537489,-0.599359767458393,-0.2741344428002606,-0.2715149221930298,-0.054494462544193,-0.1054751099787656,-0.4208984232326397,0,15508384312669765716,TEST
-0.40118011873256,-0.5079938642590249,-0.4496293109643878,-0.4686314183190865,-0.3378076683812179,-0.4706406197225452,-0.2963929877022355,-0.3386466567372986,-0.3509324100615936,-0.5809180509977097,-0.3549638210716314,-0.5649659344636314,-0.3732626759153102,-0.3664595109855155,-0.3620028167560174,-0.6484466292680843,-0.4291925214661,-0.4372303481283579,-0.1920223529146078,-0.9241262771572012,-0.2378962583894591,-0.2852780729186127,-0.6579458798781034,1.475962593537489,-0.599359767458393,-0.2741341207742125,-0.2715149221930298,-0.0545096686124699,-0.1054751099787656,-0.4754901282470776,0,15873444851147210944,TEST
-0.40118011873256,-0.4981113540949978,-0.4465569454251236,-0.465175347461857,-0.3378076683812179,-0.4676915470807261,-0.2963900847844488,-0.3386466567372986,-0.3509324100615936,-0.5673805516518029,-0.3549638210716314,-0.5532097875982582,-0.3732607464928384,-0.3664576280624264,-0.3619992901726583,1.5421469630102351,-0.4291911476470286,-0.4372274580919916,-0.1920223529146078,-0.3149434550473107,-0.2378962583894591,-0.285271248868401,-0.5783615069204778,-0.6775239456463912,-0.5124907103264267,-0.2741291830414737,-0.2715119657543142,-0.0545103444377266,-0.1054751099787656,-0.4125909898608774,0,7737363831643046036,TEST
-0.40118011873256,-0.229636494638926,-0.3630910149417797,-0.3580371508877428,-0.3378076683812179,-0.3875750736446408,-0.2934203998886249,-0.3386466567372986,-0.3509324100615936,-0.2342076510830978,-0.3549638210716314,-0.2638779508560151,-0.3732561076685979,-0.3664595109855155,-0.3619924265484681,-0.6484466292680843,-0.4291925214661,-0.4372240615544064,-0.1920223529146078,0.90342218917247,-0.2378962583894591,-0.2852627000582447,0.9735337657532204,-0.6775239456463912,1.8474520084253268,-0.2741341207742125,-0.2715120840118628,-0.0545096686124699,-0.1054751099787656,-0.4841466134411829,0,6294656846150893582,TEST
-0.40118011873256,-0.5079938642590249,-0.4496293109643878,-0.4686314183190865,-0.3378076683812179,-0.4706406197225452,-0.2963929877022355,-0.3386466567372986,-0.3509324100615936,-0.5809180509977097,-0.3549638210716314,-0.5649659344636314,-0.3693562932862644,-0.3664596337848474,-0.3620028167560174,-0.6484466292680843,-0.429192611062996,-0.4343951926588247,-0.1920223529146078,0.90342218917247,-0.2378962583894591,-0.2638705024751761,-0.6579458798781034,1.475962593537489,-0.599359767458393,-0.2741344428002606,-0.2715149221930298,-0.02235457872155,-0.1054751099787656,-0.4628544522782628,0,15767898975089590355,TEST
-0.40118011873256,-0.4981113540949978,-0.4465569454251236,-0.4686314183190865,-0.3378076683812179,-0.4676915470807261,-0.2963929877022355,-0.3386466567372986,-0.3509324100615936,-0.5538430523058961,-0.3549638210716314,-0.545372356354676,-0.3732595970496638,-0.3664596337848474,-0.3620028167560174,-0.6484466292680843,-0.429192611062996,-0.4372281135641572,-0.1920223529146078,-0.9241262771572012,-0.2378962583894591,-0.2852612002669885,-0.4191927610052267,1.475962593537489,-0.5124907103264267,-0.2741344428002606,-0.2715149221930298,-0.0544843251653417,-0.1054751099787656,-0.420339940316891,0,3492594118871351361,TEST
-0.40118011873256,-0.4701109086302541,-0.4378519097305417,-0.4686314183190865,-0.3378076683812179,-0.4593358412622387,-0.2963929877022355,-0.3386466567372986,-0.3509324100615936,-0.4944284718433053,-0.3549638210716314,-0.489857218379302,-0.3732567644932691,-0.3664595928517367,-0.3619921658046169,-0.6484466292680843,-0.429192581197364,-0.4372260279709031,-0.1920223529146078,0.90342218917247,-0.2378962583894591,-0.2852676493693878,0.2572744091345904,-0.6775239456463912,-0.2663617151191885,-0.2741343354582446,-0.2715149221930298,-0.054510682350355,-0.1054751099787656,-0.4841466134411829,0,239575852119228456,TEST
-0.40118011873256,-0.5079938642590249,-0.4496293109643878,-0.4686314183190865,-0.3378076683812179,-0.4676915470807261,-0.2963929877022355,-0.3386466567372986,-0.3509324100615936,-0.5538430523058961,-0.3549638210716314,-0.545372356354676,-0.3732584065549472,-0.3664552539420096,-0.3620028167560174,-0.6484466292680843,-0.4291894154403735,-0.4372272495326662,-0.1920223529146078,-0.9241262771572012,-0.2378962583894591,-0.2852546761750271,-0.4191927610052267,1.475962593537489,-0.599359767458393,-0.2741229572045423,-0.2715149221930298,-0.0544745256991189,-0.1054751099787656,-0.4662053497727551,0,6792609695267291303,TEST
-0.40118011873256,-0.4981113540949978,-0.4465569454251236,-0.465175347461857,-0.3378076683812179,-0.4676915470807261,-0.2963900847844488,-0.3386466567372986,-0.3509324100615936,-0.5673805516518029,-0.3549638210716314,-0.5532097875982582,-0.3732607875443804,-0.3664576280624264,-0.3619997632942908,1.5421469630102351,-0.4291911476470286,-0.4372283817118613,-0.1920223529146078,-0.3149434550473107,-0.2378962583894591,-0.2852735735448462,-0.5783615069204778,-0.6775239456463912,-0.5124907103264267,-0.2741291830414737,-0.2715148630642555,-0.0545103444377266,-0.1054751099787656,-0.4125909898608774,0,9578959622884163697,TEST
-0.40118011873256,-0.5079938642590249,-0.4496293109643878,-0.4686314183190865,-0.3378076683812179,-0.4706406197225452,-0.2963929877022355,-0.3386466567372986,-0.3509324100615936,-0.5809180509977097,-0.3549638210716314,-0.5649659344636314,-0.3732626759153102,-0.3664595109855155,-0.3620028167560174,-0.6484466292680843,-0.4291925214661,-0.4372303481283579,-0.1920223529146078,0.90342218917247,-0.2378962583894591,-0.2852780729186127,-0.6579458798781034,1.475962593537489,-0.599359767458393,-0.2741341207742125,-0.2715149221930298,-0.0545096686124699,-0.1054751099787656,-0.0903463474738626,0,15405569697603911696,TEST
-0.40118011873256,-0.5079938642590249,-0.4496293109643878,-0.4686314183190865,-0.3378076683812179,-0.4706406197225452,-0.2963929877022355,-0.3386466567372986,-0.3509324100615936,-0.5809180509977097,-0.3549638210716314,-0.5649659344636314,-0.3732607875443804,-0.3664596337848474,-0.3620028167560174,-0.6484466292680843,-0.429192611062996,-0.4372289775956481,-0.1920223529146078,0.90342218917247,-0.2378962583894591,-0.2852677243589498,-0.6579458798781034,1.475962593537489,-0.599359767458393,-0.2741344428002606,-0.2715149221930298,-0.0544941246315646,-0.1054751099787656,-0.4753505075181405,0,16782952135519240414,TEST
-0.40118011873256,-0.5079938642590249,-0.4496293109643878,-0.4686314183190865,-0.3378076683812179,-0.4676915470807261,-0.2963929877022355,-0.3386466567372986,-0.3509324100615936,-0.5538430523058961,-0.3549638210716314,-0.545372356354676,-0.3732584065549472,-0.3664552539420096,-0.3620028167560174,-0.6484466292680843,-0.4291894154403735,-0.4372272495326662,-0.1920223529146078,-0.9241262771572012,-0.2378962583894591,-0.2852546761750271,-0.4191927610052267,1.475962593537489,-0.599359767458393,-0.2741229572045423,-0.2715149221930298,-0.0544745256991189,-0.1054751099787656,-0.4662053497727551,0,6792609695267291303,TEST
-0.40118011873256,-0.3399911914705629,-0.3973990967968965,-0.4167903554601709,-0.3378076683812179,-0.4205063848116206,-0.2957398312002214,-0.3386466567372986,-0.3509324100615936,-0.3327305629894191,-0.3549638210716314,-0.3494365752651208,-0.3732570929056047,-0.3664594700524048,-0.3619941469723982,-0.6484466292680843,-0.429192491600468,-0.4372247468207614,-0.1920223529146078,0.90342218917247,-0.2378962583894591,-0.2852644248181877,1.013325952232033,-0.6775239456463912,0.8774142037850355,-0.2741340134321964,-0.2715120840118628,-0.0545093306998415,-0.1054751099787656,-0.4841466134411829,0,9510968274302533824,TEST
-0.40118011873256,-0.5079938642590249,-0.4496293109643878,-0.4686314183190865,-0.3378076683812179,-0.4676915470807261,-0.2963929877022355,-0.3386466567372986,-0.3509324100615936,-0.5538430523058961,-0.3549638210716314,-0.545372356354676,-0.3732580370910697,-0.3664548855440139,-0.3620028167560174,-0.6484466292680843,-0.4291891466496856,-0.4372269813849621,-0.1920223529146078,-0.9241262771572012,-0.2378962583894591,-0.2852526514568322,-0.4191927610052267,1.475962593537489,-0.599359767458393,-0.2741219911263977,-0.2715149221930298,-0.0544714844854635,-0.1054751099787656,3.998376889087028,0,16771329045148598419,TEST
-0.40118011873256,-0.4981113540949978,-0.4465569454251236,-0.465175347461857,-0.3378076683812179,-0.4676915470807261,-0.2963900847844488,-0.3386466567372986,-0.3509324100615936,-0.5673805516518029,-0.3549638210716314,-0.5532097875982582,-0.3732607875443804,-0.3664576280624264,-0.3619997632942908,1.5421469630102351,-0.4291911476470286,-0.4372283817118613,-0.1920223529146078,-0.3149434550473107,-0.2378962583894591,-0.2852735735448462,-0.5783615069204778,-0.6775239456463912,-0.5124907103264267,-0.2741291830414737,-0.2715148630642555,-0.0545103444377266,-0.1054751099787656,-0.4125909898608774,0,9578959622884163697,TEST
-0.40118011873256,-0.5079938642590249,-0.4496293109643878,-0.4686314183190865,-0.3378076683812179,-0.4676915470807261,-0.2963929877022355,-0.3386466567372986,-0.3509324100615936,-0.5538430523058961,-0.3549638210716314,-0.545372356354676,-0.3732607875443804,-0.3664576280624264,-0.3620028167560174,-0.6484466292680843,-0.4291911476470286,-0.4372289775956481,-0.1920223529146078,-0.9241262771572012,-0.2378962583894591,-0.2852677243589498,-0.4191927610052267,1.475962593537489,-0.599359767458393,-0.2741291830414737,-0.2715149221930298,-0.0544941246315646,-0.1054751099787656,-0.4569205712984325,0,14427947703314153551,TEST
-0.40118011873256,-0.4981113540949978,-0.4465569454251236,-0.465175347461857,-0.3378076683812179,-0.4676915470807261,-0.2963900847844488,-0.3386466567372986,-0.3509324100615936,-0.5673805516518029,-0.3549638210716314,-0.5532097875982582,-0.3732609106990063,-0.3664576280624264,-0.361999690592821,1.5421469630102351,-0.4291911476470286,-0.4372276070629383,-0.1920223529146078,-0.3149434550473107,-0.2378962583894591,-0.2852716238162133,-0.5783615069204778,-0.6775239456463912,-0.5124907103264267,-0.2741291830414737,-0.2715120248830885,-0.0545096686124699,-0.1054751099787656,-0.4125909898608774,0,15373769209021726958,TEST
-0.40118011873256,-0.5079938642590249,-0.4496293109643878,-0.4686314183190865,-0.3378074890106277,-0.4460650143740527,-0.2963929877022355,-0.3386466567372986,-0.3509324100615936,-0.4189308793257164,-0.3549638210716314,-0.4016861168890022,-0.3732625117091424,-0.3664593472530729,-0.3620025997559415,-0.6484466292680843,-0.4291920137503562,-0.437229841627139,-0.1920223529146078,0.90342218917247,-0.2378962583894591,-0.2852783728768637,1.331663444062535,-0.6775239456463912,-0.599359767458393,-0.2741342638969005,-0.2715149221930298,-0.0545103444377266,-0.1054751099787656,-0.4841466134411829,0,3439545459716259957,TEST
-0.40118011873256,-0.5079938642590249,-0.4496293109643878,-0.4686314183190865,-0.3378076683812179,-0.4706406197225452,-0.2963929877022355,-0.3386466567372986,-0.3509324100615936,-0.5809180509977097,-0.3549638210716314,-0.5649659344636314,-0.3732626759153102,-0.3664595109855155,-0.3620028167560174,-0.6484466292680843,-0.4291925214661,-0.4372303481283579,-0.1920223529146078,-0.9241262771572012,-0.2378962583894591,-0.2852780729186127,-0.6579458798781034,1.475962593537489,-0.599359767458393,-0.2741341207742125,-0.2715149221930298,-0.0545096686124699,-0.1054751099787656,-0.4754901282470776,0,15873444851147210944,TEST
-0.40118011873256,-0.4981113540949978,-0.4465569454251236,-0.4686314183190865,-0.3378076683812179,-0.4676915470807261,-0.2963929877022355,-0.3386466567372986,-0.3509324100615936,-0.5538430523058961,-0.3549638210716314,-0.545372356354676,-0.3732609517505482,-0.3664596337848474,-0.3620028167560174,-0.6484466292680843,-0.429192611062996,-0.4372290967724055,-0.1920223529146078,-0.9241262771572012,-0.2378962583894591,-0.2852686242337031,-0.4191927610052267,1.475962593537489,-0.5124907103264267,-0.2741344428002606,-0.2715149221930298,-0.0544954762820781,-0.1054751099787656,-0.4639714181097602,0,8146268394037051501,TEST
-0.40118011873256,-0.3597562117986173,-0.4035438278754249,-0.4254305325958305,-0.3378076683812179,-0.4264045300952588,-0.2959394067980591,-0.3386466567372986,-0.3509324100615936,-0.3552930618992637,-0.3549638210716314,-0.3690301533740763,-0.3732554508439267,-0.3664594700524048,-0.3619900939988263,-0.6484466292680843,-0.429192491600468,-0.4372248659975187,-0.1920223529146078,-0.9241262771572012,-0.2378962583894591,-0.2852647247764396,0.9337415792744076,-0.6775239456463912,0.7036760895211027,-0.2741340134321964,-0.2715146856779326,-0.0545093306998415,-0.1054751099787656,-0.4841466134411829,0,11498738031451439339,TEST
-0.40118011873256,-0.4981113540949978,-0.4465569454251236,-0.465175347461857,-0.3378076683812179,-0.4676915470807261,-0.2963900847844488,-0.3386466567372986,-0.3509324100615936,-0.5673805516518029,-0.3549638210716314,-0.5532097875982582,-0.3732592686373282,-0.3664595109855155,-0.361996818554317,1.5421469630102351,-0.4291925214661,-0.437227666651317,-0.1920223529146078,-0.3149434550473107,-0.2378962583894591,-0.2852717737953396,-0.5783615069204778,-0.6775239456463912,-0.5124907103264267,-0.2741341207742125,-0.2715146856779326,-0.0545096686124699,-0.1054751099787656,-0.4125909898608774,0,16261496183555883026,TEST
-0.40118011873256,-0.5079938642590249,-0.4496293109643878,-0.4686314183190865,-0.3378076683812179,-0.4706406197225452,-0.2963929877022355,-0.3386466567372986,-0.3509324100615936,-0.5809180509977097,-0.3549638210716314,-0.5649659344636314,-0.3732598433589155,-0.3664596337848474,-0.3620028167560174,-0.6484466292680843,-0.429192611062996,-0.4372282923292932,-0.1920223529146078,0.90342218917247,-0.2378962583894591,-0.2852625500791184,-0.6579458798781034,1.475962593537489,-0.599359767458393,-0.2741344428002606,-0.2715149221930298,-0.054486352641112,-0.1054751099787656,-0.4785617842836956,0,5256854558435311663,TEST
-0.40118011873256,-0.2032831342015202,-0.3548980401704085,-0.3450768851770759,-0.3378076683812179,-0.3797108799331232,-0.292682877338434,-0.3386466567372986,-0.3509324100615936,-0.2078847356882791,-0.3549638210716314,-0.2410187763955669,-0.3732527414421579,-0.3664595928517367,-0.3619851856378315,-0.6484466292680843,-0.429192581197364,-0.4372229889635901,-0.1920223529146078,0.90342218917247,-0.2378962583894591,-0.2852600004339848,1.013325952232033,-0.6775239456463912,2.079102827443904,-0.2741343354582446,-0.2715146856779326,-0.0545103444377266,-0.1054751099787656,-0.4841466134411829,0,17788833520549757046,TEST
-0.40118011873256,-0.4981113540949978,-0.4465569454251236,-0.465175347461857,-0.3378076683812179,-0.4676915470807261,-0.2963900847844488,-0.3386466567372986,-0.3509324100615936,-0.5673805516518029,-0.3549638210716314,-0.5532097875982582,-0.3732604591320448,-0.3664595928517367,-0.3619987813332543,1.5421469630102351,-0.429192581197364,-0.4372286498595654,-0.1920223529146078,-0.3149434550473107,-0.2378962583894591,-0.2852742484509112,-0.5783615069204778,-0.6775239456463912,-0.5124907103264267,-0.2741343354582446,-0.2715148039354812,-0.0545103444377266,-0.1054751099787656,-0.4125909898608774,0,7367513017677381781,TEST
-0.40118011873256,-0.4981113540949978,-0.4465569454251236,-0.4686314183190865,-0.3378076683812179,-0.4676915470807261,-0.2963929877022355,-0.3386466567372986,-0.3509324100615936,-0.5538430523058961,-0.3549638210716314,-0.545372356354676,-0.3732612391113419,-0.3664596337848474,-0.3620028167560174,-0.6484466292680843,-0.429192611062996,-0.4372293053317309,-0.1920223529146078,-0.9241262771572012,-0.2378962583894591,-0.2852701990145214,-0.4191927610052267,1.475962593537489,-0.5124907103264267,-0.2741344428002606,-0.2715149221930298,-0.0544978416704768,-0.1054751099787656,-0.481912681778188,0,1085546133084963025,TEST
-0.40118011873256,-0.4075216775914153,-0.4183935946485352,-0.4548071348901686,-0.3378076683812179,-0.4406583811973844,-0.2963465410176479,-0.3386466567372986,-0.3509324100615936,-0.387632643670041,-0.3549638210716314,-0.3971142819969125,-0.3732579139364438,-0.3664595109855155,-0.3619954523447453,-0.6484466292680843,-0.4291925214661,-0.4372253724987376,-0.1920223529146078,-0.9241262771572012,-0.2378962583894591,-0.2852659995990053,1.1327025116684717,-0.6775239456463912,0.2838089800499319,-0.2741341207742125,-0.2715120840118628,-0.0545096686124699,-0.1054751099787656,-0.4841466134411829,0,8370284566369271805,TEST
-0.40118011873256,-0.5079938642590249,-0.4496293109643878,-0.4686314183190865,-0.3378076683812179,-0.4676915470807261,-0.2963929877022355,-0.3386466567372986,-0.3509324100615936,-0.5538430523058961,-0.3549638210716314,-0.545372356354676,-0.3732584065549472,-0.3664552539420096,-0.3620028167560174,-0.6484466292680843,-0.4291894154403735,-0.4372272495326662,-0.1920223529146078,-0.9241262771572012,-0.2378962583894591,-0.2852546761750271,-0.4191927610052267,1.475962593537489,-0.599359767458393,-0.2741229572045423,-0.2715149221930298,-0.0544745256991189,-0.1054751099787656,-0.4662053497727551,0,6792609695267291303,TEST
-0.40118011873256,-0.290578640650427,-0.3820372691005755,-0.3805016114589457,-0.3378076683812179,-0.4057610216025252,-0.2945053654114149,-0.3386466567372986,-0.3509324100615936,-0.3146805638615435,-0.3549638210716314,-0.3337617127779564,-0.3732564360809335,-0.3664595109855155,-0.3619917661326278,-0.6484466292680843,-0.4291925214661,-0.4372256406464417,-0.1920223529146078,-0.9241262771572012,-0.2378962583894591,-0.285266674505071,0.5358197144862799,-0.6775239456463912,1.3117594894448674,-0.2741341207742125,-0.2715147448067069,-0.0545096686124699,-0.1054751099787656,-0.4841466134411829,0,2948154413744390382,TEST
-0.40118011873256,-0.5079938642590249,-0.4496293109643878,-0.4686314183190865,-0.3378076683812179,-0.4706406197225452,-0.2963929877022355,-0.3386466567372986,-0.3509324100615936,-0.5809180509977097,-0.3549638210716314,-0.5649659344636314,-0.3732608285959224,-0.3664596337848474,-0.3620028167560174,-0.6484466292680843,-0.429192611062996,-0.4372290073898375,-0.1920223529146078,0.90342218917247,-0.2378962583894591,-0.2852679493276381,-0.6579458798781034,1.475962593537489,-0.599359767458393,-0.2741344428002606,-0.2715149221930298,-0.054494462544193,-0.1054751099787656,-0.4208984232326397,0,15508384312669765716,TEST
-0.40118011873256,-0.5079938642590249,-0.4496293109643878,-0.4686314183190865,-0.3378074890106277,-0.4460650143740527,-0.2963929877022355,-0.3386466567372986,-0.3509324100615936,-0.4189308793257164,-0.3549638210716314,-0.4016861168890022,-0.3732625117091424,-0.3664593472530729,-0.3620025997559415,-0.6484466292680843,-0.4291920137503562,-0.437229841627139,-0.1920223529146078,0.90342218917247,-0.2378962583894591,-0.2852783728768637,1.331663444062535,-0.6775239456463912,-0.599359767458393,-0.2741342638969005,-0.2715149221930298,-0.0545103444377266,-0.1054751099787656,-0.4841466134411829,0,3439545459716259957,TEST
-0.40118011873256,-0.1192817978072892,-0.3287829330866629,-0.3027400171704935,-0.3378076683812179,-0.3546437624776609,-0.2897046651216116,-0.3386466567372986,-0.3509324100615936,-0.1266597396128386,-0.3549638210716314,-0.1704818952033271,-0.3732549992769652,-0.3664595109855155,-0.3619892215811893,-0.6484466292680843,-0.4291925214661,-0.4372245978498146,-0.1920223529146078,-0.9241262771572012,-0.2378962583894591,-0.2852640498703739,1.0929103251896586,-0.6775239456463912,2.817489813065618,-0.2741341207742125,-0.2715147448067069,-0.0545096686124699,-0.1054751099787656,-0.4841466134411829,0,659485523058098361,TEST
-0.40118011873256,-0.4091687626187532,-0.4189056555717458,-0.4548071348901686,-0.3378076683812179,-0.4411498933043543,-0.2963465410176479,-0.3386466567372986,-0.3509324100615936,-0.391393060155015,-0.3549638210716314,-0.4003798783484051,-0.3732570518540628,-0.3664595109855155,-0.3619928566546726,-0.6484466292680843,-0.4291925214661,-0.4372260875592818,-0.1920223529146078,-0.9241262771572012,-0.2378962583894591,-0.2852677993485119,1.0929103251896586,-0.6775239456463912,0.2693308038612708,-0.2741341207742125,-0.2715147448067069,-0.0545096686124699,-0.1054751099787656,-0.4841466134411829,0,2094685658787217629,TEST
-0.40118011873256,-0.3778741470993337,-0.4091764980307426,-0.4280225857505837,-0.3378076683812179,-0.4318111632719272,-0.2959922036153052,-0.3386466567372986,-0.3509324100615936,-0.3898888935610254,-0.3549638210716314,-0.3990736398078081,-0.3732527824936998,-0.3664595928517367,-0.3619851502988895,-0.6484466292680843,-0.429192581197364,-0.4372231081403475,-0.1920223529146078,-0.9241262771572012,-0.2378962583894591,-0.2852603003922351,0.6154040874439054,-0.6775239456463912,0.5444161514458311,-0.2741343354582446,-0.2715148630642555,-0.0545103444377266,-0.1054751099787656,-0.4841466134411829,0,7572067939009036376,TEST
-0.40118011873256,-0.422345442837456,-0.4230021429574315,-0.4548071348901686,-0.3378076683812179,-0.4450819901601131,-0.2963465410176479,-0.3386466567372986,-0.3509324100615936,-0.4214763920348078,-0.3549638210716314,-0.4265046491603458,-0.373256846596353,-0.3664594700524048,-0.3619925293053889,-0.6484466292680843,-0.429192491600468,-0.4372259087941458,-0.1920223529146078,0.90342218917247,-0.2378962583894591,-0.2852673494111352,0.7745728333591564,-0.6775239456463912,0.1535053943519823,-0.2741340134321964,-0.2715147448067069,-0.0545096686124699,-0.1054751099787656,-0.4841466134411829,0,12163802498776694898,TEST
-0.40118011873256,-0.5079938642590249,-0.4496293109643878,-0.4441805820546621,-0.3378073739796201,-0.4554037444064799,-0.2962476906192643,-0.3386466567372986,-0.3509324100615936,-0.5498319413986182,-0.3549638210716314,-0.5396575627395639,-0.3732626348637682,-0.3664594700524048,-0.3620024605930089,-0.6484466292680843,-0.429192491600468,-0.4372303183341686,-0.1920223529146078,0.90342218917247,-0.2378962583894591,-0.285278297887301,-0.6579458798781034,1.475962593537489,-0.599359767458393,-0.2741342281162285,-0.2715149221930298,-0.054510682350355,-0.1054751099787656,-0.4799579915730674,0,10468070615587225815,TEST
-0.40118011873256,-0.5079938642590249,-0.4496293109643878,-0.4686314183190865,-0.3378076683812179,-0.4706406197225452,-0.2963929877022355,-0.3386466567372986,-0.3509324100615936,-0.5809180509977097,-0.3549638210716314,-0.5649659344636314,-0.3732626759153102,-0.3664595109855155,-0.3620028167560174,-0.6484466292680843,-0.4291925214661,-0.4372303481283579,-0.1920223529146078,-0.9241262771572012,-0.2378962583894591,-0.2852780729186127,-0.6579458798781034,1.475962593537489,-0.599359767458393,-0.2741341207742125,-0.2715149221930298,-0.0545096686124699,-0.1054751099787656,-0.4754901282470776,0,15873444851147210944,TEST
-0.40118011873256,-0.5079938642590249,-0.4496293109643878,-0.4686314183190865,-0.3378076683812179,-0.4706406197225452,-0.2963929877022355,-0.3386466567372986,-0.3509324100615936,-0.5809180509977097,-0.3549638210716314,-0.5649659344636314,-0.3732570108025209,-0.3664596337848474,-0.3620028167560174,-0.6484466292680843,-0.429192611062996,-0.4372262365302286,-0.1920223529146078,0.90342218917247,-0.2378962583894591,-0.2852470272396241,-0.6579458798781034,1.475962593537489,-0.599359767458393,-0.2741344428002606,-0.2715149221930298,-0.0544630366697541,-0.1054751099787656,-0.4588054511390845,0,7623988293224366087,TEST
-0.40118011873256,-0.4981113540949978,-0.4465569454251236,-0.4686314183190865,-0.3378076683812179,-0.4676915470807261,-0.2963929877022355,-0.3386466567372986,-0.3509324100615936,-0.5538430523058961,-0.3549638210716314,-0.545372356354676,-0.3732595970496638,-0.3664596337848474,-0.3620028167560174,-0.6484466292680843,-0.429192611062996,-0.4372281135641572,-0.1920223529146078,-0.9241262771572012,-0.2378962583894591,-0.2852612002669885,-0.4191927610052267,1.475962593537489,-0.5124907103264267,-0.2741344428002606,-0.2715149221930298,-0.0544843251653417,-0.1054751099787656,-0.420339940316891,0,3492594118871351361,TEST
-0.40118011873256,-0.4981113540949978,-0.4465569454251236,-0.4686314183190865,-0.3378076683812179,-0.4676915470807261,-0.2963929877022355,-0.3386466567372986,-0.3509324100615936,-0.5538430523058961,-0.3549638210716314,-0.545372356354676,-0.3732595970496638,-0.3664596337848474,-0.3620028167560174,-0.6484466292680843,-0.429192611062996,-0.4372281135641572,-0.1920223529146078,-0.9241262771572012,-0.2378962583894591,-0.2852612002669885,-0.4191927610052267,1.475962593537489,-0.5124907103264267,-0.2741344428002606,-0.2715149221930298,-0.0544843251653417,-0.1054751099787656,-0.420339940316891,0,3492594118871351361,TEST
-0.40118011873256,-0.5079938642590249,-0.4496293109643878,-0.4268283756734577,-0.3378015595480635,-0.4445904780531432,-0.2959682847822917,-0.3386466567372986,-0.3509324100615936,-0.5277708313333812,-0.3549638210716314,-0.5216967828063547,-0.3732574213179404,-0.3664542715473544,-0.3619954263735913,-0.6484466292680843,-0.4291872651148704,-0.4372251043510335,-0.1920223529146078,-0.9241262771572012,-0.2378962583894591,-0.2852586131270727,-0.6579458798781034,1.475962593537489,-0.599359767458393,-0.2741248356898233,-0.2715149221930298,-0.054494462544193,-0.1054751099787656,-0.4663449705016922,0,10115679708447113444,TEST
-0.40118011873256,-0.5079938642590249,-0.4496293109643878,-0.4686314183190865,-0.3378076683812179,-0.4676915470807261,-0.2963929877022355,-0.3386466567372986,-0.3509324100615936,-0.5538430523058961,-0.3549638210716314,-0.545372356354676,-0.3732584065549472,-0.3664552539420096,-0.3620028167560174,-0.6484466292680843,-0.4291894154403735,-0.4372272495326662,-0.1920223529146078,-0.9241262771572012,-0.2378962583894591,-0.2852546761750271,-0.4191927610052267,1.475962593537489,-0.599359767458393,-0.2741229572045423,-0.2715149221930298,-0.0544745256991189,-0.1054751099787656,-0.4662053497727551,0,6792609695267291303,TEST
-0.40118011873256,-0.4141100177007668,-0.420441838341378,-0.4548071348901686,-0.3378076683812179,-0.4426244296252638,-0.2963465410176479,-0.3386466567372986,-0.3509324100615936,-0.4026743096099374,-0.3549638210716314,-0.4101766674028829,-0.3732582423487794,-0.3664594700524048,-0.3619960445838742,-0.6484466292680843,-0.429192491600468,-0.437225581058063,-0.1920223529146078,-0.9241262771572012,-0.2378962583894591,-0.2852665245259462,0.9735337657532204,-0.6775239456463912,0.2258962752952876,-0.2741340134321964,-0.2715120840118628,-0.0545093306998415,-0.1054751099787656,-0.4841466134411829,0,12047297765991645397,TEST
-0.40118011873256,-0.4981113540949978,-0.4465569454251236,-0.4686314183190865,-0.3378076683812179,-0.4676915470807261,-0.2963929877022355,-0.3386466567372986,-0.3509324100615936,-0.5538430523058961,-0.3549638210716314,-0.545372356354676,-0.3732612391113419,-0.3664596337848474,-0.3620028167560174,-0.6484466292680843,-0.429192611062996,-0.4372293053317309,-0.1920223529146078,-0.9241262771572012,-0.2378962583894591,-0.2852701990145214,-0.4191927610052267,1.475962593537489,-0.5124907103264267,-0.2741344428002606,-0.2715149221930298,-0.0544978416704768,-0.1054751099787656,-0.481912681778188,0,1085546133084963025,TEST
-0.40118011873256,-0.5079938642590249,-0.4496293109643878,-0.4686314183190865,-0.3378076683812179,-0.4676915470807261,-0.2963929877022355,-0.3386466567372986,-0.3509324100615936,-0.5538430523058961,-0.3549638210716314,-0.545372356354676,-0.3732584065549472,-0.3664552539420096,-0.3620028167560174,-0.6484466292680843,-0.4291894154403735,-0.4372272495326662,-0.1920223529146078,-0.9241262771572012,-0.2378962583894591,-0.2852546761750271,-0.4191927610052267,1.475962593537489,-0.599359767458393,-0.2741229572045423,-0.2715149221930298,-0.0544745256991189,-0.1054751099787656,-0.4662053497727551,0,6792609695267291303,TEST
-0.40118011873256,-0.5079938642590249,-0.4496293109643878,-0.4686314183190865,-0.3378076683812179,-0.4706406197225452,-0.2963929877022355,-0.3386466567372986,-0.3509324100615936,-0.5809180509977097,-0.3549638210716314,-0.5649659344636314,-0.3732607875443804,-0.3664596337848474,-0.3620028167560174,-0.6484466292680843,-0.429192611062996,-0.4372289775956481,-0.1920223529146078,0.90342218917247,-0.2378962583894591,-0.2852677243589498,-0.6579458798781034,1.475962593537489,-0.599359767458393,-0.2741344428002606,-0.2715149221930298,-0.0544941246315646,-0.1054751099787656,-0.4753505075181405,0,16782952135519240414,TEST
-0.40118011873256,-0.4701109086302541,-0.4378519097305417,-0.4686314183190865,-0.3378076683812179,-0.4593358412622387,-0.2963929877022355,-0.3386466567372986,-0.3509324100615936,-0.4944284718433053,-0.3549638210716314,-0.489857218379302,-0.3732559434624301,-0.3664595928517367,-0.3619907844980565,-0.6484466292680843,-0.429192581197364,-0.4372253724987376,-0.1920223529146078,0.90342218917247,-0.2378962583894591,-0.2852659995990053,0.2572744091345904,-0.6775239456463912,-0.2663617151191885,-0.2741343354582446,-0.2715148039354812,-0.0545103444377266,-0.1054751099787656,-0.4841466134411829,0,5630409114468221105,TEST
-0.40118011873256,-0.5079938642590249,-0.4496293109643878,-0.4686314183190865,-0.3378076683812179,-0.4706406197225452,-0.2963929877022355,-0.3386466567372986,-0.3509324100615936,-0.5809180509977097,-0.3549638210716314,-0.5649659344636314,-0.373222855919617,-0.3664198058682011,-0.3620028167560174,-0.6484466292680843,-0.4291635518030735,-0.4372014477646949,-0.1920223529146078,0.90342218917247,-0.2378962583894591,-0.2850598532909394,-0.6579458798781034,1.475962593537489,-0.599359767458393,-0.2740299990186347,-0.2715149221930298,-0.054181893362946,-0.1054751099787656,-0.4665544015950981,1,1497845503681495151,TEST
-0.40118011873256,-0.5079938642590249,-0.4496293109643878,-0.4686314183190865,-0.3378076683812179,-0.4676915470807261,-0.2963929877022355,-0.3386466567372986,-0.3509324100615936,-0.5538430523058961,-0.3549638210716314,-0.545372356354676,-0.3732584065549472,-0.3664552539420096,-0.3620028167560174,-0.6484466292680843,-0.4291894154403735,-0.4372272495326662,-0.1920223529146078,-0.9241262771572012,-0.2378962583894591,-0.2852546761750271,-0.4191927610052267,1.475962593537489,-0.599359767458393,-0.2741229572045423,-0.2715149221930298,-0.0544745256991189,-0.1054751099787656,-0.4662053497727551,0,6792609695267291303,TEST
-0.40118011873256,-0.5079938642590249,-0.4496293109643878,-0.4686314183190865,-0.3378076683812179,-0.4676915470807261,-0.2963929877022355,-0.3386466567372986,-0.3509324100615936,-0.5538430523058961,-0.3549638210716314,-0.545372356354676,-0.3728461669706676,-0.3660442036450298,-0.3620028167560174,-0.6484466292680843,-0.4288895047639685,-0.4369280562832804,-0.1920223529146078,-0.9241262771572012,-0.2378962583894591,-0.2829955406068879,-0.4191927610052267,1.475962593537489,-0.599359767458393,-0.2730450286792715,-0.2715149221930298,-0.0510812070849759,-0.1054751099787656,-0.4663449705016922,0,16853459580313796765,TEST
-0.40118011873256,-0.5079938642590249,-0.4496293109643878,-0.4686314183190865,-0.3378076683812179,-0.4676915470807261,-0.2963929877022355,-0.3386466567372986,-0.3509324100615936,-0.5538430523058961,-0.3549638210716314,-0.545372356354676,-0.3732584065549472,-0.3664552539420096,-0.3620028167560174,-0.6484466292680843,-0.4291894154403735,-0.4372272495326662,-0.1920223529146078,-0.9241262771572012,-0.2378962583894591,-0.2852546761750271,-0.4191927610052267,1.475962593537489,-0.599359767458393,-0.2741229572045423,-0.2715149221930298,-0.0544745256991189,-0.1054751099787656,-0.4662053497727551,0,6792609695267291303,TEST
-0.40118011873256,-0.410815847646091,-0.4194177164949565,-0.4548071348901686,-0.3378076683812179,-0.4416414054113241,-0.2963465410176479,-0.3386466567372986,-0.3509324100615936,-0.3951534766399892,-0.3549638210716314,-0.4036454746998977,-0.373256928699437,-0.3664595109855155,-0.3619926747055669,-0.6484466292680843,-0.4291925214661,-0.4372259683825245,-0.1920223529146078,-0.9241262771572012,-0.2378962583894591,-0.2852674993902615,1.053118138710846,-0.6775239456463912,0.2548526276726097,-0.2741341207742125,-0.2715146856779326,-0.0545096686124699,-0.1054751099787656,-0.4841466134411829,0,16980914154959405299,TEST
-0.40118011873256,-0.4981113540949978,-0.4465569454251236,-0.4686314183190865,-0.3378076683812179,-0.4676915470807261,-0.2963929877022355,-0.3386466567372986,-0.3509324100615936,-0.5538430523058961,-0.3549638210716314,-0.545372356354676,-0.3732612391113419,-0.3664596337848474,-0.3620028167560174,-0.6484466292680843,-0.429192611062996,-0.4372293053317309,-0.1920223529146078,-0.9241262771572012,-0.2378962583894591,-0.2852701990145214,-0.4191927610052267,1.475962593537489,-0.5124907103264267,-0.2741344428002606,-0.2715149221930298,-0.0544978416704768,-0.1054751099787656,-0.481912681778188,0,1085546133084963025,TEST
-0.40118011873256,-0.4981113540949978,-0.4465569454251236,-0.465175347461857,-0.3378076683812179,-0.4676915470807261,-0.2963900847844488,-0.3386466567372986,-0.3509324100615936,-0.5673805516518029,-0.3549638210716314,-0.5532097875982582,-0.3732607464928384,-0.3664576280624264,-0.3619992901726583,1.5421469630102351,-0.4291911476470286,-0.4372274580919916,-0.1920223529146078,-0.3149434550473107,-0.2378962583894591,-0.285271248868401,-0.5783615069204778,-0.6775239456463912,-0.5124907103264267,-0.2741291830414737,-0.2715119657543142,-0.0545103444377266,-0.1054751099787656,-0.4125909898608774,0,7737363831643046036,TEST
-0.40118011873256,-0.5079938642590249,-0.4496293109643878,-0.4686314183190865,-0.3378076683812179,-0.4706406197225452,-0.2963929877022355,-0.3386466567372986,-0.3509324100615936,-0.5809180509977097,-0.3549638210716314,-0.5649659344636314,-0.3732607875443804,-0.3664596337848474,-0.3620028167560174,-0.6484466292680843,-0.429192611062996,-0.4372289775956481,-0.1920223529146078,0.90342218917247,-0.2378962583894591,-0.2852677243589498,-0.6579458798781034,1.475962593537489,-0.599359767458393,-0.2741344428002606,-0.2715149221930298,-0.0544941246315646,-0.1054751099787656,-0.137189102032287,0,14381731653621383348,TEST
-0.40118011873256,-0.4981113540949978,-0.4465569454251236,-0.4686314183190865,-0.3378076683812179,-0.4676915470807261,-0.2963929877022355,-0.3386466567372986,-0.3509324100615936,-0.5538430523058961,-0.3549638210716314,-0.545372356354676,-0.3732588991734507,-0.3664596337848474,-0.3620028167560174,-0.6484466292680843,-0.429192611062996,-0.4372276070629383,-0.1920223529146078,-0.9241262771572012,-0.2378962583894591,-0.2852573757992869,-0.4191927610052267,1.475962593537489,-0.5124907103264267,-0.2741344428002606,-0.2715149221930298,-0.0544785806506594,-0.1054751099787656,1.8358612289434928,0,8530256536715788384,TEST
-0.40118011873256,-0.5079938642590249,-0.4496293109643878,-0.4686314183190865,-0.3378074890106277,-0.4460650143740527,-0.2963929877022355,-0.3386466567372986,-0.3509324100615936,-0.4189308793257164,-0.3549638210716314,-0.4016861168890022,-0.3732625117091424,-0.3664593472530729,-0.3620025997559415,-0.6484466292680843,-0.4291920137503562,-0.437229841627139,-0.1920223529146078,0.90342218917247,-0.2378962583894591,-0.2852783728768637,1.331663444062535,-0.6775239456463912,-0.599359767458393,-0.2741342638969005,-0.2715149221930298,-0.0545103444377266,-0.1054751099787656,-0.4841466134411829,0,3439545459716259957,TEST
-0.40118011873256,-0.4981113540949978,-0.4465569454251236,-0.465175347461857,-0.3378076683812179,-0.4676915470807261,-0.2963900847844488,-0.3386466567372986,-0.3509324100615936,-0.5673805516518029,-0.3549638210716314,-0.5532097875982582,-0.3732607875443804,-0.3664576280624264,-0.3619997632942908,1.5421469630102351,-0.4291911476470286,-0.4372283817118613,-0.1920223529146078,-0.3149434550473107,-0.2378962583894591,-0.2852735735448462,-0.5783615069204778,-0.6775239456463912,-0.5124907103264267,-0.2741291830414737,-0.2715148630642555,-0.0545103444377266,-0.1054751099787656,-0.4125909898608774,0,9578959622884163697,TEST
-0.40118011873256,-0.5079938642590249,-0.4496293109643878,-0.4686314183190865,-0.3378076683812179,-0.4706406197225452,-0.2963929877022355,-0.3386466567372986,-0.3509324100615936,-0.5809180509977097,-0.3549638210716314,-0.5649659344636314,-0.3732608285959224,-0.3664596337848474,-0.3620028167560174,-0.6484466292680843,-0.429192611062996,-0.4372290073898375,-0.1920223529146078,0.90342218917247,-0.2378962583894591,-0.2852679493276381,-0.6579458798781034,1.475962593537489,-0.599359767458393,-0.2741344428002606,-0.2715149221930298,-0.054494462544193,-0.1054751099787656,-0.4208984232326397,0,15508384312669765716,TEST
-0.40118011873256,-0.4981113540949978,-0.4465569454251236,-0.4686314183190865,-0.3378076683812179,-0.4676915470807261,-0.2963929877022355,-0.3386466567372986,-0.3509324100615936,-0.5538430523058961,-0.3549638210716314,-0.545372356354676,-0.3732588581219087,-0.3664596337848474,-0.3620028167560174,-0.6484466292680843,-0.429192611062996,-0.437227577268749,-0.1920223529146078,-0.9241262771572012,-0.2378962583894591,-0.2852571508305986,-0.4191927610052267,1.475962593537489,-0.5124907103264267,-0.2741344428002606,-0.2715149221930298,-0.054478242738031,-0.1054751099787656,-0.4601318480639877,0,13751588174306607277,TEST
-0.40118011873256,-0.4981113540949978,-0.4465569454251236,-0.4686314183190865,-0.3378076683812179,-0.4676915470807261,-0.2963929877022355,-0.3386466567372986,-0.3509324100615936,-0.5538430523058961,-0.3549638210716314,-0.545372356354676,-0.3732605822866707,-0.3664596337848474,-0.3620028167560174,-0.6484466292680843,-0.429192611062996,-0.4372288286247014,-0.1920223529146078,-0.9241262771572012,-0.2378962583894591,-0.2852665995155082,-0.4191927610052267,1.475962593537489,-0.5124907103264267,-0.2741344428002606,-0.2715149221930298,-0.0544924350684227,-0.1054751099787656,-0.4818428714137194,0,2645769624765857911,TEST
-0.40118011873256,-0.5079938642590249,-0.4496293109643878,-0.4686314183190865,-0.3378076683812179,-0.4706406197225452,-0.2963929877022355,-0.3386466567372986,-0.3509324100615936,-0.5809180509977097,-0.3549638210716314,-0.5649659344636314,-0.3732576676271921,-0.3664596337848474,-0.3620028167560174,-0.6484466292680843,-0.429192611062996,-0.437226713237258,-0.1920223529146078,0.90342218917247,-0.2378962583894591,-0.2852506267386372,-0.6579458798781034,1.475962593537489,-0.599359767458393,-0.2741344428002606,-0.2715149221930298,-0.0544684432718081,-0.1054751099787656,-0.4758391800694206,0,17825707029813657653,TEST
-0.40118011873256,-0.5079938642590249,-0.4496293109643878,-0.4686314183190865,-0.3378076683812179,-0.4676915470807261,-0.2963929877022355,-0.3386466567372986,-0.3509324100615936,-0.5538430523058961,-0.3549638210716314,-0.545372356354676,-0.3732584065549472,-0.3664552539420096,-0.3620028167560174,-0.6484466292680843,-0.4291894154403735,-0.4372272495326662,-0.1920223529146078,-0.9241262771572012,-0.2378962583894591,-0.2852546761750271,-0.4191927610052267,1.475962593537489,-0.599359767458393,-0.2741229572045423,-0.2715149221930298,-0.0544745256991189,-0.1054751099787656,-0.4662053497727551,0,6792609695267291303,TEST
-0.40118011873256,-0.2197539844748988,-0.3600186494025155,-0.3580371508877428,-0.3378076683812179,-0.3846260010028217,-0.2934203998886249,-0.3386466567372986,-0.3509324100615936,-0.2116451521732532,-0.3549638210716314,-0.2442843727470595,-0.373256066617056,-0.3664595109855155,-0.361992356583364,-0.6484466292680843,-0.4291925214661,-0.4372240317602171,-0.1920223529146078,0.90342218917247,-0.2378962583894591,-0.2852626250686804,1.212286884626097,-0.6775239456463912,1.934321065557293,-0.2741341207742125,-0.2715120840118628,-0.0545096686124699,-0.1054751099787656,-0.4841466134411829,0,11545514427429683326,TEST
-0.40118011873256,-0.4701109086302541,-0.4378519097305417,-0.4686314183190865,-0.3378076683812179,-0.4593358412622387,-0.2963929877022355,-0.3386466567372986,-0.3509324100615936,-0.4944284718433053,-0.3549638210716314,-0.489857218379302,-0.3732559434624301,-0.3664595928517367,-0.3619907844980565,-0.6484466292680843,-0.429192581197364,-0.4372253724987376,-0.1920223529146078,0.90342218917247,-0.2378962583894591,-0.2852659995990053,0.2572744091345904,-0.6775239456463912,-0.2663617151191885,-0.2741343354582446,-0.2715148039354812,-0.0545103444377266,-0.1054751099787656,-0.4841466134411829,0,5630409114468221105,TEST
-0.40118011873256,-0.5079938642590249,-0.4496293109643878,-0.4686314183190865,-0.3378076683812179,-0.4676915470807261,-0.2963929877022355,-0.3386466567372986,-0.3509324100615936,-0.5538430523058961,-0.3549638210716314,-0.545372356354676,-0.3732584065549472,-0.3664552539420096,-0.3620028167560174,-0.6484466292680843,-0.4291894154403735,-0.4372272495326662,-0.1920223529146078,-0.9241262771572012,-0.2378962583894591,-0.2852546761750271,-0.4191927610052267,1.475962593537489,-0.599359767458393,-0.2741229572045423,-0.2715149221930298,-0.0544745256991189,-0.1054751099787656,-0.4662053497727551,0,6792609695267291303,TEST
-0.40118011873256,-0.5079938642590249,-0.4496293109643878,-0.4686314183190865,-0.3378076683812179,-0.4706406197225452,-0.2963929877022355,-0.3386466567372986,-0.3509324100615936,-0.5809180509977097,-0.3549638210716314,-0.5649659344636314,-0.373222855919617,-0.3664198058682011,-0.3620028167560174,-0.6484466292680843,-0.4291635518030735,-0.4372014477646949,-0.1920223529146078,0.90342218917247,-0.2378962583894591,-0.2850598532909394,-0.6579458798781034,1.475962593537489,-0.599359767458393,-0.2740299990186347,-0.2715149221930298,-0.054181893362946,-0.1054751099787656,-0.4665544015950981,1,1497845503681495151,TEST
-0.40118011873256,-0.4981113540949978,-0.4465569454251236,-0.4686314183190865,-0.3378076683812179,-0.4676915470807261,-0.2963929877022355,-0.3386466567372986,-0.3509324100615936,-0.5538430523058961,-0.3549638210716314,-0.545372356354676,-0.3732595970496638,-0.3664596337848474,-0.3620028167560174,-0.6484466292680843,-0.429192611062996,-0.4372281135641572,-0.1920223529146078,-0.9241262771572012,-0.2378962583894591,-0.2852612002669885,-0.4191927610052267,1.475962593537489,-0.5124907103264267,-0.2741344428002606,-0.2715149221930298,-0.0544843251653417,-0.1054751099787656,-0.420339940316891,0,3492594118871351361,TEST
-0.40118011873256,-0.4981113540949978,-0.4465569454251236,-0.465175347461857,-0.3378076683812179,-0.4676915470807261,-0.2963900847844488,-0.3386466567372986,-0.3509324100615936,-0.5673805516518029,-0.3549638210716314,-0.5532097875982582,-0.3732592686373282,-0.3664595109855155,-0.361996818554317,1.5421469630102351,-0.4291925214661,-0.437227666651317,-0.1920223529146078,-0.3149434550473107,-0.2378962583894591,-0.2852717737953396,-0.5783615069204778,-0.6775239456463912,-0.5124907103264267,-0.2741341207742125,-0.2715146856779326,-0.0545096686124699,-0.1054751099787656,-0.4125909898608774,0,16261496183555883026,TEST
-0.40118011873256,-0.5079938642590249,-0.4496293109643878,-0.4686314183190865,-0.3378076683812179,-0.4676915470807261,-0.2963929877022355,-0.3386466567372986,-0.3509324100615936,-0.5538430523058961,-0.3549638210716314,-0.545372356354676,-0.373257790781818,-0.3664546399453501,-0.3620028167560174,-0.6484466292680843,-0.4291889674558937,-0.437226802619826,-0.1920223529146078,-0.9241262771572012,-0.2378962583894591,-0.2852513016447022,-0.4191927610052267,1.475962593537489,-0.599359767458393,-0.2741213470743014,-0.2715149221930298,-0.0544694570096932,-0.1054751099787656,-0.4629242626427313,0,4995554033983553750,TEST
-0.40118011873256,-0.4289337829468075,-0.4250503866502743,-0.4548071348901686,-0.3378076683812179,-0.4470480385879924,-0.2963465410176479,-0.3386466567372986,-0.3509324100615936,-0.4365180579747043,-0.3549638210716314,-0.4395670345663162,-0.3732590633796184,-0.366457668995537,-0.361999690592821,-0.6484466292680843,-0.4291911775126606,-0.4372248659975187,-0.1920223529146078,-0.9241262771572012,-0.2378962583894591,-0.2852647247764396,0.6154040874439054,-0.6775239456463912,0.095592689597338,-0.2741292903834898,-0.2715120840118628,-0.054494462544193,-0.1054751099787656,-0.4841466134411829,0,3745889634849259548,TEST
-0.40118011873256,-0.5079938642590249,-0.4496293109643878,-0.4686314183190865,-0.3378076683812179,-0.4706406197225452,-0.2963929877022355,-0.3386466567372986,-0.3509324100615936,-0.5809180509977097,-0.3549638210716314,-0.5649659344636314,-0.373222855919617,-0.3664198058682011,-0.3620028167560174,-0.6484466292680843,-0.4291635518030735,-0.4372014477646949,-0.1920223529146078,0.90342218917247,-0.2378962583894591,-0.2850598532909394,-0.6579458798781034,1.475962593537489,-0.599359767458393,-0.2740299990186347,-0.2715149221930298,-0.054181893362946,-0.1054751099787656,-0.4665544015950981,1,1497845503681495151,TEST
-0.40118011873256,-0.5079938642590249,-0.4496293109643878,-0.4686314183190865,-0.3378076683812179,-0.4676915470807261,-0.2963929877022355,-0.3386466567372986,-0.3509324100615936,-0.5538430523058961,-0.3549638210716314,-0.545372356354676,-0.3732584065549472,-0.3664552539420096,-0.3620028167560174,-0.6484466292680843,-0.4291894154403735,-0.4372272495326662,-0.1920223529146078,-0.9241262771572012,-0.2378962583894591,-0.2852546761750271,-0.4191927610052267,1.475962593537489,-0.599359767458393,-0.2741229572045423,-0.2715149221930298,-0.0544745256991189,-0.1054751099787656,-0.4662053497727551,0,6792609695267291303,TEST
-0.40118011873256,-0.5079938642590249,-0.4496293109643878,-0.4686314183190865,-0.3378076683812179,-0.4706406197225452,-0.2963929877022355,-0.3386466567372986,-0.3509324100615936,-0.5809180509977097,-0.3549638210716314,-0.5649659344636314,-0.3732607054412965,-0.3664596337848474,-0.3620028167560174,-0.6484466292680843,-0.429192611062996,-0.4372289180072694,-0.1920223529146078,0.90342218917247,-0.2378962583894591,-0.2852672744215732,-0.6579458798781034,1.475962593537489,-0.599359767458393,-0.2741344428002606,-0.2715149221930298,-0.0544934488063079,-0.1054751099787656,-0.4759788007983578,0,12934349058531262553,TEST
-0.40118011873256,-0.5014055241496735,-0.447581067271545,-0.465175347461857,-0.3378000875400747,-0.4686745712946658,-0.2963900847844488,-0.3386466567372986,-0.3509324100615936,-0.5718930514337718,-0.3549638210716314,-0.5571285032200493,-0.3732585297095731,-0.3664552539420096,-0.3619955099870466,-0.6484466292680843,-0.4291892959778455,-0.4372271303559089,-0.1920223529146078,0.90342218917247,-0.2378962583894591,-0.2852704239832097,-0.6579458798781034,1.475962593537489,-0.5414470627037488,-0.2741284853183693,-0.2715149221930298,-0.0545096686124699,-0.1054751099787656,-0.4613884346244223,0,17812161796231266409,TEST
-0.40118011873256,-0.5079938642590249,-0.4496293109643878,-0.4686314183190865,-0.3378076683812179,-0.4706406197225452,-0.2963929877022355,-0.3386466567372986,-0.3509324100615936,-0.5809180509977097,-0.3549638210716314,-0.5649659344636314,-0.3732608285959224,-0.3664596337848474,-0.3620028167560174,-0.6484466292680843,-0.429192611062996,-0.4372290073898375,-0.1920223529146078,0.90342218917247,-0.2378962583894591,-0.2852679493276381,-0.6579458798781034,1.475962593537489,-0.599359767458393,-0.2741344428002606,-0.2715149221930298,-0.054494462544193,-0.1054751099787656,-0.4208984232326397,0,15508384312669765716,TEST
-0.40118011873256,-0.4981113540949978,-0.4465569454251236,-0.4686314183190865,-0.3378076683812179,-0.4676915470807261,-0.2963929877022355,-0.3386466567372986,-0.3509324100615936,-0.5538430523058961,-0.3549638210716314,-0.545372356354676,-0.3732595970496638,-0.3664596337848474,-0.3620028167560174,-0.6484466292680843,-0.429192611062996,-0.4372281135641572,-0.1920223529146078,-0.9241262771572012,-0.2378962583894591,-0.2852612002669885,-0.4191927610052267,1.475962593537489,-0.5124907103264267,-0.2741344428002606,-0.2715149221930298,-0.0544843251653417,-0.1054751099787656,-0.420339940316891,0,3492594118871351361,TEST
-0.40118011873256,-0.5079938642590249,-0.4496293109643878,-0.4686314183190865,-0.3378076683812179,-0.4676915470807261,-0.2963929877022355,-0.3386466567372986,-0.3509324100615936,-0.5538430523058961,-0.3549638210716314,-0.545372356354676,-0.3732584065549472,-0.3664552539420096,-0.3620028167560174,-0.6484466292680843,-0.4291894154403735,-0.4372272495326662,-0.1920223529146078,-0.9241262771572012,-0.2378962583894591,-0.2852546761750271,-0.4191927610052267,1.475962593537489,-0.599359767458393,-0.2741229572045423,-0.2715149221930298,-0.0544745256991189,-0.1054751099787656,-0.4662053497727551,0,6792609695267291303,TEST
-0.40118011873256,-0.5079938642590249,-0.4496293109643878,-0.4686314183190865,-0.3378076683812179,-0.4706406197225452,-0.2963929877022355,-0.3386466567372986,-0.3509324100615936,-0.5809180509977097,-0.3549638210716314,-0.5649659344636314,-0.3732607875443804,-0.3664596337848474,-0.3620028167560174,-0.6484466292680843,-0.429192611062996,-0.4372289775956481,-0.1920223529146078,0.90342218917247,-0.2378962583894591,-0.2852677243589498,-0.6579458798781034,1.475962593537489,-0.599359767458393,-0.2741344428002606,-0.2715149221930298,-0.0544941246315646,-0.1054751099787656,-0.1380966367703787,0,5537762716552265848,TEST
-0.40118011873256,-0.4289337829468075,-0.4250503866502743,-0.4548071348901686,-0.3378076683812179,-0.4470480385879924,-0.2963465410176479,-0.3386466567372986,-0.3509324100615936,-0.4365180579747043,-0.3549638210716314,-0.4395670345663162,-0.3732581191941536,-0.3664594700524048,-0.3619958449921115,-0.6484466292680843,-0.429192491600468,-0.4372254916754949,-0.1920223529146078,0.90342218917247,-0.2378962583894591,-0.2852662995572578,0.6154040874439054,-0.6775239456463912,0.095592689597338,-0.2741340134321964,-0.2715120840118628,-0.0545093306998415,-0.1054751099787656,-0.4841466134411829,0,8562596694476980318,TEST
-0.40118011873256,-0.4981113540949978,-0.4465569454251236,-0.4649883997640792,-0.3378076683812179,-0.4676915470807261,-0.2963897622380282,-0.3386466567372986,-0.3509324100615936,-0.5658763850578132,-0.3549638210716314,-0.554080613293078,-0.3732580370910697,-0.3664596337848474,-0.3620028167560174,1.5421469630102351,-0.429192611062996,-0.4372269813849621,-0.1920223529146078,-0.3149434550473107,-0.2378962583894591,-0.2852526514568322,-0.5783615069204778,-0.6775239456463912,-0.5124907103264267,-0.2741344428002606,-0.2715149221930298,-0.0544714844854635,-0.1054751099787656,-0.4125909898608774,3,14212154446403338436,TEST
-0.40118011873256,-0.4075216775914153,-0.4183935946485352,-0.4548071348901686,-0.3378076683812179,-0.4406583811973844,-0.2963465410176479,-0.3386466567372986,-0.3509324100615936,-0.387632643670041,-0.3549638210716314,-0.3971142819969125,-0.3732579139364438,-0.3664595109855155,-0.3619954523447453,-0.6484466292680843,-0.4291925214661,-0.4372253724987376,-0.1920223529146078,-0.9241262771572012,-0.2378962583894591,-0.2852659995990053,1.1327025116684717,-0.6775239456463912,0.2838089800499319,-0.2741341207742125,-0.2715120840118628,-0.0545096686124699,-0.1054751099787656,-0.4841466134411829,0,8370284566369271805,TEST
-0.40118011873256,-0.5079938642590249,-0.4496293109643878,-0.4441805820546621,-0.3377852938597835,-0.4554037444064799,-0.2962476906192643,-0.3386466567372986,-0.3509324100615936,-0.5498319413986182,-0.3549638210716314,-0.5396575627395639,-0.3732501962465569,-0.3664470673198829,-0.3619757483673706,-0.6484466292680843,-0.4291833527170802,-0.4372212013122295,-0.1920223529146078,-0.9241262771572012,-0.2378962583894591,-0.2852438776779876,-0.6579458798781034,1.475962593537489,-0.599359767458393,-0.2741178047877714,-0.2715149221930298,-0.0545096686124699,-0.1054751099787656,4.000541010385554,0,9430219138086731806,TEST
-0.40118011873256,-0.5079938642590249,-0.4496293109643878,-0.4686314183190865,-0.3378076683812179,-0.4706406197225452,-0.2963929877022355,-0.3386466567372986,-0.3509324100615936,-0.5809180509977097,-0.3549638210716314,-0.5649659344636314,-0.3732570108025209,-0.3664538622162481,-0.3620028167560174,-0.6484466292680843,-0.4291884000088859,-0.4372262365302286,-0.1920223529146078,0.90342218917247,-0.2378962583894591,-0.2852470272396241,-0.6579458798781034,1.475962593537489,-0.599359767458393,-0.2741193075759962,-0.2715149221930298,-0.0544630366697541,-0.1054751099787656,-0.4611091931665479,0,516750434422227158,TEST
-0.40118011873256,-0.5079938642590249,-0.4496293109643878,-0.4686314183190865,-0.3378076683812179,-0.4706406197225452,-0.2963929877022355,-0.3386466567372986,-0.3509324100615936,-0.5809180509977097,-0.3549638210716314,-0.5649659344636314,-0.3732607054412965,-0.3664596337848474,-0.3620028167560174,-0.6484466292680843,-0.429192611062996,-0.4372289180072694,-0.1920223529146078,0.90342218917247,-0.2378962583894591,-0.2852672744215732,-0.6579458798781034,1.475962593537489,-0.599359767458393,-0.2741344428002606,-0.2715149221930298,-0.0544934488063079,-0.1054751099787656,-0.4759788007983578,0,12934349058531262553,TEST
-0.40118011873256,-0.5079938642590249,-0.4496293109643878,-0.4686314183190865,-0.3378076683812179,-0.4706406197225452,-0.2963929877022355,-0.3386466567372986,-0.3509324100615936,-0.5809180509977097,-0.3549638210716314,-0.5649659344636314,-0.3732608285959224,-0.3664596337848474,-0.3620028167560174,-0.6484466292680843,-0.429192611062996,-0.4372290073898375,-0.1920223529146078,0.90342218917247,-0.2378962583894591,-0.2852679493276381,-0.6579458798781034,1.475962593537489,-0.599359767458393,-0.2741344428002606,-0.2715149221930298,-0.054494462544193,-0.1054751099787656,-0.4208984232326397,0,15508384312669765716,TEST
-0.40118011873256,-0.4981113540949978,-0.4465569454251236,-0.4649883997640792,-0.3378076683812179,-0.4676915470807261,-0.2963897622380282,-0.3386466567372986,-0.3509324100615936,-0.5658763850578132,-0.3549638210716314,-0.554080613293078,-0.3732580370910697,-0.3664596337848474,-0.3620028167560174,1.5421469630102351,-0.429192611062996,-0.4372269813849621,-0.1920223529146078,-0.3149434550473107,-0.2378962583894591,-0.2852526514568322,-0.5783615069204778,-0.6775239456463912,-0.5124907103264267,-0.2741344428002606,-0.2715149221930298,-0.0544714844854635,-0.1054751099787656,-0.4125909898608774,3,14212154446403338436,TEST
-0.40118011873256,-0.5079938642590249,-0.4496293109643878,-0.4686314183190865,-0.3378074890106277,-0.4460650143740527,-0.2963929877022355,-0.3386466567372986,-0.3509324100615936,-0.4189308793257164,-0.3549638210716314,-0.4016861168890022,-0.3732625117091424,-0.3664593472530729,-0.3620025997559415,-0.6484466292680843,-0.4291920137503562,-0.437229841627139,-0.1920223529146078,0.90342218917247,-0.2378962583894591,-0.2852783728768637,1.331663444062535,-0.6775239456463912,-0.599359767458393,-0.2741342638969005,-0.2715149221930298,-0.0545103444377266,-0.1054751099787656,-0.4841466134411829,0,3439545459716259957,TEST
-0.40118011873256,-0.4981113540949978,-0.4465569454251236,-0.4686314183190865,-0.3378076683812179,-0.4676915470807261,-0.2963929877022355,-0.3386466567372986,-0.3509324100615936,-0.5538430523058961,-0.3549638210716314,-0.545372356354676,-0.3732609106990063,-0.3664596337848474,-0.3620028167560174,-0.6484466292680843,-0.429192611062996,-0.4372290669782162,-0.1920223529146078,-0.9241262771572012,-0.2378962583894591,-0.2852683992650148,-0.4191927610052267,1.475962593537489,-0.5124907103264267,-0.2741344428002606,-0.2715149221930298,-0.0544951383694497,-0.1054751099787656,-0.4109853514780998,0,10242597751369760923,TEST
-0.40118011873256,-0.5079938642590249,-0.4496293109643878,-0.4686314183190865,-0.3378076683812179,-0.4706406197225452,-0.2963929877022355,-0.3386466567372986,-0.3509324100615936,-0.5809180509977097,-0.3549638210716314,-0.5649659344636314,-0.3732618959360131,-0.3664596337848474,-0.3620028167560174,-0.6484466292680843,-0.429192611062996,-0.4372297820387604,-0.1920223529146078,-0.9241262771572012,-0.2378962583894591,-0.2852737985135345,-0.6579458798781034,1.475962593537489,-0.599359767458393,-0.2741344428002606,-0.2715149221930298,-0.0545032482725308,-0.1054751099787656,-0.4766769044430437,0,14662299357843554344,TEST
-0.40118011873256,-0.5079938642590249,-0.4496293109643878,-0.4686314183190865,-0.3378076683812179,-0.4676915470807261,-0.2963929877022355,-0.3386466567372986,-0.3509324100615936,-0.5538430523058961,-0.3549638210716314,-0.545372356354676,-0.3732620601421809,-0.366458896988856,-0.3620028167560174,-0.6484466292680843,-0.4291920734816202,-0.4372299012155178,-0.1920223529146078,-0.9241262771572012,-0.2378962583894591,-0.2852746983882878,-0.4191927610052267,1.475962593537489,-0.599359767458393,-0.2741325106439716,-0.2715149221930298,-0.0545045999230443,-0.1054751099787656,-0.4662751601372237,0,14360694348866125941,TEST
-0.40118011873256,-0.4981113540949978,-0.4465569454251236,-0.4686314183190865,-0.3378076683812179,-0.4676915470807261,-0.2963929877022355,-0.3386466567372986,-0.3509324100615936,-0.5538430523058961,-0.3549638210716314,-0.545372356354676,-0.3732609517505482,-0.3664596337848474,-0.3620028167560174,-0.6484466292680843,-0.429192611062996,-0.4372290967724055,-0.1920223529146078,-0.9241262771572012,-0.2378962583894591,-0.2852686242337031,-0.4191927610052267,1.475962593537489,-0.5124907103264267,-0.2741344428002606,-0.2715149221930298,-0.0544954762820781,-0.1054751099787656,-0.4639714181097602,0,8146268394037051501,TEST
-0.40118011873256,-0.5079938642590249,-0.4496293109643878,-0.4686314183190865,-0.3378076683812179,-0.4706406197225452,-0.2963929877022355,-0.3386466567372986,-0.3509324100615936,-0.5809180509977097,-0.3549638210716314,-0.5649659344636314,-0.3732609928020902,-0.3664596337848474,-0.3620028167560174,-0.6484466292680843,-0.429192611062996,-0.4372291265665948,-0.1920223529146078,-0.9241262771572012,-0.2378962583894591,-0.2852688492023914,-0.6579458798781034,1.475962593537489,-0.599359767458393,-0.2741344428002606,-0.2715149221930298,-0.0544958141947065,-0.1054751099787656,1.5543858394061347,0,15776308001658503411,TEST
-0.40118011873256,-0.4981113540949978,-0.4465569454251236,-0.465175347461857,-0.3378076683812179,-0.4676915470807261,-0.2963900847844488,-0.3386466567372986,-0.3509324100615936,-0.5673805516518029,-0.3549638210716314,-0.5532097875982582,-0.3732592686373282,-0.3664595109855155,-0.361996818554317,1.5421469630102351,-0.4291925214661,-0.437227666651317,-0.1920223529146078,-0.3149434550473107,-0.2378962583894591,-0.2852717737953396,-0.5783615069204778,-0.6775239456463912,-0.5124907103264267,-0.2741341207742125,-0.2715146856779326,-0.0545096686124699,-0.1054751099787656,-0.4125909898608774,0,16261496183555883026,TEST
-0.40118011873256,-0.5079938642590249,-0.4496293109643878,-0.4686314183190865,-0.3378076683812179,-0.4706406197225452,-0.2963929877022355,-0.3386466567372986,-0.3509324100615936,-0.5809180509977097,-0.3549638210716314,-0.5649659344636314,-0.373222855919617,-0.3664198058682011,-0.3620028167560174,-0.6484466292680843,-0.4291635518030735,-0.4372014477646949,-0.1920223529146078,0.90342218917247,-0.2378962583894591,-0.2850598532909394,-0.6579458798781034,1.475962593537489,-0.599359767458393,-0.2740299990186347,-0.2715149221930298,-0.054181893362946,-0.1054751099787656,-0.4665544015950981,1,1497845503681495151,TEST
-0.40118011873256,-0.4157571027281046,-0.4209538992645887,-0.4548071348901686,-0.3378076683812179,-0.4431159417322337,-0.2963465410176479,-0.3386466567372986,-0.3509324100615936,-0.4064347260949115,-0.3549638210716314,-0.4134422637543755,-0.3732580781426116,-0.3664594700524048,-0.3619957782173834,-0.6484466292680843,-0.429192491600468,-0.4372254618813056,-0.1920223529146078,-0.9241262771572012,-0.2378962583894591,-0.2852662245676935,0.9337415792744076,-0.6775239456463912,0.2114180991066265,-0.2741340134321964,-0.2715120840118628,-0.0545093306998415,-0.1054751099787656,-0.4841466134411829,0,10823106279071809637,TEST
-0.40118011873256,-0.5079938642590249,-0.4496293109643878,-0.4489130019768088,-0.3378075947808184,-0.4554037444064799,-0.2962984916805321,-0.3386466567372986,-0.3509324100615936,-0.5317819422707426,-0.3549638210716314,-0.5249623791578473,-0.3732627169668522,-0.3664595519186261,-0.3620027277152653,-0.6484466292680843,-0.4291925214661,-0.4372303481283579,-0.1920223529146078,-0.9241262771572012,-0.2378962583894591,-0.2852784103716451,-0.4191927610052267,1.475962593537489,-0.599359767458393,-0.2741342817872366,-0.2715149221930298,-0.0545103444377266,-0.1054751099787656,-0.463831797380823,0,9415614897450385426,TEST
-0.40118011873256,-0.5079938642590249,-0.4496293109643878,-0.4349334966888188,-0.3378076683812179,-0.4524546717646608,-0.2961170089210034,-0.3386466567372986,-0.3509324100615936,-0.4696097230424763,-0.3549638210716314,-0.4844145577825957,-0.3732610338536322,-0.3664578736610901,-0.3620028167560174,-0.6484466292680843,-0.4291913268408205,-0.4372291563607842,-0.1920223529146078,0.90342218917247,-0.2378962583894591,-0.2852690741710798,-0.6579458798781034,1.475962593537489,-0.599359767458393,-0.2741298270935701,-0.2715149221930298,-0.0544961521073349,-0.1054751099787656,-0.462645021184857,0,16927526917322834111,TEST
-0.40118011873256,-0.5079938642590249,-0.4496293109643878,-0.4686314183190865,-0.3378076683812179,-0.4676915470807261,-0.2963929877022355,-0.3386466567372986,-0.3509324100615936,-0.5538430523058961,-0.3549638210716314,-0.545372356354676,-0.3732584065549472,-0.3664552539420096,-0.3620028167560174,-0.6484466292680843,-0.4291894154403735,-0.4372272495326662,-0.1920223529146078,-0.9241262771572012,-0.2378962583894591,-0.2852546761750271,-0.4191927610052267,1.475962593537489,-0.599359767458393,-0.2741229572045423,-0.2715149221930298,-0.0544745256991189,-0.1054751099787656,-0.4662053497727551,0,6792609695267291303,TEST
-0.40118011873256,-0.4981113540949978,-0.4465569454251236,-0.4686314183190865,-0.3378076683812179,-0.4676915470807261,-0.2963929877022355,-0.3386466567372986,-0.3509324100615936,-0.5538430523058961,-0.3549638210716314,-0.545372356354676,-0.3732595970496638,-0.3664596337848474,-0.3620028167560174,-0.6484466292680843,-0.429192611062996,-0.4372281135641572,-0.1920223529146078,-0.9241262771572012,-0.2378962583894591,-0.2852612002669885,-0.4191927610052267,1.475962593537489,-0.5124907103264267,-0.2741344428002606,-0.2715149221930298,-0.0544843251653417,-0.1054751099787656,-0.420339940316891,0,3492594118871351361,TEST
-0.40118011873256,-0.5079938642590249,-0.4496293109643878,-0.4686314183190865,-0.3378074890106277,-0.4460650143740527,-0.2963929877022355,-0.3386466567372986,-0.3509324100615936,-0.4189308793257164,-0.3549638210716314,-0.4016861168890022,-0.3732625117091424,-0.3664593472530729,-0.3620025997559415,-0.6484466292680843,-0.4291920137503562,-0.437229841627139,-0.1920223529146078,0.90342218917247,-0.2378962583894591,-0.2852783728768637,1.331663444062535,-0.6775239456463912,-0.599359767458393,-0.2741342638969005,-0.2715149221930298,-0.0545103444377266,-0.1054751099787656,-0.4841466134411829,0,3439545459716259957,TEST
-0.40118011873256,-0.5079938642590249,-0.4496293109643878,-0.4686314183190865,-0.3378076683812179,-0.4706406197225452,-0.2963929877022355,-0.3386466567372986,-0.3509324100615936,-0.5809180509977097,-0.3549638210716314,-0.5649659344636314,-0.3732608285959224,-0.3664596337848474,-0.3620028167560174,-0.6484466292680843,-0.429192611062996,-0.4372290073898375,-0.1920223529146078,0.90342218917247,-0.2378962583894591,-0.2852679493276381,-0.6579458798781034,1.475962593537489,-0.599359767458393,-0.2741344428002606,-0.2715149221930298,-0.054494462544193,-0.1054751099787656,-0.4208984232326397,0,15508384312669765716,TEST
-0.40118011873256,-0.4981113540949978,-0.4465569454251236,-0.4649883997640792,-0.3378076683812179,-0.4676915470807261,-0.2963897622380282,-0.3386466567372986,-0.3509324100615936,-0.5658763850578132,-0.3549638210716314,-0.554080613293078,-0.3732580370910697,-0.3664596337848474,-0.3620028167560174,1.5421469630102351,-0.429192611062996,-0.4372269813849621,-0.1920223529146078,-0.3149434550473107,-0.2378962583894591,-0.2852526514568322,-0.5783615069204778,-0.6775239456463912,-0.5124907103264267,-0.2741344428002606,-0.2715149221930298,-0.0544714844854635,-0.1054751099787656,-0.4125909898608774,3,14212154446403338436,TEST
-0.40118011873256,-0.5079938642590249,-0.4496293109643878,-0.4441805820546621,-0.3378073739796201,-0.4554037444064799,-0.2962476906192643,-0.3386466567372986,-0.3509324100615936,-0.5498319413986182,-0.3549638210716314,-0.5396575627395639,-0.3732626348637682,-0.3664594700524048,-0.3620024605930089,-0.6484466292680843,-0.429192491600468,-0.4372303183341686,-0.1920223529146078,0.90342218917247,-0.2378962583894591,-0.285278297887301,-0.6579458798781034,1.475962593537489,-0.599359767458393,-0.2741342281162285,-0.2715149221930298,-0.054510682350355,-0.1054751099787656,-0.4799579915730674,0,10468070615587225815,TEST
-0.40118011873256,-0.5079938642590249,-0.4496293109643878,-0.4686314183190865,-0.3378076683812179,-0.4676915470807261,-0.2963929877022355,-0.3386466567372986,-0.3509324100615936,-0.5538430523058961,-0.3549638210716314,-0.545372356354676,-0.3732584065549472,-0.3664552539420096,-0.3620028167560174,-0.6484466292680843,-0.4291894154403735,-0.4372272495326662,-0.1920223529146078,-0.9241262771572012,-0.2378962583894591,-0.2852546761750271,-0.4191927610052267,1.475962593537489,-0.599359767458393,-0.2741229572045423,-0.2715149221930298,-0.0544745256991189,-0.1054751099787656,-0.4662053497727551,0,6792609695267291303,TEST
-0.40118011873256,-0.5079938642590249,-0.4496293109643878,-0.4686314183190865,-0.3378076683812179,-0.4706406197225452,-0.2963929877022355,-0.3386466567372986,-0.3509324100615936,-0.5809180509977097,-0.3549638210716314,-0.5649659344636314,-0.3732626759153102,-0.3664595109855155,-0.3620028167560174,-0.6484466292680843,-0.4291925214661,-0.4372303481283579,-0.1920223529146078,-0.9241262771572012,-0.2378962583894591,-0.2852780729186127,-0.6579458798781034,1.475962593537489,-0.599359767458393,-0.2741341207742125,-0.2715149221930298,-0.0545096686124699,-0.1054751099787656,-0.4754901282470776,0,15873444851147210944,TEST
-0.40118011873256,-0.4981113540949978,-0.4465569454251236,-0.4686314183190865,-0.3378076683812179,-0.4676915470807261,-0.2963929877022355,-0.3386466567372986,-0.3509324100615936,-0.5538430523058961,-0.3549638210716314,-0.545372356354676,-0.3732595970496638,-0.3664596337848474,-0.3620028167560174,-0.6484466292680843,-0.429192611062996,-0.4372281135641572,-0.1920223529146078,-0.9241262771572012,-0.2378962583894591,-0.2852612002669885,-0.4191927610052267,1.475962593537489,-0.5124907103264267,-0.2741344428002606,-0.2715149221930298,-0.0544843251653417,-0.1054751099787656,-0.420339940316891,0,3492594118871351361,TEST
-0.40118011873256,-0.5079938642590249,-0.4496293109643878,-0.4686314183190865,-0.3378076683812179,-0.4706406197225452,-0.2963929877022355,-0.3386466567372986,-0.3509324100615936,-0.5809180509977097,-0.3549638210716314,-0.5649659344636314,-0.3732626759153102,-0.3664595109855155,-0.3620028167560174,-0.6484466292680843,-0.4291925214661,-0.4372303481283579,-0.1920223529146078,-0.9241262771572012,-0.2378962583894591,-0.2852780729186127,-0.6579458798781034,1.475962593537489,-0.599359767458393,-0.2741341207742125,-0.2715149221930298,-0.0545096686124699,-0.1054751099787656,-0.4754901282470776,0,15873444851147210944,TEST
-0.40118011873256,-0.4981113540949978,-0.4465569454251236,-0.4686314183190865,-0.3378076683812179,-0.4676915470807261,-0.2963929877022355,-0.3386466567372986,-0.3509324100615936,-0.5538430523058961,-0.3549638210716314,-0.545372356354676,-0.3732605822866707,-0.3664596337848474,-0.3620028167560174,-0.6484466292680843,-0.429192611062996,-0.4372288286247014,-0.1920223529146078,-0.9241262771572012,-0.2378962583894591,-0.2852665995155082,-0.4191927610052267,1.475962593537489,-0.5124907103264267,-0.2741344428002606,-0.2715149221930298,-0.0544924350684227,-0.1054751099787656,-0.4818428714137194,0,2645769624765857911,TEST
-0.40118011873256,-0.4289337829468075,-0.4250503866502743,-0.4548071348901686,-0.3378076683812179,-0.4470480385879924,-0.2963465410176479,-0.3386466567372986,-0.3509324100615936,-0.4365180579747043,-0.3549638210716314,-0.4395670345663162,-0.3732581191941536,-0.3664594700524048,-0.3619958449921115,-0.6484466292680843,-0.429192491600468,-0.4372254916754949,-0.1920223529146078,0.90342218917247,-0.2378962583894591,-0.2852662995572578,0.6154040874439054,-0.6775239456463912,0.095592689597338,-0.2741340134321964,-0.2715120840118628,-0.0545093306998415,-0.1054751099787656,-0.4841466134411829,0,8562596694476980318,TEST
-0.40118011873256,-0.4289337829468075,-0.4250503866502743,-0.4548071348901686,-0.3378076683812179,-0.4470480385879924,-0.2963465410176479,-0.3386466567372986,-0.3509324100615936,-0.4365180579747043,-0.3549638210716314,-0.4395670345663162,-0.3732556561016364,-0.3664594700524048,-0.3619904209955393,-0.6484466292680843,-0.429192491600468,-0.4372250447626548,-0.1920223529146078,-0.9241262771572012,-0.2378962583894591,-0.2852651747138162,0.6154040874439054,-0.6775239456463912,0.095592689597338,-0.2741340134321964,-0.2715147448067069,-0.0545096686124699,-0.1054751099787656,-0.4841466134411829,0,17076862295630414021,TEST
-0.40118011873256,-0.5079938642590249,-0.4496293109643878,-0.4349334966888188,-0.3378076683812179,-0.4524546717646608,-0.2961170089210034,-0.3386466567372986,-0.3509324100615936,-0.4696097230424763,-0.3549638210716314,-0.4844145577825957,-0.3732610338536322,-0.3664578736610901,-0.3620028167560174,-0.6484466292680843,-0.4291913268408205,-0.4372291563607842,-0.1920223529146078,0.90342218917247,-0.2378962583894591,-0.2852690741710798,-0.6579458798781034,1.475962593537489,-0.599359767458393,-0.2741298270935701,-0.2715149221930298,-0.0544961521073349,-0.1054751099787656,-0.462645021184857,0,16927526917322834111,TEST
-0.40118011873256,-0.5079938642590249,-0.4496293109643878,-0.4686314183190865,-0.3378074890106277,-0.4460650143740527,-0.2963929877022355,-0.3386466567372986,-0.3509324100615936,-0.4189308793257164,-0.3549638210716314,-0.4016861168890022,-0.3732625117091424,-0.3664593472530729,-0.3620025997559415,-0.6484466292680843,-0.4291920137503562,-0.437229841627139,-0.1920223529146078,0.90342218917247,-0.2378962583894591,-0.2852783728768637,1.331663444062535,-0.6775239456463912,-0.599359767458393,-0.2741342638969005,-0.2715149221930298,-0.0545103444377266,-0.1054751099787656,-0.4841466134411829,0,3439545459716259957,TEST
-0.40118011873256,-0.5079938642590249,-0.4496293109643878,-0.3001418101677477,-0.3378076683812179,-0.3644740046170578,-0.2894935181729455,-0.3386466567372986,-0.3509324100615936,0.1155110820194932,-0.3549638210716314,-0.0609755643254623,-0.3732627580183941,-0.3664595928517367,-0.3620028167560174,-0.6484466292680843,-0.429192581197364,-0.4372304077167366,-0.1920223529146078,-0.9241262771572012,-0.2378962583894591,-0.2852785228559893,0.5756119009650926,1.475962593537489,-0.599359767458393,-0.2741343354582446,-0.2715149221930298,-0.0545103444377266,-0.1054751099787656,-0.4675317466976583,0,7054729199645229301,TEST
-0.40118011873256,-0.4981113540949978,-0.4465569454251236,-0.465175347461857,-0.3378076683812179,-0.4676915470807261,-0.2963900847844488,-0.3386466567372986,-0.3509324100615936,-0.5673805516518029,-0.3549638210716314,-0.5532097875982582,-0.3732607875443804,-0.3664576280624264,-0.3619997632942908,1.5421469630102351,-0.4291911476470286,-0.4372283817118613,-0.1920223529146078,-0.3149434550473107,-0.2378962583894591,-0.2852735735448462,-0.5783615069204778,-0.6775239456463912,-0.5124907103264267,-0.2741291830414737,-0.2715148630642555,-0.0545103444377266,-0.1054751099787656,-0.4125909898608774,0,9578959622884163697,TEST
-0.40118011873256,-0.5079938642590249,-0.4496293109643878,-0.4686314183190865,-0.3378076683812179,-0.4706406197225452,-0.2963929877022355,-0.3386466567372986,-0.3509324100615936,-0.5809180509977097,-0.3549638210716314,-0.5649659344636314,-0.3732607875443804,-0.3664596337848474,-0.3620028167560174,-0.6484466292680843,-0.429192611062996,-0.4372289775956481,-0.1920223529146078,0.90342218917247,-0.2378962583894591,-0.2852677243589498,-0.6579458798781034,1.475962593537489,-0.599359767458393,-0.2741344428002606,-0.2715149221930298,-0.0544941246315646,-0.1054751099787656,-0.137189102032287,0,14381731653621383348,TEST
-0.40118011873256,-0.4289337829468075,-0.4250503866502743,-0.4548071348901686,-0.3378076683812179,-0.4470480385879924,-0.2963465410176479,-0.3386466567372986,-0.3509324100615936,-0.4365180579747043,-0.3549638210716314,-0.4395670345663162,-0.3732589402249926,-0.3664576280624264,-0.3619995451898827,-0.6484466292680843,-0.4291911476470286,-0.437224717026572,-0.1920223529146078,2.121787833392251,-0.2378962583894591,-0.285264349828625,0.6154040874439054,-0.6775239456463912,0.095592689597338,-0.2741291830414737,-0.2715120248830885,-0.0544941246315646,-0.1054751099787656,-0.4841466134411829,0,6528262384352755778,TEST
-0.40118011873256,-0.5079938642590249,-0.4496293109643878,-0.4686314183190865,-0.3378074890106277,-0.4460650143740527,-0.2963929877022355,-0.3386466567372986,-0.3509324100615936,-0.4189308793257164,-0.3549638210716314,-0.4016861168890022,-0.3732625117091424,-0.3664593472530729,-0.3620025997559415,-0.6484466292680843,-0.4291920137503562,-0.437229841627139,-0.1920223529146078,0.90342218917247,-0.2378962583894591,-0.2852783728768637,1.331663444062535,-0.6775239456463912,-0.599359767458393,-0.2741342638969005,-0.2715149221930298,-0.0545103444377266,-0.1054751099787656,-0.4841466134411829,0,3439545459716259957,TEST
-0.40118011873256,-0.4981113540949978,-0.4465569454251236,-0.465175347461857,-0.3378076683812179,-0.4676915470807261,-0.2963900847844488,-0.3386466567372986,-0.3509324100615936,-0.5673805516518029,-0.3549638210716314,-0.5532097875982582,-0.3732592686373282,-0.3664595109855155,-0.361996818554317,1.5421469630102351,-0.4291925214661,-0.437227666651317,-0.1920223529146078,-0.3149434550473107,-0.2378962583894591,-0.2852717737953396,-0.5783615069204778,-0.6775239456463912,-0.5124907103264267,-0.2741341207742125,-0.2715146856779326,-0.0545096686124699,-0.1054751099787656,-0.4125909898608774,0,16261496183555883026,TEST
-0.40118011873256,-0.5079938642590249,-0.4496293109643878,-0.4686314183190865,-0.3378074890106277,-0.4460650143740527,-0.2963929877022355,-0.3386466567372986,-0.3509324100615936,-0.4189308793257164,-0.3549638210716314,-0.4016861168890022,-0.3732625117091424,-0.3664593472530729,-0.3620025997559415,-0.6484466292680843,-0.4291920137503562,-0.437229841627139,-0.1920223529146078,0.90342218917247,-0.2378962583894591,-0.2852783728768637,1.331663444062535,-0.6775239456463912,-0.599359767458393,-0.2741342638969005,-0.2715149221930298,-0.0545103444377266,-0.1054751099787656,-0.4841466134411829,0,3439545459716259957,TEST
-0.40118011873256,-0.5079938642590249,-0.4496293109643878,-0.4686314183190865,-0.3378076683812179,-0.4676915470807261,-0.2963929877022355,-0.3386466567372986,-0.3509324100615936,-0.5538430523058961,-0.3549638210716314,-0.545372356354676,-0.3732584065549472,-0.3664552539420096,-0.3620028167560174,-0.6484466292680843,-0.4291894154403735,-0.4372272495326662,-0.1920223529146078,-0.9241262771572012,-0.2378962583894591,-0.2852546761750271,-0.4191927610052267,1.475962593537489,-0.599359767458393,-0.2741229572045423,-0.2715149221930298,-0.0544745256991189,-0.1054751099787656,-0.4662053497727551,0,6792609695267291303,TEST
-0.40118011873256,-0.4701109086302541,-0.4378519097305417,-0.4686314183190865,-0.3378076683812179,-0.4593358412622387,-0.2963929877022355,-0.3386466567372986,-0.3509324100615936,-0.4944284718433053,-0.3549638210716314,-0.489857218379302,-0.3732561487201399,-0.3664595928517367,-0.3619923742837679,-0.6484466292680843,-0.429192581197364,-0.4372241807311638,-0.1920223529146078,0.90342218917247,-0.2378962583894591,-0.285263000016495,0.2572744091345904,-0.6775239456463912,-0.2663617151191885,-0.2741343354582446,-0.2715121431406371,-0.0545103444377266,-0.1054751099787656,-0.4841466134411829,0,8661695051829477467,TEST
-0.40118011873256,-0.3251674262245221,-0.3927905484880002,-0.4139861400018652,-0.3378076683812179,-0.416082775848892,-0.2956672582555532,-0.3386466567372986,-0.3509324100615936,-0.2605305664779165,-0.3549638210716314,-0.3331085935076579,-0.3722916427419832,-0.3664596337848474,-0.3620028167560174,-0.6484466292680843,-0.429192611062996,-0.4365255963736306,-0.1920223529146078,0.90342218917247,-0.2378962583894591,-0.2799566635650213,1.371455630541348,-0.6775239456463912,1.007717789482985,-0.2741344428002606,-0.2715149221930298,-0.0465166833008847,-0.1054751099787656,-0.4841466134411829,0,3523387789304266994,TEST
-0.40118011873256,-0.5079938642590249,-0.4496293109643878,-0.4686314183190865,-0.3378076683812179,-0.4706406197225452,-0.2963929877022355,-0.3386466567372986,-0.3509324100615936,-0.5809180509977097,-0.3549638210716314,-0.5649659344636314,-0.3732606643897546,-0.3664596337848474,-0.3620028167560174,-0.6484466292680843,-0.429192611062996,-0.4372288882130801,-0.1920223529146078,0.90342218917247,-0.2378962583894591,-0.2852670494528848,-0.6579458798781034,1.475962593537489,-0.599359767458393,-0.2741344428002606,-0.2715149221930298,-0.0544931108936795,-0.1054751099787656,-0.4558734158314036,0,8895906479142600935,TEST
-0.40118011873256,-0.3729328920173201,-0.4076403152611105,-0.4262945503140816,-0.3378076683812179,-0.4303366269510176,-0.2959573686018645,-0.3386466567372986,-0.3509324100615936,-0.3831201438880721,-0.3549638210716314,-0.3931955663751215,-0.3732549171738814,-0.3664595928517367,-0.3619889307753125,-0.6484466292680843,-0.429192581197364,-0.4372246574381933,-0.1920223529146078,-0.9241262771572012,-0.2378962583894591,-0.2852641998494987,0.6551962739227182,-0.6775239456463912,0.5878506800118143,-0.2741343354582446,-0.2715148630642555,-0.0545103444377266,-0.1054751099787656,-0.4841466134411829,0,16106803596795576357,TEST
-0.40118011873256,-0.5079938642590249,-0.4496293109643878,-0.4686314183190865,-0.3378076683812179,-0.4706406197225452,-0.2963929877022355,-0.3386466567372986,-0.3509324100615936,-0.5809180509977097,-0.3549638210716314,-0.5649659344636314,-0.3732494573188017,-0.3664463305238916,-0.3620028167560174,-0.6484466292680843,-0.4291829047326004,-0.4372207543993894,-0.1920223529146078,0.90342218917247,-0.2378962583894591,-0.2852056330009727,-0.6579458798781034,1.475962593537489,-0.599359767458393,-0.2740995566450412,-0.2715149221930298,-0.0544008607461331,-0.1054751099787656,-0.4752806971536719,0,12911829287618740308,TEST
